rank,eligible_rank,subset,n_models,calibration,w_a,w_p,w_s,t_a,t_p,temp_at_edge,f1_a,f1_p,auc,oof_ov,sn_spread,sn_buckets,spread_penalised_score,file
1,,v11+v11_aug+v11plus+v12_5f+v16_avg3,5,THR,"0.088,0.229,0.123,0.308,0.252","0.188,0.114,0.067,0.205,0.426","0.007,0.016,0.037,0.797,0.143",0.5,0.5,True,0.4164394886733778,0.23918981189112412,0.6103143921629306,0.3843145986583869,0.09214938906235776,SN=2=0.2816;SN=3-4=0.3551;SN=5-8=0.3738;SN=9-12=0.3546;SN>=13=0.3463,0.3843145986583869,
2,,v11_aug+v11plus+v13+v14_recvhand+v16_avg3,5,THR,"0.234,0.188,0.212,0.049,0.317","0.078,0.149,0.090,0.311,0.373","0.007,0.022,0.485,0.229,0.257",0.5,0.5,True,0.4156829047148047,0.23776837293703248,0.6133560169289457,0.38405171444652403,0.09183936596659475,SN=2=0.2811;SN=3-4=0.3576;SN=5-8=0.3729;SN=9-12=0.3539;SN>=13=0.3466,0.38405171444652403,
3,,v11_aug+v11plus+v14_recvhand+v16_avg3,4,THR,"0.221,0.220,0.217,0.342","0.055,0.140,0.414,0.392","0.026,0.006,0.526,0.441",0.5,0.5,True,0.41527398976714924,0.23795791661758017,0.6127053010641024,0.38383382276671224,0.09185700837100141,SN=2=0.2810;SN=3-4=0.3565;SN=5-8=0.3728;SN=9-12=0.3536;SN>=13=0.3459,0.38383382276671224,
4,,v11+v11plus+v12_5f+v14_recvhand+v16_avg3,5,THR,"0.192,0.192,0.120,0.213,0.283","0.138,0.097,0.084,0.232,0.448","0.019,0.007,0.110,0.554,0.310",0.5,0.5,True,0.4145628990355644,0.23840903861479207,0.6130659854437875,0.3838019721489001,0.09148059232135558,SN=2=0.2805;SN=3-4=0.3564;SN=5-8=0.3720;SN=9-12=0.3535;SN>=13=0.3488,0.3838019721489001,
5,,v11+v11_aug+v11plus+v14_seed2+v16_testhist_aug,5,THR,"0.057,0.166,0.207,0.253,0.316","0.187,0.115,0.074,0.412,0.213","0.047,0.012,0.024,0.282,0.636",0.5,0.5,True,0.41529292646428334,0.23843312484173707,0.6109922604486681,0.3836888726121418,0.08969275743587918,SN=2=0.2815;SN=3-4=0.3558;SN=5-8=0.3712;SN=9-12=0.3522;SN>=13=0.3474,0.3836888726121418,
6,,v11_aug+v11plus+v12_5f+v14_recvhand+v16_testhist_aug,5,THR,"0.180,0.209,0.224,0.091,0.296","0.117,0.078,0.152,0.273,0.380","0.012,0.010,0.297,0.478,0.203",0.5,0.5,True,0.41563635941533267,0.23683080399207154,0.6128014430266253,0.38354715396828676,0.09236274935193223,SN=2=0.2801;SN=3-4=0.3555;SN=5-8=0.3725;SN=9-12=0.3530;SN>=13=0.3507,0.38354715396828676,
7,,v11+v12_5f+v13+v16_testhist_aug,4,THR,"0.307,0.129,0.220,0.344","0.403,0.168,0.176,0.253","0.020,0.160,0.500,0.321",0.5,0.5,True,0.41209828512573893,0.23930116505553736,0.6130527438015947,0.38317032883282953,0.08754653687532127,SN=2=0.2837;SN=3-4=0.3539;SN=5-8=0.3713;SN=9-12=0.3553;SN>=13=0.3472,0.38317032883282953,
8,,v11_aug+v11plus+v13+v16_avg3,4,THR,"0.200,0.221,0.322,0.257","0.064,0.119,0.302,0.516","0.007,0.005,0.392,0.596",0.5,0.5,True,0.4150438692804881,0.23621082654402387,0.6132584855387043,0.38315357543754563,0.09167517033016714,SN=2=0.2801;SN=3-4=0.3591;SN=5-8=0.3718;SN=9-12=0.3536;SN>=13=0.3464,0.38315357543754563,
9,,v11+v11plus+v14_seed2+v16_avg3,4,THR,"0.151,0.231,0.265,0.353","0.267,0.069,0.273,0.391","0.065,0.004,0.531,0.400",0.5,0.5,True,0.41396404386570224,0.23762274888450188,0.6118637633086054,0.3830074697618028,0.0929140460384354,SN=2=0.2803;SN=3-4=0.3571;SN=5-8=0.3732;SN=9-12=0.3509;SN>=13=0.3458,0.38294601951682916,
10,,v11+v11plus+v13+v14_recvhand+v16_testhist_aug,5,THR,"0.207,0.176,0.143,0.221,0.253","0.302,0.089,0.047,0.224,0.337","0.035,0.010,0.454,0.254,0.247",0.5,0.5,True,0.4148725764778787,0.23747121578085967,0.6133480557721436,0.3836071280579241,0.09414185189591495,SN=2=0.2791;SN=3-4=0.3574;SN=5-8=0.3733;SN=9-12=0.3553;SN>=13=0.3505,0.38293177488421065,
11,,v11_aug+v11plus+v14_seed2+v16_avg3,4,THR,"0.286,0.186,0.259,0.268","0.193,0.148,0.498,0.162","0.017,0.022,0.281,0.680",0.5,0.5,True,0.4148512685409956,0.23695316989321266,0.612195671518139,0.3831609096773111,0.09328056811985352,SN=2=0.2792;SN=3-4=0.3556;SN=5-8=0.3725;SN=9-12=0.3542;SN>=13=0.3441,0.3829161983916284,
12,,v11_aug+v11plus+v12_5f+v14_recvhand+v16_avg3,5,THR,"0.196,0.252,0.261,0.004,0.287","0.210,0.053,0.242,0.168,0.326","0.023,0.002,0.233,0.178,0.565",0.5,0.5,True,0.4157588202765917,0.23486815540051173,0.6127732188322123,0.38280543403728384,0.09193023148234375,SN=2=0.2785;SN=3-4=0.3571;SN=5-8=0.3704;SN=9-12=0.3524;SN>=13=0.3445,0.38280543403728384,
13,,v11_aug+v11plus+v12_5f+v13+v16_testhist_aug,5,THR,"0.205,0.239,0.086,0.235,0.233","0.096,0.134,0.103,0.204,0.464","0.005,0.002,0.073,0.521,0.399",0.5,0.5,True,0.41617346686369344,0.23584339570384066,0.612882718772622,0.3833832887815381,0.09406418484142937,SN=2=0.2796;SN=3-4=0.3567;SN=5-8=0.3737;SN=9-12=0.3526;SN>=13=0.3465,0.38274676913506744,
14,,v11+v11_aug+v12_5f+v13+v16_avg3,5,THR,"0.214,0.204,0.346,0.010,0.226","0.396,0.013,0.173,0.084,0.334","0.008,0.027,0.193,0.519,0.254",0.5,0.5,True,0.41540948294914043,0.23657838674981063,0.6128195806688663,0.38335906401335373,0.09413675216609307,SN=2=0.2800;SN=3-4=0.3568;SN=5-8=0.3741;SN=9-12=0.3562;SN>=13=0.3490,0.38268626070455125,
15,,v11+v11_aug+v13+v14_seed2+v16_testhist_aug,5,THR,"0.237,0.120,0.287,0.123,0.234","0.275,0.128,0.094,0.305,0.198","0.048,0.002,0.577,0.152,0.221",0.5,0.5,True,0.4158545124377966,0.23620459600368596,0.6127829349253311,0.38338023036165925,0.0943929911091369,SN=2=0.2792;SN=3-4=0.3563;SN=5-8=0.3736;SN=9-12=0.3557;SN>=13=0.3445,0.38257930758133485,
16,,v11plus+v12_5f+v13+v14_seed2+v16_testhist_aug,5,THR,"0.305,0.012,0.345,0.006,0.331","0.179,0.072,0.186,0.072,0.492","0.004,0.178,0.393,0.195,0.229",0.5,0.5,True,0.41363303535273677,0.23605913904005843,0.613130196558676,0.3825029090688533,0.0913931058249684,SN=2=0.2799;SN=3-4=0.3584;SN=5-8=0.3713;SN=9-12=0.3492;SN>=13=0.3472,0.3825029090688533,
17,,v11plus+v12_5f+v13+v16_avg3,4,THR,"0.314,0.085,0.170,0.431","0.115,0.166,0.246,0.473","0.016,0.214,0.334,0.436",0.5,0.5,True,0.4132825112087523,0.23582681297271274,0.6133747156227596,0.38231867279713794,0.09132597030828199,SN=2=0.2792;SN=3-4=0.3559;SN=5-8=0.3705;SN=9-12=0.3515;SN>=13=0.3468,0.38231867279713794,
18,,v11plus+v12_5f+v13+v14_recvhand+v16_avg3,5,THR,"0.313,0.057,0.059,0.205,0.367","0.126,0.057,0.177,0.193,0.447","0.013,0.147,0.285,0.290,0.265",0.5,0.5,True,0.4135730596527033,0.23578124157005922,0.6137312119174694,0.3824879628725989,0.09314261186460349,SN=2=0.2786;SN=3-4=0.3568;SN=5-8=0.3717;SN=9-12=0.3499;SN>=13=0.3463,0.3823122297145412,
19,,v11plus+v13+v14_recvhand+v16_avg3,4,THR,"0.321,0.177,0.062,0.439","0.181,0.179,0.271,0.369","0.022,0.312,0.254,0.412",0.5,0.5,True,0.41297696772222436,0.23580348131755438,0.6136927873104181,0.3822507370779952,0.09151206458496564,SN=2=0.2796;SN=3-4=0.3562;SN=5-8=0.3711;SN=9-12=0.3496;SN>=13=0.3450,0.3822507370779952,
20,,v11+v11_aug+v12_5f+v14_recvhand+v16_avg3,5,THR,"0.209,0.164,0.134,0.123,0.370","0.147,0.218,0.192,0.201,0.242","0.021,0.015,0.015,0.539,0.410",0.5,0.5,True,0.4157694454688897,0.23339690964629742,0.6128721066471383,0.3822409633755025,0.08987491911162993,SN=2=0.2797;SN=3-4=0.3549;SN=5-8=0.3696;SN=9-12=0.3528;SN>=13=0.3459,0.3822409633755025,
21,,v11+v11plus+v14_recvhand+v16_avg3,4,THR,"0.109,0.286,0.294,0.311","0.315,0.032,0.323,0.330","0.007,0.045,0.710,0.238",0.5,0.5,True,0.41375970737431605,0.23692377301123754,0.6122596107705375,0.38272531430832896,0.09377563791612165,SN=2=0.2800;SN=3-4=0.3539;SN=5-8=0.3738;SN=9-12=0.3549;SN>=13=0.3489,0.3822330681245122,
22,,v11+v11_aug+v14_recvhand+v16_testhist_aug,4,THR,"0.214,0.231,0.284,0.270","0.231,0.052,0.453,0.263","0.055,0.022,0.540,0.383",0.5,0.5,True,0.41582398171839163,0.233489546475289,0.6120637839698246,0.3821381680714372,0.09269466386471115,SN=2=0.2791;SN=3-4=0.3546;SN=5-8=0.3717;SN=9-12=0.3529;SN>=13=0.3479,0.3821381680714372,
23,,v11+v11_aug+v11plus+v13+v16_testhist_aug,5,THR,"0.086,0.234,0.138,0.259,0.283","0.383,0.092,0.033,0.340,0.152","0.006,0.050,0.038,0.462,0.443",0.5,0.5,True,0.41494820982081465,0.2346050057591952,0.611403285180719,0.3821019432681477,0.09191746379619298,SN=2=0.2796;SN=3-4=0.3561;SN=5-8=0.3715;SN=9-12=0.3537;SN>=13=0.3431,0.3821019432681477,
24,,v11_aug+v11plus+v13+v14_seed2+v16_testhist_aug,5,THR,"0.146,0.252,0.283,0.051,0.268","0.175,0.104,0.177,0.276,0.268","0.027,0.013,0.508,0.350,0.102",0.5,0.5,True,0.4149468444098554,0.23547752729668744,0.6126695010233053,0.38270364888727826,0.09401774806117524,SN=2=0.2777;SN=3-4=0.3582;SN=5-8=0.3717;SN=9-12=0.3522;SN>=13=0.3439,0.3820903476309347,
25,,v11plus+v13+v14_recvhand+v16_testhist_aug,4,THR,"0.286,0.141,0.134,0.439","0.172,0.197,0.234,0.397","0.015,0.256,0.417,0.312",0.5,0.5,True,0.41299721305096015,0.235407524288164,0.613507142358137,0.38206332340727706,0.09131569301174719,SN=2=0.2790;SN=3-4=0.3557;SN=5-8=0.3703;SN=9-12=0.3495;SN>=13=0.3478,0.38206332340727706,
26,,v11plus+v13+v16_avg3,3,THR,"0.284,0.357,0.359","0.137,0.413,0.450","0.006,0.429,0.565",0.5,0.5,True,0.4128513568834329,0.23531156837644543,0.613270996163701,0.3819193693366915,0.09097406923686924,SN=2=0.2792;SN=3-4=0.3556;SN=5-8=0.3701;SN=9-12=0.3513;SN>=13=0.3472,0.3819193693366915,
27,,v11+v12_5f+v13+v14_seed2+v16_testhist_aug,5,THR,"0.299,0.125,0.223,0.096,0.258","0.379,0.099,0.000,0.163,0.359","0.029,0.147,0.297,0.160,0.367",0.5,0.5,True,0.41300807645041765,0.2352720330462878,0.6131980000537818,0.3819516438094385,0.09303303039219463,SN=2=0.2788;SN=3-4=0.3543;SN=5-8=0.3719;SN=9-12=0.3531;SN>=13=0.3449,0.38183070138758524,
28,,v11plus+v13+v16_testhist_aug,3,THR,"0.305,0.348,0.347","0.173,0.389,0.438","0.028,0.490,0.482",0.5,0.5,True,0.4130306414218731,0.2350036098532168,0.6128084524584435,0.3817753910017247,0.09251463090612433,SN=2=0.2792;SN=3-4=0.3562;SN=5-8=0.3717;SN=9-12=0.3501;SN>=13=0.3479,0.3817753910017247,
29,,v11+v11plus+v13+v14_recvhand+v16_avg3,5,THR,"0.135,0.229,0.271,0.045,0.319","0.301,0.029,0.117,0.288,0.265","0.016,0.030,0.278,0.226,0.449",0.5,0.5,True,0.4151883512429867,0.23469241241892144,0.613506812740338,0.3826536680128309,0.09456022357528104,SN=2=0.2782;SN=3-4=0.3558;SN=5-8=0.3727;SN=9-12=0.3545;SN>=13=0.3478,0.38176912899943444,
30,,v11+v13+v16_testhist_aug,3,THR,"0.257,0.415,0.328","0.322,0.349,0.329","0.026,0.455,0.518",0.5,0.5,True,0.4121626118470329,0.23570385449937675,0.612895792099343,0.3817257449584325,0.091301401904404,SN=2=0.2799;SN=3-4=0.3547;SN=5-8=0.3712;SN=9-12=0.3530;SN>=13=0.3456,0.3817257449584325,
31,,v11plus+v14_recvhand+v16_avg3,3,THR,"0.318,0.308,0.375","0.147,0.338,0.515","0.015,0.486,0.499",0.5,0.5,True,0.41222121936662426,0.2355551284859898,0.612946335420366,0.38169980622511884,0.09196085137231114,SN=2=0.2790;SN=3-4=0.3548;SN=5-8=0.3710;SN=9-12=0.3520;SN>=13=0.3492,0.38169980622511884,
32,,v11_aug+v12_5f+v16_avg3,3,THR,"0.357,0.316,0.327","0.270,0.400,0.331","0.001,0.304,0.695",0.5,0.5,True,0.4122886025290968,0.23578826580232662,0.6121780784259538,0.3816663630177602,0.08882177348694059,SN=2=0.2785;SN=3-4=0.3535;SN=5-8=0.3673;SN=9-12=0.3518;SN>=13=0.3492,0.3816663630177602,
33,,v11plus+v12_5f+v14_recvhand+v16_avg3,4,THR,"0.379,0.258,0.004,0.359","0.110,0.033,0.297,0.560","0.013,0.271,0.365,0.350",0.5,0.5,True,0.41274975502296257,0.23536894029537883,0.6130873012781732,0.3818649383829712,0.09325638960049537,SN=2=0.2789;SN=3-4=0.3558;SN=5-8=0.3722;SN=9-12=0.3516;SN>=13=0.3487,0.3816323163569676,
34,,v11plus+v14_seed2+v16_testhist_aug,3,THR,"0.322,0.286,0.392","0.158,0.481,0.361","0.021,0.467,0.513",0.5,0.5,True,0.4118352255266093,0.23639764797061655,0.611647044349952,0.38162255826888075,0.09232822695846932,SN=2=0.2779;SN=3-4=0.3563;SN=5-8=0.3702;SN=9-12=0.3482;SN>=13=0.3492,0.38162255826888075,
35,,v11plus+v12_5f+v14_seed2+v16_avg3,4,THR,"0.348,0.150,0.103,0.399","0.159,0.259,0.084,0.499","0.011,0.170,0.145,0.674",0.5,0.5,True,0.4120660373967021,0.23574351291090023,0.6124515696157017,0.38161413404618133,0.09222450486515132,SN=2=0.2787;SN=3-4=0.3578;SN=5-8=0.3710;SN=9-12=0.3481;SN>=13=0.3468,0.38161413404618133,
36,,v11plus+v13+v14_seed2+v16_testhist_aug,4,THR,"0.330,0.193,0.078,0.399","0.126,0.031,0.463,0.380","0.016,0.379,0.191,0.414",0.5,0.5,True,0.4127718474228016,0.234667986303712,0.613152718653943,0.38160647722139407,0.09241043507373348,SN=2=0.2776;SN=3-4=0.3567;SN=5-8=0.3700;SN=9-12=0.3487;SN>=13=0.3473,0.38160647722139407,
37,,v11_aug+v11plus+v14_seed2+v16_testhist_aug,4,THR,"0.251,0.187,0.315,0.247","0.246,0.039,0.422,0.293","0.054,0.006,0.525,0.415",0.5,0.5,True,0.41460077809910345,0.23420641541037274,0.610965223538392,0.3817159221114689,0.0930437746681102,SN=2=0.2780;SN=3-4=0.3554;SN=5-8=0.3710;SN=9-12=0.3512;SN>=13=0.3472,0.38158960755165783,
38,,v11+v11plus+v12_5f+v13+v16_avg3,5,THR,"0.160,0.152,0.168,0.200,0.320","0.310,0.082,0.251,0.128,0.229","0.009,0.014,0.243,0.282,0.452",0.5,0.5,True,0.41506501564734316,0.23639207283207644,0.6133722667976597,0.3832572887512998,0.09623604051874146,SN=2=0.2781;SN=3-4=0.3563;SN=5-8=0.3743;SN=9-12=0.3561;SN>=13=0.3473,0.3815348412661731,
39,,v11_aug+v11plus+v13+v14_seed2+v16_avg3,5,THR,"0.209,0.240,0.235,0.096,0.219","0.207,0.055,0.033,0.380,0.325","0.013,0.018,0.392,0.244,0.333",0.5,0.5,True,0.41523812940236443,0.23541629278540793,0.6132789655712616,0.38291756198936133,0.09561834254803264,SN=2=0.2782;SN=3-4=0.3562;SN=5-8=0.3738;SN=9-12=0.3537;SN>=13=0.3436,0.38150396348958904,
40,,v11_aug+v12_5f+v14_seed2+v16_avg3,4,THR,"0.376,0.329,0.034,0.260","0.230,0.111,0.361,0.299","0.004,0.111,0.213,0.672",0.5,0.5,True,0.41245586003597295,0.23590930571813212,0.6123990667395531,0.38182587964955267,0.0935322279041742,SN=2=0.2768;SN=3-4=0.3558;SN=5-8=0.3704;SN=9-12=0.3529;SN>=13=0.3442,0.38145533847170965,
41,,v11+v11_aug+v12_5f+v14_seed2+v16_testhist_aug,5,THR,"0.217,0.164,0.155,0.140,0.325","0.255,0.111,0.027,0.351,0.255","0.014,0.024,0.355,0.558,0.049",0.5,0.5,True,0.41527042287708116,0.23606379778662762,0.6114074245862198,0.38281517318272745,0.09553826856235503,SN=2=0.2771;SN=3-4=0.3559;SN=5-8=0.3726;SN=9-12=0.3546;SN>=13=0.3483,0.381441611675794,
42,,v11_aug+v11plus+v12_5f+v13+v16_avg3,5,THR,"0.186,0.234,0.081,0.215,0.284","0.141,0.129,0.252,0.116,0.362","0.004,0.027,0.346,0.286,0.338",0.5,0.5,True,0.4156039932532488,0.2342117942243726,0.6130550053344783,0.3825373160579442,0.09513977162451975,SN=2=0.2780;SN=3-4=0.3569;SN=5-8=0.3732;SN=9-12=0.3528;SN>=13=0.3450,0.3813630030199284,
43,,v11+v11_aug+v13+v14_recvhand+v16_testhist_aug,5,THR,"0.172,0.264,0.310,0.061,0.193","0.249,0.144,0.023,0.211,0.373","0.036,0.002,0.176,0.462,0.325",0.5,0.5,True,0.41451527361545676,0.23435984184037081,0.6133319890702665,0.3822164439963843,0.09456441128926624,SN=2=0.2776;SN=3-4=0.3558;SN=5-8=0.3722;SN=9-12=0.3552;SN>=13=0.3439,0.3813298111259953,
44,,v11_aug+v11plus+v13+v14_recvhand+v16_testhist_aug,5,THR,"0.237,0.235,0.200,0.094,0.234","0.120,0.091,0.305,0.213,0.272","0.024,0.022,0.228,0.301,0.425",0.5,0.5,True,0.41593542616770307,0.23203266065943665,0.6130834407483071,0.38180392288051734,0.09390348213190719,SN=2=0.2771;SN=3-4=0.3555;SN=5-8=0.3710;SN=9-12=0.3513;SN>=13=0.3457,0.3812477545888078,
45,,v11plus+v14_seed2+v16_avg3,3,THR,"0.354,0.274,0.371","0.141,0.467,0.392","0.020,0.354,0.626",0.5,0.5,True,0.41119307539167954,0.23574416045343036,0.6123551867310326,0.38124593168425047,0.09182249134612935,SN=2=0.2775;SN=3-4=0.3582;SN=5-8=0.3693;SN=9-12=0.3489;SN>=13=0.3446,0.38124593168425047,
46,,v11_aug+v13+v14_seed2+v16_testhist_aug,4,THR,"0.328,0.196,0.212,0.264","0.179,0.234,0.269,0.317","0.002,0.443,0.210,0.345",0.5,0.5,True,0.41276660781963515,0.2336754866701231,0.6130901201497884,0.381194861825861,0.09125426222592725,SN=2=0.2760;SN=3-4=0.3565;SN=5-8=0.3673;SN=9-12=0.3513;SN>=13=0.3439,0.381194861825861,
47,,v11_aug+v11plus+v13+v16_testhist_aug,4,THR,"0.185,0.253,0.264,0.299","0.122,0.124,0.334,0.421","0.008,0.003,0.660,0.328",0.5,0.5,True,0.41539833659708963,0.2353873848418599,0.6125212835739202,0.38281854529036385,0.09604660531693354,SN=2=0.2780;SN=3-4=0.3568;SN=5-8=0.3741;SN=9-12=0.3516;SN>=13=0.3470,0.38119081540614114,
48,,v11_aug+v13+v14_seed2+v16_avg3,4,THR,"0.257,0.183,0.068,0.492","0.180,0.154,0.283,0.382","0.008,0.365,0.201,0.426",0.5,0.5,True,0.41097704426259823,0.23529066161145423,0.6133643398815048,0.381179950325922,0.08858213203322746,SN=2=0.2786;SN=3-4=0.3553;SN=5-8=0.3671;SN=9-12=0.3504;SN>=13=0.3448,0.381179950325922,
49,,v11_aug+v13+v16_avg3,3,THR,"0.260,0.307,0.433","0.207,0.342,0.451","0.003,0.401,0.596",0.5,0.5,True,0.41172250418538553,0.23451056452911417,0.6132387295101985,0.3811409733878396,0.08851302805995048,SN=2=0.2787;SN=3-4=0.3557;SN=5-8=0.3672;SN=9-12=0.3510;SN>=13=0.3455,0.3811409733878396,
50,,v11+v12_5f+v13+v14_recvhand+v16_avg3,5,THR,"0.274,0.159,0.182,0.019,0.365","0.327,0.091,0.067,0.154,0.361","0.012,0.015,0.348,0.168,0.458",0.5,0.5,True,0.41288809608385546,0.23311095008314306,0.6136731595812057,0.3811342503830406,0.09177844803780949,SN=2=0.2781;SN=3-4=0.3544;SN=5-8=0.3699;SN=9-12=0.3532;SN>=13=0.3429,0.3811342503830406,
51,,v11plus+v12_5f+v13+v14_recvhand+v16_testhist_aug,5,THR,"0.312,0.176,0.271,0.021,0.221","0.129,0.038,0.226,0.108,0.500","0.011,0.192,0.265,0.359,0.173",0.5,0.5,True,0.4129723276876016,0.23387030583907467,0.613576702027173,0.38145239381610513,0.09348472939706948,SN=2=0.2778;SN=3-4=0.3569;SN=5-8=0.3713;SN=9-12=0.3500;SN>=13=0.3472,0.3811056018918144,
52,,v11+v11_aug+v12_5f+v13+v16_testhist_aug,5,THR,"0.164,0.229,0.104,0.275,0.227","0.230,0.167,0.209,0.049,0.346","0.026,0.000,0.162,0.385,0.426",0.5,0.5,True,0.4153184144370266,0.23320373160210933,0.6130917525623423,0.38202720892812286,0.09466797656100573,SN=2=0.2773;SN=3-4=0.3560;SN=5-8=0.3720;SN=9-12=0.3554;SN>=13=0.3435,0.3810887934218641,
53,,v11+v11_aug+v16_avg3,3,THR,"0.110,0.295,0.594","0.424,0.149,0.428","0.003,0.007,0.991",0.5,0.5,True,0.41052824106055474,0.23653306313334221,0.6112012034800458,0.381064762373568,0.08950963226473319,SN=2=0.2796;SN=3-4=0.3553;SN=5-8=0.3691;SN=9-12=0.3517;SN>=13=0.3439,0.381064762373568,
54,,v11_aug+v14_recvhand+v16_testhist_aug,3,THR,"0.358,0.398,0.244","0.203,0.427,0.370","0.016,0.571,0.413",0.5,0.5,True,0.4117824525653384,0.23457226084456861,0.6124575571910891,0.3810333968021806,0.08927334560204608,SN=2=0.2798;SN=3-4=0.3539;SN=5-8=0.3691;SN=9-12=0.3509;SN>=13=0.3463,0.3810333968021806,
55,,v11plus+v12_5f+v14_recvhand+v16_testhist_aug,4,THR,"0.302,0.163,0.139,0.397","0.158,0.032,0.394,0.417","0.030,0.286,0.439,0.246",0.5,0.5,True,0.4123310024280047,0.23384424279662394,0.6127357228480214,0.3810172426594557,0.09107058342894359,SN=2=0.2782;SN=3-4=0.3544;SN=5-8=0.3692;SN=9-12=0.3506;SN>=13=0.3481,0.3810172426594557,
56,,v11plus+v14_recvhand+v16_testhist_aug,3,THR,"0.264,0.288,0.448","0.141,0.363,0.496","0.012,0.572,0.416",0.5,0.5,True,0.41154904744995124,0.23466198352863527,0.612545606397213,0.3809935336708772,0.09007520189013041,SN=2=0.2796;SN=3-4=0.3558;SN=5-8=0.3696;SN=9-12=0.3489;SN>=13=0.3511,0.3809935336708772,
57,,v11+v11_aug+v11plus+v16_testhist_aug,4,THR,"0.091,0.184,0.138,0.587","0.320,0.181,0.100,0.399","0.075,0.017,0.003,0.905",0.5,0.5,True,0.4112719391650432,0.2367907609621056,0.6087782164552017,0.38098072334189986,0.08279773100585991,SN=2=0.2827;SN=3-4=0.3534;SN=5-8=0.3654;SN=9-12=0.3527;SN>=13=0.3461,0.38098072334189986,
58,,v11plus+v12_5f+v16_avg3,3,THR,"0.303,0.254,0.443","0.167,0.280,0.553","0.021,0.266,0.714",0.5,0.5,True,0.41311357573169,0.23383591622668032,0.612190560173296,0.3812179088180074,0.09326575678520482,SN=2=0.2785;SN=3-4=0.3563;SN=5-8=0.3717;SN=9-12=0.3493;SN>=13=0.3456,0.380980603199649,
59,,v11_aug+v13+v14_recvhand+v16_testhist_aug,4,THR,"0.321,0.294,0.057,0.328","0.235,0.278,0.242,0.246","0.020,0.240,0.452,0.288",0.5,0.5,True,0.4121732435897132,0.23354810372017507,0.6133207090458886,0.38095268073313304,0.09207173202444169,SN=2=0.2769;SN=3-4=0.3562;SN=5-8=0.3690;SN=9-12=0.3515;SN>=13=0.3424,0.38095268073313304,
60,,v11+v11plus+v12_5f+v16_testhist_aug,4,THR,"0.190,0.167,0.300,0.343","0.211,0.079,0.283,0.427","0.020,0.005,0.457,0.518",0.5,0.5,True,0.4156309945780105,0.2349637418805076,0.6113311017705045,0.38250411493750813,0.09590727967294194,SN=2=0.2772;SN=3-4=0.3559;SN=5-8=0.3731;SN=9-12=0.3529;SN>=13=0.3513,0.3809460478752812,
61,,v11+v12_5f+v13+v14_recvhand+v16_testhist_aug,5,THR,"0.300,0.105,0.037,0.232,0.325","0.286,0.003,0.162,0.269,0.280","0.020,0.137,0.217,0.336,0.290",0.5,0.5,True,0.41227320851739696,0.2332526080728444,0.6136028985977038,0.3809309063556373,0.08986584834595629,SN=2=0.2787;SN=3-4=0.3529;SN=5-8=0.3685;SN=9-12=0.3487;SN>=13=0.3473,0.3809309063556373,
62,,v11plus+v12_5f+v13+v14_seed2+v16_avg3,5,THR,"0.349,0.160,0.139,0.040,0.313","0.180,0.072,0.022,0.333,0.393","0.006,0.041,0.343,0.204,0.407",0.5,0.5,True,0.4128807033244825,0.23532637691955918,0.6134331854473994,0.3819694691870966,0.09496574561686849,SN=2=0.2768;SN=3-4=0.3597;SN=5-8=0.3718;SN=9-12=0.3509;SN>=13=0.3463,0.3808821691529064,
63,,v11+v11_aug+v11plus+v12_5f+v16_testhist_aug,5,THR,"0.122,0.151,0.132,0.316,0.279","0.130,0.051,0.098,0.278,0.444","0.064,0.009,0.002,0.366,0.559",0.5,0.5,True,0.4167192536774823,0.23617006366501753,0.6109001324801178,0.3833357534330235,0.09775767006975983,SN=2=0.2782;SN=3-4=0.3561;SN=5-8=0.3760;SN=9-12=0.3520;SN>=13=0.3469,0.3808524911723876,
64,,v11+v11_aug+v14_recvhand+v16_avg3,4,THR,"0.181,0.232,0.299,0.289","0.309,0.013,0.322,0.356","0.007,0.008,0.451,0.534",0.5,0.5,True,0.4154382776898102,0.23213314806046967,0.6129313479176908,0.3816148398836501,0.09435174969483584,SN=2=0.2770;SN=3-4=0.3541;SN=5-8=0.3713;SN=9-12=0.3547;SN>=13=0.3470,0.3808345378104762,
65,,v11+v11_aug+v12_5f+v16_testhist_aug,4,THR,"0.195,0.236,0.357,0.213","0.266,0.055,0.338,0.341","0.010,0.025,0.477,0.487",0.5,0.5,True,0.4158065058701317,0.2340878328398041,0.6111326751558126,0.38218427051513687,0.09550013574486382,SN=2=0.2765;SN=3-4=0.3555;SN=5-8=0.3720;SN=9-12=0.3553;SN>=13=0.3460,0.380829775416949,
66,,v11+v12_5f+v16_testhist_aug,3,THR,"0.365,0.324,0.311","0.366,0.352,0.282","0.027,0.487,0.486",0.5,0.5,True,0.4114912472318429,0.23597271385095242,0.6113466903409309,0.3812549225013043,0.09372718070760228,SN=2=0.2785;SN=3-4=0.3537;SN=5-8=0.3722;SN=9-12=0.3557;SN>=13=0.3488,0.38078690492174727,
67,,v11+v11_aug+v11plus+v14_seed2+v16_avg3,5,THR,"0.148,0.130,0.137,0.258,0.327","0.243,0.087,0.047,0.352,0.271","0.047,0.024,0.007,0.059,0.864",0.5,0.5,True,0.4160082909401132,0.23589960411057675,0.6110333624268276,0.38296983050564154,0.09723431077626804,SN=2=0.2778;SN=3-4=0.3574;SN=5-8=0.3750;SN=9-12=0.3556;SN>=13=0.3452,0.38074824789175155,
68,,v11+v11plus+v12_5f+v16_avg3,4,THR,"0.131,0.237,0.318,0.315","0.298,0.087,0.276,0.339","0.045,0.015,0.289,0.651",0.5,0.5,True,0.41600880939940965,0.2356865937768838,0.6120436339676041,0.38308688806403823,0.09750280093498298,SN=2=0.2774;SN=3-4=0.3561;SN=5-8=0.3749;SN=9-12=0.3556;SN>=13=0.3466,0.3807310603707908,
69,,v11_aug+v12_5f+v14_seed2+v16_testhist_aug,4,THR,"0.344,0.171,0.232,0.253","0.205,0.001,0.393,0.401","0.005,0.186,0.521,0.289",0.5,0.5,True,0.41199039943398047,0.233961591188091,0.6116506251791074,0.38071092128465006,0.09176154844009343,SN=2=0.2762;SN=3-4=0.3541;SN=5-8=0.3680;SN=9-12=0.3510;SN>=13=0.3473,0.38071092128465006,
70,,v11plus+v12_5f+v16_testhist_aug,3,THR,"0.329,0.336,0.334","0.159,0.363,0.478","0.012,0.383,0.605",0.5,0.5,True,0.41368147772389957,0.23428020421408205,0.6110962385690033,0.3814039204889933,0.09420826915238828,SN=2=0.2772;SN=3-4=0.3547;SN=5-8=0.3715;SN=9-12=0.3482;SN>=13=0.3501,0.3806953586870432,
71,,v11+v12_5f+v13+v14_seed2+v16_avg3,5,THR,"0.291,0.100,0.271,0.038,0.299","0.385,0.118,0.215,0.039,0.243","0.027,0.032,0.238,0.183,0.520",0.5,0.5,True,0.41284182600782393,0.2343974176558053,0.6134109645048148,0.38157789036641465,0.09465541965087704,SN=2=0.2776;SN=3-4=0.3554;SN=5-8=0.3723;SN=9-12=0.3546;SN>=13=0.3467,0.3806457533152202,
72,,v11+v13+v14_seed2+v16_testhist_aug,4,THR,"0.249,0.189,0.219,0.343","0.392,0.197,0.146,0.264","0.011,0.460,0.173,0.356",0.5,0.5,True,0.4126159496425043,0.23361957652883655,0.6131605952404715,0.38112632951663067,0.09380767887235075,SN=2=0.2771;SN=3-4=0.3558;SN=5-8=0.3709;SN=9-12=0.3538;SN>=13=0.3465,0.38061806285469935,
73,,v11_aug+v12_5f+v14_recvhand+v16_avg3,4,THR,"0.343,0.218,0.165,0.274","0.193,0.155,0.179,0.473","0.020,0.106,0.402,0.472",0.5,0.5,True,0.41213284706129205,0.23305606261868386,0.6129872600072195,0.3806730158734343,0.09290640959228241,SN=2=0.2766;SN=3-4=0.3548;SN=5-8=0.3695;SN=9-12=0.3527;SN>=13=0.3445,0.38061538385153715,
74,,v11_aug+v14_seed2+v16_avg3,3,THR,"0.382,0.341,0.278","0.191,0.358,0.450","0.001,0.378,0.621",0.5,0.5,True,0.4111148502016666,0.23416909926861124,0.6122567873610051,0.3805649372603122,0.08922424845080418,SN=2=0.2780;SN=3-4=0.3537;SN=5-8=0.3672;SN=9-12=0.3508;SN>=13=0.3435,0.3805649372603122,
75,,v11_aug+v13+v16_testhist_aug,3,THR,"0.323,0.299,0.378","0.223,0.473,0.304","0.006,0.506,0.489",0.5,0.5,True,0.41250837272925256,0.23251637067014935,0.6127751495096831,0.3805649272616974,0.09184391151638066,SN=2=0.2763;SN=3-4=0.3565;SN=5-8=0.3681;SN=9-12=0.3485;SN>=13=0.3432,0.3805649272616974,
76,,v11_aug+v13+v14_recvhand+v16_avg3,4,THR,"0.378,0.221,0.168,0.233","0.208,0.277,0.184,0.331","0.012,0.214,0.173,0.601",0.5,0.5,True,0.41129206043490757,0.23438680330352346,0.6134470735365148,0.38096096020267545,0.09363337155963092,SN=2=0.2767;SN=3-4=0.3539;SN=5-8=0.3704;SN=9-12=0.3520;SN>=13=0.3434,0.38053984719710404,
77,,v11+v11_aug+v14_seed2+v16_testhist_aug,4,THR,"0.114,0.333,0.276,0.276","0.207,0.170,0.431,0.191","0.010,0.018,0.634,0.339",0.5,0.5,True,0.4136890678327353,0.2352921459142144,0.6115405522235253,0.38190059594348497,0.09558490108494105,SN=2=0.2762;SN=3-4=0.3568;SN=5-8=0.3718;SN=9-12=0.3513;SN>=13=0.3483,0.3805037181752585,
78,,v11_aug+v12_5f+v13+v14_recvhand+v16_testhist_aug,5,THR,"0.368,0.124,0.213,0.048,0.246","0.213,0.247,0.076,0.179,0.285","0.000,0.053,0.321,0.357,0.268",0.5,0.5,True,0.41269067168619705,0.23331793080899402,0.613514723154976,0.3811063856290716,0.09401755151824642,SN=2=0.2770;SN=3-4=0.3544;SN=5-8=0.3710;SN=9-12=0.3533;SN>=13=0.3458,0.38049318264419246,
79,,v11_aug+v12_5f+v13+v16_testhist_aug,4,THR,"0.397,0.140,0.187,0.276","0.232,0.319,0.176,0.273","0.004,0.239,0.495,0.263",0.5,0.5,True,0.41113887301198787,0.234085112182059,0.6128928828819231,0.3806681706540034,0.09321372603638878,SN=2=0.2770;SN=3-4=0.3532;SN=5-8=0.3702;SN=9-12=0.3509;SN>=13=0.3459,0.38045688041005304,
80,,v11+v11_aug+v11plus+v16_avg3,4,THR,"0.114,0.183,0.153,0.550","0.336,0.209,0.060,0.395","0.142,0.042,0.017,0.798",0.5,0.5,True,0.4116814040953912,0.2366389957643286,0.6052247831179239,0.3803731165674727,0.09037419439409089,SN=2=0.2799;SN=3-4=0.3537;SN=5-8=0.3703;SN=9-12=0.3526;SN>=13=0.3394,0.3803731165674727,
81,,v11_aug+v12_5f+v16_testhist_aug,3,THR,"0.373,0.323,0.303","0.195,0.416,0.389","0.022,0.471,0.507",0.5,0.5,True,0.41183306366264955,0.23344564957028094,0.6110689380469956,0.3803252729025713,0.09077035087925622,SN=2=0.2783;SN=3-4=0.3515;SN=5-8=0.3690;SN=9-12=0.3505;SN>=13=0.3465,0.3803252729025713,
82,,v11_aug+v12_5f+v13+v14_recvhand+v16_avg3,5,THR,"0.396,0.050,0.218,0.054,0.281","0.208,0.089,0.200,0.218,0.285","0.017,0.085,0.249,0.291,0.358",0.5,0.5,True,0.4130309205567052,0.23221593666268125,0.6136171414694314,0.38082217118164086,0.09378795763689851,SN=2=0.2762;SN=3-4=0.3548;SN=5-8=0.3700;SN=9-12=0.3515;SN>=13=0.3409,0.38032376513743565,
83,,v11+v11plus+v13+v16_avg3,4,THR,"0.106,0.277,0.298,0.319","0.387,0.004,0.384,0.224","0.016,0.015,0.724,0.244",0.5,0.5,True,0.4136336951250494,0.2323156455901408,0.6123943786586172,0.3808586120177995,0.09386264845347819,SN=2=0.2772;SN=3-4=0.3547;SN=5-8=0.3710;SN=9-12=0.3512;SN>=13=0.3458,0.3803228605653045,
84,,v11_aug+v12_5f+v14_recvhand+v16_testhist_aug,4,THR,"0.343,0.361,0.013,0.283","0.204,0.280,0.243,0.273","0.016,0.174,0.585,0.224",0.5,0.5,True,0.41240106302384344,0.23202302808983527,0.6127120147062309,0.38031203938671765,0.09032258178851171,SN=2=0.2775;SN=3-4=0.3536;SN=5-8=0.3679;SN=9-12=0.3498;SN>=13=0.3490,0.38031203938671765,
85,,v11+v11_aug+v11plus+v13+v16_avg3,5,THR,"0.107,0.132,0.115,0.273,0.374","0.356,0.004,0.037,0.214,0.389","0.009,0.003,0.042,0.117,0.829",0.5,0.5,True,0.416063373310953,0.23300310741754515,0.6119839026020014,0.38202337281179954,0.09625579323850403,SN=2=0.2760;SN=3-4=0.3577;SN=5-8=0.3722;SN=9-12=0.3549;SN>=13=0.3485,0.38029104896679156,
86,,v11_aug+v14_seed2+v16_testhist_aug,3,THR,"0.281,0.263,0.456","0.197,0.501,0.302","0.001,0.531,0.468",0.5,0.5,True,0.41067958033562957,0.23419682926595903,0.611530848919082,0.3802567336244519,0.09140542647590688,SN=2=0.2764;SN=3-4=0.3534;SN=5-8=0.3678;SN=9-12=0.3522;SN>=13=0.3479,0.3802567336244519,
87,,v11+v11plus+v13+v14_seed2+v16_avg3,5,THR,"0.119,0.233,0.238,0.101,0.309","0.232,0.047,0.358,0.110,0.254","0.003,0.013,0.412,0.141,0.431",0.5,0.5,True,0.4145358268230632,0.2331651284001855,0.6134234206748058,0.38176506622426065,0.09588179360981197,SN=2=0.2771;SN=3-4=0.3538;SN=5-8=0.3730;SN=9-12=0.3518;SN>=13=0.3473,0.3802197421935987,
88,,v11+v14_recvhand+v16_testhist_aug,3,THR,"0.337,0.408,0.255","0.305,0.281,0.414","0.035,0.563,0.403",0.5,0.5,True,0.41027429067038584,0.23382147643909024,0.6126276135729438,0.38016382955837924,0.09165964332877596,SN=2=0.2771;SN=3-4=0.3521;SN=5-8=0.3688;SN=9-12=0.3525;SN>=13=0.3472,0.38016382955837924,
89,,v11+v11_aug+v13+v14_recvhand+v16_avg3,5,THR,"0.136,0.226,0.299,0.019,0.321","0.298,0.001,0.129,0.153,0.419","0.024,0.014,0.186,0.307,0.469",0.5,0.5,True,0.4159726076723577,0.23130742138564467,0.6135029340588034,0.38161259843496165,0.09575858840059409,SN=2=0.2761;SN=3-4=0.3564;SN=5-8=0.3719;SN=9-12=0.3557;SN>=13=0.3425,0.3801288770089086,
90,,v11_aug+v12_5f+v13+v14_seed2+v16_avg3,5,THR,"0.347,0.116,0.191,0.080,0.266","0.240,0.272,0.041,0.204,0.243","0.002,0.134,0.349,0.155,0.360",0.5,0.5,True,0.41269717363420144,0.23182678071695145,0.6133808372729714,0.3804857491950555,0.09354395027419765,SN=2=0.2747;SN=3-4=0.3566;SN=5-8=0.3682;SN=9-12=0.3500;SN>=13=0.3425,0.38010934683220077,
91,,v11_aug+v11plus+v12_5f+v16_testhist_aug,4,THR,"0.191,0.249,0.233,0.326","0.225,0.005,0.419,0.351","0.008,0.006,0.571,0.415",0.5,0.5,True,0.4150582253910842,0.23104281406555546,0.6110481057070536,0.38065003692406657,0.09387625340439143,SN=2=0.2760;SN=3-4=0.3529;SN=5-8=0.3699;SN=9-12=0.3498;SN>=13=0.3462,0.3801074829961149,
92,,v11_aug+v11plus+v14_recvhand+v16_testhist_aug,4,THR,"0.181,0.240,0.287,0.293","0.208,0.105,0.390,0.297","0.001,0.037,0.454,0.508",0.5,0.5,True,0.41487545519313834,0.2341662484524205,0.6123049338367061,0.3820776682255648,0.0968959101029761,SN=2=0.2773;SN=3-4=0.3564;SN=5-8=0.3742;SN=9-12=0.3518;SN>=13=0.3447,0.38002528594832086,
93,,v11+v14_recvhand+v16_avg3,3,THR,"0.284,0.414,0.301","0.310,0.312,0.378","0.019,0.523,0.458",0.5,0.5,True,0.4109670920652989,0.23256355186550431,0.6129612676429598,0.38000451110091327,0.09273765223767189,SN=2=0.2761;SN=3-4=0.3527;SN=5-8=0.3688;SN=9-12=0.3541;SN>=13=0.3451,0.38000451110091327,
94,,v11+v11_aug+v13+v16_avg3,4,THR,"0.131,0.212,0.266,0.391","0.375,0.029,0.374,0.222","0.038,0.031,0.291,0.639",0.5,0.5,True,0.41547950679378853,0.23025884514126288,0.6125077614059409,0.3807968930552088,0.09441477475542104,SN=2=0.2768;SN=3-4=0.3560;SN=5-8=0.3712;SN=9-12=0.3532;SN>=13=0.3418,0.37998507845174234,
95,,v11+v11plus+v12_5f+v14_seed2+v16_avg3,5,THR,"0.151,0.206,0.288,0.117,0.238","0.275,0.064,0.034,0.295,0.332","0.010,0.008,0.197,0.223,0.562",0.5,0.5,True,0.41508760431956987,0.23603834505042434,0.6125604705510498,0.38296247385820764,0.09881512457119523,SN=2=0.2774;SN=3-4=0.3558;SN=5-8=0.3762;SN=9-12=0.3546;SN>=13=0.3488,0.3799504843468541,
96,,v11+v14_seed2+v16_avg3,3,THR,"0.262,0.302,0.437","0.265,0.458,0.277","0.021,0.271,0.709",0.5,0.5,True,0.4100202635063099,0.2341954810118998,0.6123865870549006,0.38016361521826403,0.093579119099371,SN=2=0.2759;SN=3-4=0.3550;SN=5-8=0.3695;SN=9-12=0.3507;SN>=13=0.3448,0.3797696284428226,
97,,v11_aug+v11plus+v12_5f+v14_seed2+v16_avg3,5,THR,"0.147,0.246,0.333,0.027,0.247","0.213,0.073,0.320,0.132,0.263","0.019,0.012,0.213,0.138,0.618",0.5,0.5,True,0.41581982880875495,0.23223008729723715,0.6123586561749494,0.38169169767738675,0.09689547005241145,SN=2=0.2758;SN=3-4=0.3569;SN=5-8=0.3727;SN=9-12=0.3513;SN>=13=0.3462,0.37963953542542506,
98,,v11plus+v12_5f+v13+v16_testhist_aug,4,THR,"0.308,0.285,0.128,0.279","0.169,0.157,0.273,0.402","0.010,0.327,0.420,0.243",0.5,0.5,True,0.41365403793911076,0.23350687752627053,0.6129340908823285,0.3814511843626182,0.09670201446591192,SN=2=0.2768;SN=3-4=0.3569;SN=5-8=0.3735;SN=9-12=0.3478;SN>=13=0.3458,0.37949574990390633,
99,,v11+v11_aug+v11plus+v14_recvhand+v16_avg3,5,THR,"0.056,0.243,0.135,0.252,0.314","0.267,0.124,0.009,0.353,0.247","0.101,0.015,0.048,0.391,0.444",0.5,0.5,True,0.4160778741167151,0.23102246428420115,0.6091793691547998,0.38067600919132644,0.095322673635101,SN=2=0.2748;SN=3-4=0.3581;SN=5-8=0.3702;SN=9-12=0.3526;SN>=13=0.3387,0.37941024514802,
100,,v11+v14_seed2+v16_testhist_aug,3,THR,"0.328,0.429,0.243","0.291,0.332,0.377","0.030,0.530,0.440",0.5,0.5,True,0.41126744242618174,0.23442282479522727,0.6117984412290953,0.38063579513438267,0.09527107667448659,SN=2=0.2766;SN=3-4=0.3534;SN=5-8=0.3718;SN=9-12=0.3526;SN>=13=0.3483,0.3793958295713834,
101,,v11_aug+v12_5f+v13+v16_avg3,4,THR,"0.363,0.253,0.098,0.286","0.234,0.413,0.074,0.279","0.018,0.172,0.343,0.466",0.5,0.5,True,0.41265054159588765,0.23120166476990783,0.6132737152011393,0.38019562558654607,0.094418172361108,SN=2=0.2747;SN=3-4=0.3559;SN=5-8=0.3691;SN=9-12=0.3495;SN>=13=0.3414,0.3793821121802361,
102,,v11+v11plus+v14_seed2+v16_testhist_aug,4,THR,"0.199,0.147,0.349,0.305","0.282,0.078,0.307,0.333","0.049,0.003,0.513,0.435",0.5,0.5,True,0.4133956414270154,0.23505960548872537,0.6117316018351112,0.38172841913331856,0.09752212980239183,SN=2=0.2762;SN=3-4=0.3551;SN=5-8=0.3737;SN=9-12=0.3539;SN>=13=0.3501,0.3793629270063667,
103,,v11+v11_aug+v16_testhist_aug,3,THR,"0.179,0.189,0.632","0.426,0.130,0.444","0.023,0.030,0.947",0.5,0.5,True,0.41061335206038974,0.23307832668274725,0.6093188308993464,0.3793404376771241,0.084969594311251,SN=2=0.2819;SN=3-4=0.3518;SN=5-8=0.3669;SN=9-12=0.3484;SN>=13=0.3402,0.3793404376771241,
104,,v11+v11_aug+v12_5f+v14_recvhand+v16_testhist_aug,5,THR,"0.174,0.206,0.114,0.287,0.220","0.212,0.080,0.162,0.112,0.434","0.040,0.015,0.066,0.526,0.353",0.5,0.5,True,0.41530828162117867,0.23149814008795072,0.6125937780377273,0.38124132429119717,0.0966768660237513,SN=2=0.2757;SN=3-4=0.3552;SN=5-8=0.3724;SN=9-12=0.3550;SN>=13=0.3460,0.3792984640535656,
105,,v11+v12_5f+v16_avg3,3,THR,"0.315,0.356,0.329","0.343,0.291,0.366","0.030,0.367,0.603",0.5,0.5,True,0.4124308505046472,0.23248526244533294,0.6122989495616221,0.3804262350923165,0.09525293295706372,SN=2=0.2762;SN=3-4=0.3543;SN=5-8=0.3715;SN=9-12=0.3530;SN>=13=0.3429,0.3791953413880287,
106,,v11_aug+v11plus+v16_avg3,3,THR,"0.205,0.209,0.586","0.281,0.356,0.363","0.001,0.120,0.879",0.5,0.5,True,0.41243382917066734,0.23217786545677752,0.6066554943311877,0.37917577671721553,0.08931038709976019,SN=2=0.2789;SN=3-4=0.3544;SN=5-8=0.3682;SN=9-12=0.3491;SN>=13=0.3380,0.37917577671721553,
107,,v11_aug+v11plus+v12_5f+v14_seed2,4,THR,"0.230,0.253,0.369,0.148","0.232,0.110,0.158,0.500","0.029,0.031,0.380,0.560",0.5,0.5,True,0.4098619994529931,0.23431700013317833,0.6110361272559752,0.37987882528566363,0.09431688732160404,SN=2=0.2759;SN=3-4=0.3535;SN=5-8=0.3702;SN=9-12=0.3504;SN>=13=0.3445,0.37911595439910567,
108,,v11+v11_aug+v11plus+v14_recvhand+v16_testhist_aug,5,THR,"0.044,0.110,0.276,0.283,0.287","0.320,0.041,0.054,0.302,0.283","0.049,0.014,0.011,0.472,0.455",0.5,0.5,True,0.41443688967724845,0.23450605154560894,0.6121779142358612,0.38201275933631523,0.0986549504676843,SN=2=0.2757;SN=3-4=0.3580;SN=5-8=0.3744;SN=9-12=0.3531;SN>=13=0.3507,0.3790808568767171,
109,,v11_aug+v11plus+v12_5f+v16_avg3,4,THR,"0.242,0.171,0.377,0.210","0.104,0.089,0.371,0.436","0.058,0.025,0.447,0.470",0.5,0.5,True,0.41615847303482956,0.2317296956326315,0.6107529455504597,0.3813058565770764,0.09755345919752012,SN=2=0.2757;SN=3-4=0.3563;SN=5-8=0.3732;SN=9-12=0.3530;SN>=13=0.3434,0.3789246997525604,
110,,v11+v11_aug+v12_5f+v16_avg3,4,THR,"0.224,0.185,0.387,0.204","0.204,0.178,0.305,0.313","0.033,0.019,0.301,0.647",0.5,0.5,True,0.41488847603203566,0.23148631467073955,0.6120790363218451,0.3809657235454791,0.09695987126673672,SN=2=0.2743;SN=3-4=0.3557;SN=5-8=0.3712;SN=9-12=0.3546;SN>=13=0.3445,0.3788813606863548,
111,,v11_aug+v14_recvhand+v16_avg3,3,THR,"0.364,0.364,0.272","0.247,0.456,0.296","0.004,0.414,0.581",0.5,0.5,True,0.41138840408620664,0.23228782445570043,0.6128737229707135,0.3800452360109055,0.09518392782206886,SN=2=0.2751;SN=3-4=0.3540;SN=5-8=0.3703;SN=9-12=0.3526;SN>=13=0.3435,0.37884884487411513,
112,,v11plus+v13+v14_seed2+v16_avg3,4,THR,"0.319,0.140,0.120,0.421","0.198,0.066,0.314,0.421","0.014,0.352,0.193,0.442",0.5,0.5,True,0.41218269141089264,0.233349741801231,0.6134465731280164,0.3809022879104528,0.09693717790775247,SN=2=0.2750;SN=3-4=0.3577;SN=5-8=0.3719;SN=9-12=0.3497;SN>=13=0.3453,0.3788292717308206,
113,,v11_aug+v11plus+v12_5f+v14_seed2+v16_testhist_aug,5,THR,"0.316,0.110,0.288,0.021,0.265","0.206,0.051,0.147,0.266,0.330","0.024,0.031,0.133,0.434,0.377",0.5,0.5,True,0.41489204261937923,0.23156383299169309,0.6115182190706261,0.38088599405855417,0.09694588552193273,SN=2=0.2747;SN=3-4=0.3549;SN=5-8=0.3717;SN=9-12=0.3508;SN>=13=0.3469,0.37880862407183186,
114,,v11_aug+v12_5f+v13+v14_seed2+v16_testhist_aug,5,THR,"0.370,0.094,0.236,0.022,0.279","0.165,0.229,0.051,0.155,0.400","0.010,0.136,0.308,0.276,0.270",0.5,0.5,True,0.4127520943646838,0.23192121184150372,0.6130514711221079,0.3804796167068966,0.09646757562186975,SN=2=0.2752;SN=3-4=0.3547;SN=5-8=0.3717;SN=9-12=0.3515;SN>=13=0.3432,0.37864140167020577,
115,,v11+v12_5f+v14_recvhand+v16_avg3,4,THR,"0.271,0.259,0.133,0.337","0.332,0.005,0.300,0.363","0.030,0.227,0.453,0.290",0.5,0.5,True,0.4116285765414974,0.231144284566776,0.613162475588316,0.3797416395609726,0.09518010708939018,SN=2=0.2747;SN=3-4=0.3545;SN=5-8=0.3699;SN=9-12=0.3519;SN>=13=0.3442,0.3785471587905216,
116,,v11+v11_aug+v14_seed2+v16_avg3,4,THR,"0.151,0.217,0.370,0.262","0.292,0.102,0.330,0.276","0.050,0.011,0.217,0.722",0.5,0.5,True,0.41522442309382523,0.23086530243301007,0.6119779331782824,0.3808314768463906,0.09738231292704452,SN=2=0.2734;SN=3-4=0.3574;SN=5-8=0.3708;SN=9-12=0.3536;SN>=13=0.3440,0.37853589315711245,
117,,v11+v11plus+v12_5f+v13+v16_testhist_aug,5,THR,"0.163,0.186,0.133,0.217,0.301","0.406,0.039,0.287,0.011,0.256","0.047,0.007,0.233,0.239,0.474",0.5,0.5,True,0.4151610567469124,0.2315158721597122,0.6126583212456421,0.38120243581177826,0.09820710832945417,SN=2=0.2743;SN=3-4=0.3554;SN=5-8=0.3725;SN=9-12=0.3554;SN>=13=0.3461,0.37849445442129526,
118,,v11_aug+v11plus+v16_testhist_aug,3,THR,"0.226,0.213,0.560","0.195,0.310,0.495","0.073,0.030,0.896",0.5,0.5,True,0.41210089861135896,0.2312053056009678,0.607511794343655,0.3788248405536617,0.09390630537005379,SN=2=0.2766;SN=3-4=0.3536;SN=5-8=0.3705;SN=9-12=0.3513;SN>=13=0.3458,0.37826726064287886,
119,,v11plus+v12_5f+v14_seed2+v16_testhist_aug,4,THR,"0.335,0.052,0.241,0.372","0.214,0.092,0.322,0.372","0.014,0.162,0.400,0.424",0.5,0.5,True,0.41241679435139283,0.23250336796004514,0.6118134712231764,0.38033075916921055,0.09715976862481929,SN=2=0.2741;SN=3-4=0.3567;SN=5-8=0.3713;SN=9-12=0.3491;SN>=13=0.3479,0.378146447631045,
120,,v11_aug+v11plus+v13+v14_seed2,4,THR,"0.203,0.244,0.219,0.335","0.222,0.077,0.106,0.596","0.018,0.054,0.757,0.171",0.5,0.5,True,0.40974721022632304,0.23246646112978894,0.6114394928089821,0.37917336710424127,0.09491535914951649,SN=2=0.2754;SN=3-4=0.3533;SN=5-8=0.3704;SN=9-12=0.3496;SN>=13=0.3442,0.3781112603037271,
121,,v11+v11plus+v12_5f+v13+v14_recvhand,5,THR,"0.200,0.192,0.267,0.260,0.080","0.434,0.027,0.113,0.198,0.229","0.001,0.030,0.181,0.368,0.421",0.5,0.5,True,0.4077092317282734,0.2323450219988062,0.6133115329649086,0.3786840080838136,0.09396307369221185,SN=2=0.2762;SN=3-4=0.3509;SN=5-8=0.3702;SN=9-12=0.3525;SN>=13=0.3450,0.3780980440119517,
122,,v11+v11_aug+v11plus+v12_5f+v13,5,THR,"0.059,0.226,0.165,0.086,0.464","0.278,0.124,0.059,0.169,0.369","0.077,0.026,0.004,0.347,0.547",0.5,0.5,True,0.4091178488738509,0.2332280289846575,0.6113034732808496,0.37919904579957325,0.09503326290196884,SN=2=0.2755;SN=3-4=0.3529;SN=5-8=0.3705;SN=9-12=0.3528;SN>=13=0.3395,0.3780779871228329,
123,,v11+v11_aug+v14_recvhand,3,THR,"0.199,0.320,0.481","0.241,0.227,0.532","0.018,0.003,0.980",0.5,0.5,True,0.40746797492663966,0.23388727738651455,0.6115348286724072,0.37884906665974316,0.09435756079993318,SN=2=0.2765;SN=3-4=0.3484;SN=5-8=0.3709;SN=9-12=0.3512;SN>=13=0.3479,0.3780658590340206,
124,,v11+v11_aug+v11plus+v12_5f+v14_seed2,5,THR,"0.154,0.221,0.091,0.371,0.162","0.206,0.151,0.090,0.072,0.481","0.080,0.017,0.008,0.107,0.788",0.5,0.5,True,0.41061576801591215,0.23454470057316099,0.6105326428748852,0.38017071601060637,0.09723693547053658,SN=2=0.2762;SN=3-4=0.3536;SN=5-8=0.3734;SN=9-12=0.3549;SN>=13=0.3424,0.37794782104958213,
125,,v11+v11_aug+v12_5f+v14_seed2+v16_avg3,5,THR,"0.178,0.237,0.106,0.217,0.262","0.317,0.079,0.074,0.175,0.356","0.023,0.015,0.234,0.312,0.415",0.5,0.5,True,0.4162312457993138,0.23070118889259908,0.6123863943996914,0.3812502527567035,0.0994152361814939,SN=2=0.2736;SN=3-4=0.3573;SN=5-8=0.3730;SN=9-12=0.3540;SN>=13=0.3439,0.37793820744020057,
126,,v11+v13+v14_recvhand+v16_avg3,4,THR,"0.271,0.304,0.100,0.325","0.403,0.322,0.038,0.238","0.009,0.293,0.315,0.383",0.5,0.5,True,0.41222673556621925,0.22897158119725552,0.6137177400791164,0.3792228747212132,0.09574919859422204,SN=2=0.2742;SN=3-4=0.3536;SN=5-8=0.3700;SN=9-12=0.3536;SN>=13=0.3475,0.3777438481983462,
127,,v11+v11_aug+v11plus+v14_recvhand,4,THR,"0.084,0.270,0.133,0.513","0.348,0.056,0.068,0.528","0.083,0.027,0.023,0.867",0.5,0.5,True,0.4095189437392539,0.23276421001743394,0.6099188565796669,0.37889703281860854,0.09525685167103382,SN=2=0.2757;SN=3-4=0.3514;SN=5-8=0.3709;SN=9-12=0.3546;SN>=13=0.3416,0.3776641797573357,
128,,v11+v11_aug+v13+v14_seed2,4,THR,"0.210,0.244,0.294,0.251","0.266,0.152,0.211,0.371","0.082,0.013,0.375,0.529",0.5,0.5,True,0.40956402515615803,0.23401283530863073,0.6118871294564591,0.3798081700772073,0.09709957229786381,SN=2=0.2754;SN=3-4=0.3527;SN=5-8=0.3725;SN=9-12=0.3542;SN>=13=0.3440,0.37765395670251944,
129,,v11+v12_5f+v13+v16_avg3,4,THR,"0.307,0.110,0.266,0.318","0.447,0.215,0.072,0.266","0.013,0.091,0.288,0.608",0.5,0.5,True,0.41293044779281673,0.23193704936045417,0.6133738748704763,0.38062177383540363,0.09893541507355719,SN=2=0.2747;SN=3-4=0.3559;SN=5-8=0.3736;SN=9-12=0.3559;SN>=13=0.3473,0.3775496390728691,
130,,v11+v11plus+v12_5f+v14_recvhand+v16_testhist_aug,5,THR,"0.088,0.233,0.308,0.046,0.324","0.331,0.074,0.094,0.243,0.258","0.036,0.006,0.032,0.412,0.514",0.5,0.5,True,0.4159521900440477,0.2308307073397577,0.6125518749109249,0.3812235339357071,0.10051959302015329,SN=2=0.2739;SN=3-4=0.3553;SN=5-8=0.3744;SN=9-12=0.3532;SN>=13=0.3474,0.37735931019987456,
131,,v11+v11_aug+v12_5f+v13+v14_recvhand,5,THR,"0.211,0.295,0.221,0.018,0.255","0.323,0.210,0.207,0.053,0.207","0.024,0.015,0.298,0.184,0.479",0.5,0.5,True,0.40887477668381794,0.23405735137071876,0.6132129735301677,0.37981544592784827,0.0977533144221242,SN=2=0.2748;SN=3-4=0.3532;SN=5-8=0.3726;SN=9-12=0.3542;SN>=13=0.3446,0.3773343614910302,
132,,v11+v11plus+v13+v14_recvhand+v16_avg3,5,TEMP,"0.135,0.229,0.271,0.045,0.319","0.301,0.029,0.117,0.288,0.265","0.016,0.030,0.278,0.226,0.449",0.5,0.5,True,0.4073000254486137,0.22919909450839598,0.613506812740338,0.3773010105308715,0.09121879649183617,SN=2=0.2766;SN=3-4=0.3494;SN=5-8=0.3678;SN=9-12=0.3487;SN>=13=0.3489,0.3773010105308715,
133,1,v11+v11plus+v13+v14_recvhand+v16_avg3,5,NONE,"0.135,0.229,0.271,0.045,0.319","0.301,0.029,0.117,0.288,0.265","0.016,0.030,0.278,0.226,0.449",1.0,1.0,False,0.4073000254486137,0.22919909450839598,0.613506812740338,0.3773010105308715,0.09121879649183617,SN=2=0.2766;SN=3-4=0.3494;SN=5-8=0.3678;SN=9-12=0.3487;SN>=13=0.3489,0.3773010105308715,submission_R017_dirichlet_elig1_none_v11_v11plus_v13_v14_recvhand_v16_avg3.csv
134,,v11+v11_aug+v12_5f,3,THR,"0.230,0.248,0.523","0.327,0.218,0.455","0.033,0.020,0.948",0.5,0.5,True,0.4093349318372964,0.23227713789291995,0.6098979532832025,0.378624418548727,0.09545453479650251,SN=2=0.2729;SN=3-4=0.3510;SN=5-8=0.3683;SN=9-12=0.3547;SN>=13=0.3442,0.3772927239247198,
135,,v11_aug+v11plus+v12_5f+v13+v14_seed2,5,THR,"0.218,0.211,0.283,0.235,0.053","0.249,0.064,0.135,0.137,0.414","0.013,0.016,0.492,0.428,0.051",0.5,0.5,True,0.4092547642890073,0.23154043654500578,0.6124365350837033,0.3788053873503459,0.09604432119304135,SN=2=0.2741;SN=3-4=0.3523;SN=5-8=0.3702;SN=9-12=0.3489;SN>=13=0.3435,0.3771787995280693,
136,,v11+v11_aug+v12_5f+v14_seed2,4,THR,"0.185,0.289,0.460,0.066","0.242,0.180,0.029,0.549","0.023,0.013,0.391,0.573",0.5,0.5,True,0.4094868658032878,0.23317495081341386,0.6114227693467348,0.3793492805160276,0.09725779679337443,SN=2=0.2738;SN=3-4=0.3518;SN=5-8=0.3711;SN=9-12=0.3524;SN>=13=0.3446,0.37711595489358446,
137,,v11+v11plus+v12_5f+v14_seed2+v16_testhist_aug,5,THR,"0.201,0.195,0.268,0.107,0.230","0.386,0.051,0.191,0.128,0.244","0.017,0.008,0.291,0.311,0.373",0.5,0.5,True,0.4149376045696256,0.2313340434168175,0.6119363914346989,0.380895937481517,0.10040979411003664,SN=2=0.2735;SN=3-4=0.3540;SN=5-8=0.3740;SN=9-12=0.3530;SN>=13=0.3495,0.37708661320074277,
138,,v11+v11_aug+v13+v14_seed2+v16_avg3,5,TEMP,"0.105,0.235,0.182,0.091,0.387","0.249,0.093,0.120,0.250,0.289","0.006,0.027,0.326,0.086,0.555",0.5,0.5,True,0.40585675822440054,0.23021923403742517,0.6131518840897285,0.377060773722676,0.09200040098108758,SN=2=0.2748;SN=3-4=0.3501;SN=5-8=0.3668;SN=9-12=0.3512;SN>=13=0.3464,0.377060773722676,
139,2,v11+v11_aug+v13+v14_seed2+v16_avg3,5,NONE,"0.105,0.235,0.182,0.091,0.387","0.249,0.093,0.120,0.250,0.289","0.006,0.027,0.326,0.086,0.555",1.0,1.0,False,0.40585675822440054,0.23021923403742517,0.6131518840897285,0.377060773722676,0.09200040098108758,SN=2=0.2748;SN=3-4=0.3501;SN=5-8=0.3668;SN=9-12=0.3512;SN>=13=0.3464,0.377060773722676,submission_R017_dirichlet_elig2_none_v11_v11_aug_v13_v14s2_v16_avg3.csv
140,,v11+v13+v16_avg3,3,THR,"0.305,0.387,0.309","0.389,0.346,0.266","0.014,0.414,0.572",0.5,0.5,True,0.4127494767934066,0.228484581090114,0.6133032195007215,0.3791542670535526,0.09702229247489613,SN=2=0.2740;SN=3-4=0.3542;SN=5-8=0.3710;SN=9-12=0.3509;SN>=13=0.3410,0.3770386935903486,
141,,v11+v11_aug+v12_5f+v14_recvhand+v16_avg3,5,TEMP,"0.209,0.164,0.134,0.123,0.370","0.147,0.218,0.192,0.201,0.242","0.021,0.015,0.015,0.539,0.410",0.5,0.5,True,0.406469135363945,0.22968008918208738,0.6128721066471383,0.3770341111478407,0.09214011234499886,SN=2=0.2760;SN=3-4=0.3484;SN=5-8=0.3681;SN=9-12=0.3537;SN>=13=0.3466,0.3770341111478407,
142,3,v11+v11_aug+v12_5f+v14_recvhand+v16_avg3,5,NONE,"0.209,0.164,0.134,0.123,0.370","0.147,0.218,0.192,0.201,0.242","0.021,0.015,0.015,0.539,0.410",1.0,1.0,False,0.406469135363945,0.22968008918208738,0.6128721066471383,0.3770341111478407,0.09214011234499886,SN=2=0.2760;SN=3-4=0.3484;SN=5-8=0.3681;SN=9-12=0.3537;SN>=13=0.3466,0.3770341111478407,submission_R017_dirichlet_elig3_none_v11_v11_aug_v125f_v14_recvhand_v16_avg3.csv
143,,v11+v13+v14_recvhand+v16_testhist_aug,4,THR,"0.280,0.374,0.039,0.307","0.375,0.176,0.214,0.234","0.017,0.299,0.405,0.278",0.5,0.5,True,0.41231208919637274,0.229276585538017,0.6135684450806813,0.3793491589098922,0.09748070047642532,SN=2=0.2741;SN=3-4=0.3535;SN=5-8=0.3715;SN=9-12=0.3533;SN>=13=0.3464,0.3770043814459236,
144,,v11+v11plus+v13+v14_seed2+v16_avg3,5,TEMP,"0.119,0.233,0.238,0.101,0.309","0.232,0.047,0.358,0.110,0.254","0.003,0.013,0.412,0.141,0.431",0.5,0.5,True,0.40640760649214397,0.22930677339184666,0.6134234206748058,0.3769704360885574,0.08812631512452429,SN=2=0.2763;SN=3-4=0.3494;SN=5-8=0.3644;SN=9-12=0.3494;SN>=13=0.3493,0.3769704360885574,
145,4,v11+v11plus+v13+v14_seed2+v16_avg3,5,NONE,"0.119,0.233,0.238,0.101,0.309","0.232,0.047,0.358,0.110,0.254","0.003,0.013,0.412,0.141,0.431",1.0,1.0,False,0.40640760649214397,0.22930677339184666,0.6134234206748058,0.3769704360885574,0.08812631512452429,SN=2=0.2763;SN=3-4=0.3494;SN=5-8=0.3644;SN=9-12=0.3494;SN>=13=0.3493,0.3769704360885574,submission_R017_dirichlet_elig4_none_v11_v11plus_v13_v14s2_v16_avg3.csv
146,,v11_aug+v11plus+v13+v14_recvhand+v16_avg3,5,TEMP,"0.234,0.188,0.212,0.049,0.317","0.078,0.149,0.090,0.311,0.373","0.007,0.022,0.485,0.229,0.257",0.5,0.5,True,0.40738416419843104,0.22825929730873368,0.6133560169289457,0.37692858798865503,0.09126710412749783,SN=2=0.2762;SN=3-4=0.3490;SN=5-8=0.3674;SN=9-12=0.3488;SN>=13=0.3442,0.37692858798865503,
147,5,v11_aug+v11plus+v13+v14_recvhand+v16_avg3,5,NONE,"0.234,0.188,0.212,0.049,0.317","0.078,0.149,0.090,0.311,0.373","0.007,0.022,0.485,0.229,0.257",1.0,1.0,False,0.40738416419843104,0.22825929730873368,0.6133560169289457,0.37692858798865503,0.09126710412749783,SN=2=0.2762;SN=3-4=0.3490;SN=5-8=0.3674;SN=9-12=0.3488;SN>=13=0.3442,0.37692858798865503,submission_R017_dirichlet_elig5_none_v11_aug_v11plus_v13_v14_recvhand_v16_avg3.csv
148,,v11_aug+v11plus+v12_5f+v13+v14_recvhand,5,THR,"0.268,0.221,0.340,0.160,0.011","0.276,0.055,0.032,0.168,0.469","0.024,0.020,0.449,0.110,0.397",0.5,0.5,True,0.4105959630361228,0.23152489716950425,0.6127079297557358,0.379389930033398,0.0977157075547137,SN=2=0.2734;SN=3-4=0.3520;SN=5-8=0.3712;SN=9-12=0.3515;SN>=13=0.3435,0.3769276490302852,
149,,v11+v12_5f+v13,3,THR,"0.345,0.331,0.324","0.449,0.104,0.447","0.031,0.540,0.429",0.5,0.5,True,0.4050969716282638,0.2326296684528657,0.612468387136595,0.3775843334597708,0.0941250747857984,SN=2=0.2748;SN=3-4=0.3511;SN=5-8=0.3689;SN=9-12=0.3529;SN>=13=0.3442,0.3769173688411157,
150,,v11_aug+v11plus+v14_recvhand,3,THR,"0.237,0.235,0.528","0.280,0.069,0.650","0.001,0.058,0.941",0.5,0.5,True,0.40839924924957477,0.23177627488125316,0.6111955616114362,0.3783093219746184,0.09565278034204566,SN=2=0.2747;SN=3-4=0.3521;SN=5-8=0.3703;SN=9-12=0.3509;SN>=13=0.3437,0.37687850457783967,
151,,v11+v12_5f+v14_recvhand+v16_testhist_aug,4,THR,"0.308,0.172,0.150,0.370","0.322,0.159,0.142,0.378","0.035,0.283,0.474,0.208",0.5,0.5,True,0.4120662409091452,0.2277945259977731,0.6129352884799135,0.3785313644587501,0.09613036109519474,SN=2=0.2732;SN=3-4=0.3530;SN=5-8=0.3694;SN=9-12=0.3517;SN>=13=0.3476,0.3768617566853968,
152,,v11+v11_aug+v11plus+v14_seed2+v16_testhist_aug,5,TEMP,"0.057,0.166,0.207,0.253,0.316","0.187,0.115,0.074,0.412,0.213","0.047,0.012,0.024,0.282,0.636",0.5,0.5,True,0.4069722131165806,0.229679549044506,0.6109922604486681,0.3768591569541683,0.09263423763752382,SN=2=0.2745;SN=3-4=0.3509;SN=5-8=0.3671;SN=9-12=0.3528;SN>=13=0.3456,0.3768591569541683,
153,6,v11+v11_aug+v11plus+v14_seed2+v16_testhist_aug,5,NONE,"0.057,0.166,0.207,0.253,0.316","0.187,0.115,0.074,0.412,0.213","0.047,0.012,0.024,0.282,0.636",1.0,1.0,False,0.4069722131165806,0.229679549044506,0.6109922604486681,0.3768591569541683,0.09263423763752382,SN=2=0.2745;SN=3-4=0.3509;SN=5-8=0.3671;SN=9-12=0.3528;SN>=13=0.3456,0.3768591569541683,submission_R017_dirichlet_elig6_none_v11_v11_aug_v11plus_v14s2_v16.csv
154,,v11+v11_aug+v11plus+v14_seed2,4,THR,"0.116,0.178,0.224,0.482","0.226,0.226,0.019,0.529","0.009,0.084,0.023,0.883",0.5,0.5,True,0.40766678513738225,0.23569796796335626,0.609085103414742,0.37916292192324386,0.09741872064867296,SN=2=0.2754;SN=3-4=0.3501;SN=5-8=0.3728;SN=9-12=0.3510;SN>=13=0.3457,0.37684913437315143,
155,,v11+v11_aug+v11plus+v14_seed2+v16_avg3,5,TEMP,"0.148,0.130,0.137,0.258,0.327","0.243,0.087,0.047,0.352,0.271","0.047,0.024,0.007,0.059,0.864",0.5,0.5,True,0.40647987788543744,0.23012481913099997,0.6110333624268276,0.3768485512919405,0.09187575212472321,SN=2=0.2747;SN=3-4=0.3500;SN=5-8=0.3666;SN=9-12=0.3529;SN>=13=0.3460,0.3768485512919405,
156,7,v11+v11_aug+v11plus+v14_seed2+v16_avg3,5,NONE,"0.148,0.130,0.137,0.258,0.327","0.243,0.087,0.047,0.352,0.271","0.047,0.024,0.007,0.059,0.864",1.0,1.0,False,0.40647987788543744,0.23012481913099997,0.6110333624268276,0.3768485512919405,0.09187575212472321,SN=2=0.2747;SN=3-4=0.3500;SN=5-8=0.3666;SN=9-12=0.3529;SN>=13=0.3460,0.3768485512919405,submission_R017_dirichlet_elig7_none_v11_v11_aug_v11plus_v14s2_v16_avg3.csv
157,,v11_aug+v12_5f+v14_seed2,3,THR,"0.292,0.429,0.278","0.266,0.022,0.712","0.018,0.405,0.577",0.5,0.5,True,0.4065699621872337,0.23184133391274844,0.6112007616519323,0.3776046707703793,0.09441164144509057,SN=2=0.2749;SN=3-4=0.3509;SN=5-8=0.3693;SN=9-12=0.3489;SN>=13=0.3449,0.3767944228220781,
158,,v11_aug+v11plus+v12_5f,3,THR,"0.266,0.241,0.493","0.211,0.202,0.587","0.024,0.008,0.968",0.5,0.5,True,0.40894955250263015,0.23231098002025313,0.609630974417078,0.37843040789256893,0.09611795294126046,SN=2=0.2741;SN=3-4=0.3518;SN=5-8=0.3702;SN=9-12=0.3487;SN>=13=0.3430,0.37676700419618275,
159,,v11+v11_aug+v11plus+v12_5f+v14_recvhand,5,THR,"0.120,0.229,0.127,0.453,0.071","0.170,0.253,0.036,0.218,0.323","0.045,0.013,0.027,0.217,0.698",0.5,0.5,True,0.4098346015830224,0.23326123232233087,0.6119690256594891,0.3796321386940391,0.09854071041284274,SN=2=0.2752;SN=3-4=0.3517;SN=5-8=0.3738;SN=9-12=0.3512;SN>=13=0.3446,0.3767573562618618,
160,,v11+v11plus+v12_5f+v13+v16_avg3,5,TEMP,"0.160,0.152,0.168,0.200,0.320","0.310,0.082,0.251,0.128,0.229","0.009,0.014,0.243,0.282,0.452",0.5,0.5,True,0.40592056644273844,0.22922224365326743,0.6133722667976597,0.3767315773979343,0.09277421415391035,SN=2=0.2751;SN=3-4=0.3486;SN=5-8=0.3679;SN=9-12=0.3492;SN>=13=0.3478,0.3767315773979343,
161,8,v11+v11plus+v12_5f+v13+v16_avg3,5,NONE,"0.160,0.152,0.168,0.200,0.320","0.310,0.082,0.251,0.128,0.229","0.009,0.014,0.243,0.282,0.452",1.0,1.0,False,0.40592056644273844,0.22922224365326743,0.6133722667976597,0.3767315773979343,0.09277421415391035,SN=2=0.2751;SN=3-4=0.3486;SN=5-8=0.3679;SN=9-12=0.3492;SN>=13=0.3478,0.3767315773979343,submission_R017_dirichlet_elig8_none_v11_v11plus_v125f_v13_v16_avg3.csv
162,,v11+v11_aug+v13+v14_recvhand+v16_avg3,5,TEMP,"0.136,0.226,0.299,0.019,0.321","0.298,0.001,0.129,0.153,0.419","0.024,0.014,0.186,0.307,0.469",0.5,0.5,True,0.4065118855772197,0.22905694745844535,0.6135029340588034,0.3769281200260267,0.09319704909097698,SN=2=0.2748;SN=3-4=0.3503;SN=5-8=0.3680;SN=9-12=0.3524;SN>=13=0.3481,0.3767251682547823,
163,9,v11+v11_aug+v13+v14_recvhand+v16_avg3,5,NONE,"0.136,0.226,0.299,0.019,0.321","0.298,0.001,0.129,0.153,0.419","0.024,0.014,0.186,0.307,0.469",1.0,1.0,False,0.4065118855772197,0.22905694745844535,0.6135029340588034,0.3769281200260267,0.09319704909097698,SN=2=0.2748;SN=3-4=0.3503;SN=5-8=0.3680;SN=9-12=0.3524;SN>=13=0.3481,0.3767251682547823,submission_R017_dirichlet_elig9_none_v11_v11_aug_v13_v14_recvhand_v16_avg3.csv
164,,v11+v11_aug+v13+v14_seed2+v16_testhist_aug,5,TEMP,"0.237,0.120,0.287,0.123,0.234","0.275,0.128,0.094,0.305,0.198","0.048,0.002,0.577,0.152,0.221",0.5,0.5,True,0.4056860530020114,0.22967686413951585,0.6127829349253311,0.37670175384167714,0.09279114554848811,SN=2=0.2741;SN=3-4=0.3492;SN=5-8=0.3669;SN=9-12=0.3499;SN>=13=0.3463,0.37670175384167714,
165,10,v11+v11_aug+v13+v14_seed2+v16_testhist_aug,5,NONE,"0.237,0.120,0.287,0.123,0.234","0.275,0.128,0.094,0.305,0.198","0.048,0.002,0.577,0.152,0.221",1.0,1.0,False,0.4056860530020114,0.22967686413951585,0.6127829349253311,0.37670175384167714,0.09279114554848811,SN=2=0.2741;SN=3-4=0.3492;SN=5-8=0.3669;SN=9-12=0.3499;SN>=13=0.3463,0.37670175384167714,submission_R017_dirichlet_elig10_none_v11_v11_aug_v13_v14s2_v16.csv
166,,v11+v11_aug+v13+v16_avg3,4,TEMP,"0.131,0.212,0.266,0.391","0.375,0.029,0.374,0.222","0.038,0.031,0.291,0.639",0.5,0.5,True,0.4064956150786738,0.22897567022705437,0.6125077614059409,0.3766900664034795,0.09200029096058193,SN=2=0.2744;SN=3-4=0.3495;SN=5-8=0.3664;SN=9-12=0.3524;SN>=13=0.3463,0.3766900664034795,
167,11,v11+v11_aug+v13+v16_avg3,4,NONE,"0.131,0.212,0.266,0.391","0.375,0.029,0.374,0.222","0.038,0.031,0.291,0.639",1.0,1.0,False,0.4064956150786738,0.22897567022705437,0.6125077614059409,0.3766900664034795,0.09200029096058193,SN=2=0.2744;SN=3-4=0.3495;SN=5-8=0.3664;SN=9-12=0.3524;SN>=13=0.3463,0.3766900664034795,
168,,v11+v11_aug+v11plus+v13,4,THR,"0.031,0.218,0.223,0.528","0.252,0.138,0.082,0.527","0.011,0.087,0.043,0.859",0.5,0.5,True,0.40891322335140534,0.23369526160869009,0.6084122383889123,0.37872584166182066,0.09691492366458881,SN=2=0.2753;SN=3-4=0.3531;SN=5-8=0.3722;SN=9-12=0.3532;SN>=13=0.3403,0.3766639526037703,
169,,v11+v11plus+v13,3,THR,"0.221,0.189,0.591","0.457,0.008,0.535","0.037,0.007,0.957",0.5,0.5,True,0.4057626672824035,0.23227354230082095,0.6109497706929417,0.37740443797187817,0.09434546587366804,SN=2=0.2739;SN=3-4=0.3524;SN=5-8=0.3682;SN=9-12=0.3506;SN>=13=0.3447,0.3766272778092882,
170,,v11+v11_aug+v14_seed2+v16_avg3,4,TEMP,"0.151,0.217,0.370,0.262","0.292,0.102,0.330,0.276","0.050,0.011,0.217,0.722",0.5,0.5,True,0.4057956705913341,0.2303216375450546,0.6119779331782824,0.37684250989021195,0.09341644257399062,SN=2=0.2738;SN=3-4=0.3507;SN=5-8=0.3673;SN=9-12=0.3517;SN>=13=0.3468,0.3765298613774607,
171,12,v11+v11_aug+v14_seed2+v16_avg3,4,NONE,"0.151,0.217,0.370,0.262","0.292,0.102,0.330,0.276","0.050,0.011,0.217,0.722",1.0,1.0,False,0.4057956705913341,0.2303216375450546,0.6119779331782824,0.37684250989021195,0.09341644257399062,SN=2=0.2738;SN=3-4=0.3507;SN=5-8=0.3673;SN=9-12=0.3517;SN>=13=0.3468,0.3765298613774607,
172,,v11+v11plus+v16_avg3,3,THR,"0.112,0.239,0.648","0.480,0.164,0.356","0.016,0.035,0.949",0.5,0.5,True,0.4103176912317462,0.2280030301547397,0.6109752036557803,0.37752332928575044,0.09477989476897453,SN=2=0.2749;SN=3-4=0.3528;SN=5-8=0.3696;SN=9-12=0.3501;SN>=13=0.3400,0.37652895467550723,
173,,v11_aug+v11plus+v12_5f+v14_recvhand+v16_testhist_aug,5,TEMP,"0.180,0.209,0.224,0.091,0.296","0.117,0.078,0.152,0.273,0.380","0.012,0.010,0.297,0.478,0.203",0.5,0.5,True,0.4071970276373705,0.2275478565434136,0.6128014430266253,0.37645824227763874,0.09202849849314942,SN=2=0.2754;SN=3-4=0.3484;SN=5-8=0.3674;SN=9-12=0.3492;SN>=13=0.3496,0.37645824227763874,
174,13,v11_aug+v11plus+v12_5f+v14_recvhand+v16_testhist_aug,5,NONE,"0.180,0.209,0.224,0.091,0.296","0.117,0.078,0.152,0.273,0.380","0.012,0.010,0.297,0.478,0.203",1.0,1.0,False,0.4071970276373705,0.2275478565434136,0.6128014430266253,0.37645824227763874,0.09202849849314942,SN=2=0.2754;SN=3-4=0.3484;SN=5-8=0.3674;SN=9-12=0.3492;SN>=13=0.3496,0.37645824227763874,
175,,v11+v11plus+v13+v14_seed2+v16_testhist_aug,5,TEMP,"0.152,0.233,0.105,0.169,0.341","0.368,0.036,0.065,0.267,0.264","0.002,0.010,0.494,0.083,0.412",0.5,0.5,True,0.4052738872329609,0.2293151932585163,0.6130436060866412,0.37644435341391913,0.09200847296148407,SN=2=0.2748;SN=3-4=0.3497;SN=5-8=0.3668;SN=9-12=0.3490;SN>=13=0.3495,0.37644435341391913,
176,14,v11+v11plus+v13+v14_seed2+v16_testhist_aug,5,NONE,"0.152,0.233,0.105,0.169,0.341","0.368,0.036,0.065,0.267,0.264","0.002,0.010,0.494,0.083,0.412",1.0,1.0,False,0.4052738872329609,0.2293151932585163,0.6130436060866412,0.37644435341391913,0.09200847296148407,SN=2=0.2748;SN=3-4=0.3497;SN=5-8=0.3668;SN=9-12=0.3490;SN>=13=0.3495,0.37644435341391913,
177,,v11+v11_aug+v14_recvhand+v16_avg3,4,TEMP,"0.181,0.232,0.299,0.289","0.309,0.013,0.322,0.356","0.007,0.008,0.451,0.534",0.5,0.5,True,0.4056683559972385,0.2289727116582499,0.6129313479176908,0.3764426966457335,0.09159475765336655,SN=2=0.2753;SN=3-4=0.3482;SN=5-8=0.3669;SN=9-12=0.3531;SN>=13=0.3486,0.3764426966457335,
178,15,v11+v11_aug+v14_recvhand+v16_avg3,4,NONE,"0.181,0.232,0.299,0.289","0.309,0.013,0.322,0.356","0.007,0.008,0.451,0.534",1.0,1.0,False,0.4056683559972385,0.2289727116582499,0.6129313479176908,0.3764426966457335,0.09159475765336655,SN=2=0.2753;SN=3-4=0.3482;SN=5-8=0.3669;SN=9-12=0.3531;SN>=13=0.3486,0.3764426966457335,
179,,v11+v12_5f+v14_seed2+v16_avg3,4,THR,"0.335,0.215,0.132,0.318","0.261,0.102,0.357,0.280","0.024,0.180,0.209,0.587",0.5,0.5,True,0.4123240662748311,0.22936114627604903,0.6125862545836593,0.37919133593708393,0.09829680137569918,SN=2=0.2722;SN=3-4=0.3535;SN=5-8=0.3705;SN=9-12=0.3519;SN>=13=0.3457,0.3764385080234784,
180,,v11_aug+v11plus+v13+v16_testhist_aug,4,TEMP,"0.185,0.253,0.264,0.299","0.122,0.124,0.334,0.421","0.008,0.003,0.660,0.328",0.5,0.5,True,0.40780391993268655,0.22696017682217376,0.6125212835739202,0.3764098954167282,0.09210541773860392,SN=2=0.2753;SN=3-4=0.3491;SN=5-8=0.3674;SN=9-12=0.3456;SN>=13=0.3492,0.3764098954167282,
181,16,v11_aug+v11plus+v13+v16_testhist_aug,4,NONE,"0.185,0.253,0.264,0.299","0.122,0.124,0.334,0.421","0.008,0.003,0.660,0.328",1.0,1.0,False,0.40780391993268655,0.22696017682217376,0.6125212835739202,0.3764098954167282,0.09210541773860392,SN=2=0.2753;SN=3-4=0.3491;SN=5-8=0.3674;SN=9-12=0.3456;SN>=13=0.3492,0.3764098954167282,
182,,v11+v11_aug+v12_5f+v14_recvhand+v16_testhist_aug,5,TEMP,"0.174,0.206,0.114,0.287,0.220","0.212,0.080,0.162,0.112,0.434","0.040,0.015,0.066,0.526,0.353",0.5,0.5,True,0.4059564625716482,0.22929139968879958,0.6125937780377273,0.3766179005117246,0.0932104240264997,SN=2=0.2753;SN=3-4=0.3484;SN=5-8=0.3685;SN=9-12=0.3518;SN>=13=0.3470,0.3764082612727188,
183,17,v11+v11_aug+v12_5f+v14_recvhand+v16_testhist_aug,5,NONE,"0.174,0.206,0.114,0.287,0.220","0.212,0.080,0.162,0.112,0.434","0.040,0.015,0.066,0.526,0.353",1.0,1.0,False,0.4059564625716482,0.22929139968879958,0.6125937780377273,0.3766179005117246,0.0932104240264997,SN=2=0.2753;SN=3-4=0.3484;SN=5-8=0.3685;SN=9-12=0.3518;SN>=13=0.3470,0.3764082612727188,
184,,v11_aug+v11plus+v12_5f+v14_seed2+v16_testhist_aug,5,TEMP,"0.316,0.110,0.288,0.021,0.265","0.206,0.051,0.147,0.266,0.330","0.024,0.031,0.133,0.434,0.377",0.5,0.5,True,0.40644298787029304,0.2287244521240154,0.6115182190706261,0.3763706198118486,0.09151790540691257,SN=2=0.2757;SN=3-4=0.3489;SN=5-8=0.3672;SN=9-12=0.3475;SN>=13=0.3450,0.3763706198118486,
185,18,v11_aug+v11plus+v12_5f+v14_seed2+v16_testhist_aug,5,NONE,"0.316,0.110,0.288,0.021,0.265","0.206,0.051,0.147,0.266,0.330","0.024,0.031,0.133,0.434,0.377",1.0,1.0,False,0.40644298787029304,0.2287244521240154,0.6115182190706261,0.3763706198118486,0.09151790540691257,SN=2=0.2757;SN=3-4=0.3489;SN=5-8=0.3672;SN=9-12=0.3475;SN>=13=0.3450,0.3763706198118486,
186,,v11_aug+v11plus+v13+v14_seed2+v16_testhist_aug,5,TEMP,"0.146,0.252,0.283,0.051,0.268","0.175,0.104,0.177,0.276,0.268","0.027,0.013,0.508,0.350,0.102",0.5,0.5,True,0.4066716942949698,0.22791993271574232,0.6126695010233053,0.3763705510089459,0.09156732474683577,SN=2=0.2750;SN=3-4=0.3497;SN=5-8=0.3665;SN=9-12=0.3474;SN>=13=0.3449,0.3763705510089459,
187,19,v11_aug+v11plus+v13+v14_seed2+v16_testhist_aug,5,NONE,"0.146,0.252,0.283,0.051,0.268","0.175,0.104,0.177,0.276,0.268","0.027,0.013,0.508,0.350,0.102",1.0,1.0,False,0.4066716942949698,0.22791993271574232,0.6126695010233053,0.3763705510089459,0.09156732474683577,SN=2=0.2750;SN=3-4=0.3497;SN=5-8=0.3665;SN=9-12=0.3474;SN>=13=0.3449,0.3763705510089459,
188,,v11_aug+v11plus+v14_seed2,3,THR,"0.226,0.239,0.535","0.200,0.080,0.720","0.007,0.035,0.958",0.5,0.5,True,0.40720953958339645,0.23323779416628887,0.6106386840973641,0.37830667031934695,0.0966879435783487,SN=2=0.2751;SN=3-4=0.3503;SN=5-8=0.3718;SN=9-12=0.3502;SN>=13=0.3446,0.3763582713044167,
189,,v11_aug+v11plus+v12_5f+v14_seed2+v16_avg3,5,TEMP,"0.147,0.246,0.333,0.027,0.247","0.213,0.073,0.320,0.132,0.263","0.019,0.012,0.213,0.138,0.618",0.5,0.5,True,0.40716363042370496,0.22827490228673067,0.6123586561749494,0.3766471443191642,0.09338757405465548,SN=2=0.2734;SN=3-4=0.3499;SN=5-8=0.3668;SN=9-12=0.3504;SN>=13=0.3477,0.3763489300660805,
190,20,v11_aug+v11plus+v12_5f+v14_seed2+v16_avg3,5,NONE,"0.147,0.246,0.333,0.027,0.247","0.213,0.073,0.320,0.132,0.263","0.019,0.012,0.213,0.138,0.618",1.0,1.0,False,0.40716363042370496,0.22827490228673067,0.6123586561749494,0.3766471443191642,0.09338757405465548,SN=2=0.2734;SN=3-4=0.3499;SN=5-8=0.3668;SN=9-12=0.3504;SN>=13=0.3477,0.3763489300660805,
191,,v11+v11plus+v13+v16_avg3,4,TEMP,"0.106,0.277,0.298,0.319","0.387,0.004,0.384,0.224","0.016,0.015,0.724,0.244",0.5,0.5,True,0.40585289840952005,0.2288143008591014,0.6123943786586172,0.37634575543917204,0.09092619257638962,SN=2=0.2751;SN=3-4=0.3496;SN=5-8=0.3660;SN=9-12=0.3490;SN>=13=0.3475,0.37634575543917204,
192,21,v11+v11plus+v13+v16_avg3,4,NONE,"0.106,0.277,0.298,0.319","0.387,0.004,0.384,0.224","0.016,0.015,0.724,0.244",1.0,1.0,False,0.40585289840952005,0.2288143008591014,0.6123943786586172,0.37634575543917204,0.09092619257638962,SN=2=0.2751;SN=3-4=0.3496;SN=5-8=0.3660;SN=9-12=0.3490;SN>=13=0.3475,0.37634575543917204,
193,,v11+v11_aug+v11plus+v13+v14_seed2,5,THR,"0.102,0.195,0.206,0.466,0.031","0.221,0.233,0.038,0.329,0.179","0.087,0.010,0.003,0.826,0.074",0.5,0.5,True,0.40894994616125985,0.23426336668493808,0.610669044413133,0.3794191340211058,0.09900182030673288,SN=2=0.2750;SN=3-4=0.3536;SN=5-8=0.3740;SN=9-12=0.3518;SN>=13=0.3400,0.3763137966419834,
194,,v11+v11plus+v14_seed2+v16_avg3,4,TEMP,"0.151,0.231,0.265,0.353","0.267,0.069,0.273,0.391","0.065,0.004,0.531,0.400",0.5,0.5,True,0.4054317810752766,0.22935211958408405,0.6118637633086054,0.3762863129254654,0.09182295183197375,SN=2=0.2745;SN=3-4=0.3492;SN=5-8=0.3664;SN=9-12=0.3494;SN>=13=0.3475,0.3762863129254654,
195,22,v11+v11plus+v14_seed2+v16_avg3,4,NONE,"0.151,0.231,0.265,0.353","0.267,0.069,0.273,0.391","0.065,0.004,0.531,0.400",1.0,1.0,False,0.4054317810752766,0.22935211958408405,0.6118637633086054,0.3762863129254654,0.09182295183197375,SN=2=0.2745;SN=3-4=0.3492;SN=5-8=0.3664;SN=9-12=0.3494;SN>=13=0.3475,0.3762863129254654,
196,,v11+v11_aug+v13+v16_testhist_aug,4,TEMP,"0.131,0.245,0.249,0.375","0.338,0.023,0.389,0.251","0.014,0.028,0.598,0.360",0.5,0.5,True,0.4060105792129844,0.22825593056754384,0.6124530646531278,0.3761972168428369,0.09194209891095001,SN=2=0.2745;SN=3-4=0.3490;SN=5-8=0.3664;SN=9-12=0.3524;SN>=13=0.3476,0.3761972168428369,
197,23,v11+v11_aug+v13+v16_testhist_aug,4,NONE,"0.131,0.245,0.249,0.375","0.338,0.023,0.389,0.251","0.014,0.028,0.598,0.360",1.0,1.0,False,0.4060105792129844,0.22825593056754384,0.6124530646531278,0.3761972168428369,0.09194209891095001,SN=2=0.2745;SN=3-4=0.3490;SN=5-8=0.3664;SN=9-12=0.3524;SN>=13=0.3476,0.3761972168428369,
198,,v11_aug+v11plus+v14_recvhand+v16_avg3,4,TEMP,"0.221,0.220,0.217,0.342","0.055,0.140,0.414,0.392","0.026,0.006,0.526,0.441",0.5,0.5,True,0.40640020287381967,0.2279557462650629,0.6127053010641024,0.3762834398683735,0.09296655442711266,SN=2=0.2761;SN=3-4=0.3465;SN=5-8=0.3691;SN=9-12=0.3496;SN>=13=0.3467,0.3761957354290612,
199,24,v11_aug+v11plus+v14_recvhand+v16_avg3,4,NONE,"0.221,0.220,0.217,0.342","0.055,0.140,0.414,0.392","0.026,0.006,0.526,0.441",1.0,1.0,False,0.40640020287381967,0.2279557462650629,0.6127053010641024,0.3762834398683735,0.09296655442711266,SN=2=0.2761;SN=3-4=0.3465;SN=5-8=0.3691;SN=9-12=0.3496;SN>=13=0.3467,0.3761957354290612,
200,,v11+v11plus+v12_5f+v14_recvhand+v16_avg3,5,TEMP,"0.192,0.192,0.120,0.213,0.283","0.138,0.097,0.084,0.232,0.448","0.019,0.007,0.110,0.554,0.310",0.5,0.5,True,0.4058541105090175,0.229100320602983,0.6130659854437875,0.3765949695335577,0.09359402770634834,SN=2=0.2757;SN=3-4=0.3465;SN=5-8=0.3693;SN=9-12=0.3518;SN>=13=0.3505,0.3761935284546276,
201,25,v11+v11plus+v12_5f+v14_recvhand+v16_avg3,5,NONE,"0.192,0.192,0.120,0.213,0.283","0.138,0.097,0.084,0.232,0.448","0.019,0.007,0.110,0.554,0.310",1.0,1.0,False,0.4058541105090175,0.229100320602983,0.6130659854437875,0.3765949695335577,0.09359402770634834,SN=2=0.2757;SN=3-4=0.3465;SN=5-8=0.3693;SN=9-12=0.3518;SN>=13=0.3505,0.3761935284546276,
202,,v11_aug+v11plus+v13+v14_recvhand,4,THR,"0.226,0.245,0.182,0.347","0.234,0.091,0.022,0.654","0.012,0.005,0.692,0.291",0.5,0.5,True,0.4097030380731366,0.2301188637191099,0.6124131045799339,0.3784113816328854,0.09724794277111393,SN=2=0.2732;SN=3-4=0.3524;SN=5-8=0.3704;SN=9-12=0.3510;SN>=13=0.3427,0.3761829830215725,
203,,v11+v11plus+v12_5f+v13+v14_seed2,5,THR,"0.190,0.196,0.318,0.237,0.059","0.424,0.073,0.060,0.383,0.060","0.029,0.006,0.487,0.370,0.109",0.5,0.5,True,0.4072964463367043,0.23294325450092446,0.6126627667542806,0.3786284336859076,0.09773164108902588,SN=2=0.2746;SN=3-4=0.3509;SN=5-8=0.3723;SN=9-12=0.3500;SN>=13=0.3461,0.3761581859156387,
204,,v11+v11_aug+v11plus+v14_recvhand+v16_avg3,5,TEMP,"0.056,0.243,0.135,0.252,0.314","0.267,0.124,0.009,0.353,0.247","0.101,0.015,0.048,0.391,0.444",0.5,0.5,True,0.40677084677044467,0.22910616039576284,0.6091793691547998,0.376186676697443,0.09287068343026739,SN=2=0.2754;SN=3-4=0.3493;SN=5-8=0.3683;SN=9-12=0.3523;SN>=13=0.3407,0.37614690775655335,
205,26,v11+v11_aug+v11plus+v14_recvhand+v16_avg3,5,NONE,"0.056,0.243,0.135,0.252,0.314","0.267,0.124,0.009,0.353,0.247","0.101,0.015,0.048,0.391,0.444",1.0,1.0,False,0.40677084677044467,0.22910616039576284,0.6091793691547998,0.376186676697443,0.09287068343026739,SN=2=0.2754;SN=3-4=0.3493;SN=5-8=0.3683;SN=9-12=0.3523;SN>=13=0.3407,0.37614690775655335,
206,,v11+v11_aug+v11plus+v13+v14_recvhand,5,THR,"0.173,0.259,0.074,0.147,0.345","0.254,0.166,0.051,0.103,0.426","0.059,0.013,0.017,0.350,0.562",0.5,0.5,True,0.4085334187216157,0.23104980097469344,0.6123333609997765,0.378299960078479,0.09710255657042616,SN=2=0.2740;SN=3-4=0.3516;SN=5-8=0.3711;SN=9-12=0.3517;SN>=13=0.3433,0.37614425456751,
207,,v11+v13+v14_seed2,3,THR,"0.290,0.471,0.240","0.429,0.254,0.317","0.027,0.548,0.425",0.5,0.5,True,0.40532682226039635,0.23206078392886145,0.6126705051406054,0.3774891435038242,0.0956019581933884,SN=2=0.2742;SN=3-4=0.3502;SN=5-8=0.3698;SN=9-12=0.3500;SN>=13=0.3455,0.376083737181374,
208,,v11+v11plus+v13+v16_testhist_aug,4,TEMP,"0.206,0.173,0.343,0.278","0.320,0.018,0.290,0.372","0.005,0.005,0.598,0.392",0.5,0.5,True,0.4056242629563123,0.22814299152553477,0.6127569895903944,0.3760582997108177,0.0922804408865962,SN=2=0.2755;SN=3-4=0.3484;SN=5-8=0.3678;SN=9-12=0.3483;SN>=13=0.3499,0.3760582997108177,
209,27,v11+v11plus+v13+v16_testhist_aug,4,NONE,"0.206,0.173,0.343,0.278","0.320,0.018,0.290,0.372","0.005,0.005,0.598,0.392",1.0,1.0,False,0.4056242629563123,0.22814299152553477,0.6127569895903944,0.3760582997108177,0.0922804408865962,SN=2=0.2755;SN=3-4=0.3484;SN=5-8=0.3678;SN=9-12=0.3483;SN>=13=0.3499,0.3760582997108177,
210,,v11+v11_aug+v14_recvhand+v16_testhist_aug,4,TEMP,"0.214,0.231,0.284,0.270","0.231,0.052,0.453,0.263","0.055,0.022,0.540,0.383",0.5,0.5,True,0.40535402142584814,0.2287384891060312,0.6120637839698246,0.3760497610067167,0.0924775565942465,SN=2=0.2763;SN=3-4=0.3462;SN=5-8=0.3688;SN=9-12=0.3524;SN>=13=0.3456,0.3760497610067167,
211,28,v11+v11_aug+v14_recvhand+v16_testhist_aug,4,NONE,"0.214,0.231,0.284,0.270","0.231,0.052,0.453,0.263","0.055,0.022,0.540,0.383",1.0,1.0,False,0.40535402142584814,0.2287384891060312,0.6120637839698246,0.3760497610067167,0.0924775565942465,SN=2=0.2763;SN=3-4=0.3462;SN=5-8=0.3688;SN=9-12=0.3524;SN>=13=0.3456,0.3760497610067167,
212,,v11+v13+v14_seed2+v16_avg3,4,THR,"0.283,0.401,0.019,0.298","0.290,0.072,0.278,0.361","0.013,0.367,0.147,0.473",0.5,0.5,True,0.41229266530279357,0.2293422178316137,0.6134589294638306,0.3793457391465291,0.09938353866349209,SN=2=0.2729;SN=3-4=0.3550;SN=5-8=0.3722;SN=9-12=0.3527;SN>=13=0.3448,0.3760495425890271,
213,,v11_aug+v11plus+v12_5f+v14_recvhand,4,THR,"0.232,0.181,0.376,0.211","0.255,0.105,0.237,0.403","0.023,0.010,0.335,0.632",0.5,0.5,True,0.4100300547945414,0.23180702184762697,0.6124750801518277,0.3792298466872329,0.09917889201745045,SN=2=0.2740;SN=3-4=0.3526;SN=5-8=0.3732;SN=9-12=0.3521;SN>=13=0.3449,0.37603597345275175,
214,,v11_aug+v11plus+v14_recvhand+v16_testhist_aug,4,TEMP,"0.181,0.240,0.287,0.293","0.208,0.105,0.390,0.297","0.001,0.037,0.454,0.508",0.5,0.5,True,0.40670568547191316,0.22782997820830997,0.6123049338367061,0.37627525223943054,0.09327891316469827,SN=2=0.2758;SN=3-4=0.3471;SN=5-8=0.3690;SN=9-12=0.3480;SN>=13=0.3494,0.37603136843132545,
215,29,v11_aug+v11plus+v14_recvhand+v16_testhist_aug,4,NONE,"0.181,0.240,0.287,0.293","0.208,0.105,0.390,0.297","0.001,0.037,0.454,0.508",1.0,1.0,False,0.40670568547191316,0.22782997820830997,0.6123049338367061,0.37627525223943054,0.09327891316469827,SN=2=0.2758;SN=3-4=0.3471;SN=5-8=0.3690;SN=9-12=0.3480;SN>=13=0.3494,0.37603136843132545,
216,,v11+v11plus+v14_recvhand+v16_avg3,4,TEMP,"0.109,0.286,0.294,0.311","0.315,0.032,0.323,0.330","0.007,0.045,0.710,0.238",0.5,0.5,True,0.40460591872751966,0.22924328284433643,0.6122596107705375,0.37599160278284993,0.09259806678237492,SN=2=0.2758;SN=3-4=0.3490;SN=5-8=0.3684;SN=9-12=0.3488;SN>=13=0.3480,0.37599160278284993,
217,30,v11+v11plus+v14_recvhand+v16_avg3,4,NONE,"0.109,0.286,0.294,0.311","0.315,0.032,0.323,0.330","0.007,0.045,0.710,0.238",1.0,1.0,False,0.40460591872751966,0.22924328284433643,0.6122596107705375,0.37599160278284993,0.09259806678237492,SN=2=0.2758;SN=3-4=0.3490;SN=5-8=0.3684;SN=9-12=0.3488;SN>=13=0.3480,0.37599160278284993,
218,,v11+v11plus+v13+v14_recvhand+v16_testhist_aug,5,TEMP,"0.207,0.176,0.143,0.221,0.253","0.302,0.089,0.047,0.224,0.337","0.035,0.010,0.454,0.254,0.247",0.5,0.5,True,0.4056794851530991,0.22922571574463352,0.6133480557721436,0.37663169151352177,0.09411435974373772,SN=2=0.2753;SN=3-4=0.3490;SN=5-8=0.3694;SN=9-12=0.3505;SN>=13=0.3480,0.37597008441589697,
219,31,v11+v11plus+v13+v14_recvhand+v16_testhist_aug,5,NONE,"0.207,0.176,0.143,0.221,0.253","0.302,0.089,0.047,0.224,0.337","0.035,0.010,0.454,0.254,0.247",1.0,1.0,False,0.4056794851530991,0.22922571574463352,0.6133480557721436,0.37663169151352177,0.09411435974373772,SN=2=0.2753;SN=3-4=0.3490;SN=5-8=0.3694;SN=9-12=0.3505;SN>=13=0.3480,0.37597008441589697,
220,,v11+v11plus+v14_recvhand+v16_testhist_aug,4,TEMP,"0.221,0.179,0.275,0.326","0.314,0.001,0.310,0.376","0.034,0.021,0.683,0.263",0.5,0.5,True,0.405066325783367,0.22861999680898,0.6124272950593455,0.37595998804880787,0.0892640827090127,SN=2=0.2759;SN=3-4=0.3471;SN=5-8=0.3651;SN=9-12=0.3503;SN>=13=0.3499,0.37595998804880787,
221,32,v11+v11plus+v14_recvhand+v16_testhist_aug,4,NONE,"0.221,0.179,0.275,0.326","0.314,0.001,0.310,0.376","0.034,0.021,0.683,0.263",1.0,1.0,False,0.405066325783367,0.22861999680898,0.6124272950593455,0.37595998804880787,0.0892640827090127,SN=2=0.2759;SN=3-4=0.3471;SN=5-8=0.3651;SN=9-12=0.3503;SN>=13=0.3499,0.37595998804880787,
222,,v11_aug+v11plus+v12_5f+v13+v16_avg3,5,TEMP,"0.186,0.234,0.081,0.215,0.284","0.141,0.129,0.252,0.116,0.362","0.004,0.027,0.346,0.286,0.338",0.5,0.5,True,0.40840733950725033,0.2281804456865451,0.6130550053344783,0.37724611514441386,0.09536972402766719,SN=2=0.2741;SN=3-4=0.3507;SN=5-8=0.3695;SN=9-12=0.3495;SN>=13=0.3460,0.3759568259048243,
223,33,v11_aug+v11plus+v12_5f+v13+v16_avg3,5,NONE,"0.186,0.234,0.081,0.215,0.284","0.141,0.129,0.252,0.116,0.362","0.004,0.027,0.346,0.286,0.338",1.0,1.0,False,0.40840733950725033,0.2281804456865451,0.6130550053344783,0.37724611514441386,0.09536972402766719,SN=2=0.2741;SN=3-4=0.3507;SN=5-8=0.3695;SN=9-12=0.3495;SN>=13=0.3460,0.3759568259048243,
224,,v11+v11_aug+v14_seed2+v16_testhist_aug,4,TEMP,"0.114,0.333,0.276,0.276","0.207,0.170,0.431,0.191","0.010,0.018,0.634,0.339",0.5,0.5,True,0.40439291678609235,0.2297141060405886,0.6115405522235253,0.37595091957537746,0.09225993819844663,SN=2=0.2738;SN=3-4=0.3496;SN=5-8=0.3660;SN=9-12=0.3526;SN>=13=0.3451,0.37595091957537746,
225,34,v11+v11_aug+v14_seed2+v16_testhist_aug,4,NONE,"0.114,0.333,0.276,0.276","0.207,0.170,0.431,0.191","0.010,0.018,0.634,0.339",1.0,1.0,False,0.40439291678609235,0.2297141060405886,0.6115405522235253,0.37595091957537746,0.09225993819844663,SN=2=0.2738;SN=3-4=0.3496;SN=5-8=0.3660;SN=9-12=0.3526;SN>=13=0.3451,0.37595091957537746,
226,,v11_aug+v12_5f+v13+v14_recvhand,4,THR,"0.396,0.152,0.178,0.274","0.267,0.356,0.002,0.374","0.014,0.162,0.369,0.454",0.5,0.5,True,0.4079356239052575,0.22998218637040635,0.613233385493968,0.37781380120905916,0.09654679182100995,SN=2=0.2731;SN=3-4=0.3530;SN=5-8=0.3697;SN=9-12=0.3493;SN>=13=0.3409,0.3759359780727982,
227,,v11_aug+v11plus+v13+v16_avg3,4,TEMP,"0.200,0.221,0.322,0.257","0.064,0.119,0.302,0.516","0.007,0.005,0.392,0.596",0.5,0.5,True,0.40817557298633744,0.22651210500190572,0.6132584855387043,0.37652676830303816,0.09398837048587372,SN=2=0.2748;SN=3-4=0.3487;SN=5-8=0.3688;SN=9-12=0.3485;SN>=13=0.3489,0.37592815583434536,
228,35,v11_aug+v11plus+v13+v16_avg3,4,NONE,"0.200,0.221,0.322,0.257","0.064,0.119,0.302,0.516","0.007,0.005,0.392,0.596",1.0,1.0,False,0.40817557298633744,0.22651210500190572,0.6132584855387043,0.37652676830303816,0.09398837048587372,SN=2=0.2748;SN=3-4=0.3487;SN=5-8=0.3688;SN=9-12=0.3485;SN>=13=0.3489,0.37592815583434536,
229,,v11+v11_aug+v11plus+v12_5f+v16_testhist_aug,5,TEMP,"0.122,0.151,0.132,0.316,0.279","0.130,0.051,0.098,0.278,0.444","0.064,0.009,0.002,0.366,0.559",0.5,0.5,True,0.4078372817264426,0.22857352505400846,0.6109001324801178,0.376744349208204,0.0944746177188015,SN=2=0.2742;SN=3-4=0.3486;SN=5-8=0.3687;SN=9-12=0.3537;SN>=13=0.3474,0.3759026131230473,
230,36,v11+v11_aug+v11plus+v12_5f+v16_testhist_aug,5,NONE,"0.122,0.151,0.132,0.316,0.279","0.130,0.051,0.098,0.278,0.444","0.064,0.009,0.002,0.366,0.559",1.0,1.0,False,0.4078372817264426,0.22857352505400846,0.6109001324801178,0.376744349208204,0.0944746177188015,SN=2=0.2742;SN=3-4=0.3486;SN=5-8=0.3687;SN=9-12=0.3537;SN>=13=0.3474,0.3759026131230473,
231,,v11_aug+v13+v14_seed2,3,THR,"0.271,0.233,0.495","0.306,0.004,0.690","0.017,0.453,0.531",0.5,0.5,True,0.4044874191700236,0.22957540362907602,0.6125203673271974,0.3761292025850793,0.09334992544110826,SN=2=0.2731;SN=3-4=0.3530;SN=5-8=0.3665;SN=9-12=0.3462;SN>=13=0.3406,0.37584981263876927,
232,,v11_aug+v11plus+v13+v14_recvhand+v16_testhist_aug,5,TEMP,"0.237,0.235,0.200,0.094,0.234","0.120,0.091,0.305,0.213,0.272","0.024,0.022,0.228,0.301,0.425",0.5,0.5,True,0.4070498757573444,0.22704233206169264,0.6130834407483071,0.37625357127727627,0.09362292577866416,SN=2=0.2749;SN=3-4=0.3482;SN=5-8=0.3685;SN=9-12=0.3466;SN>=13=0.3463,0.37583768116218824,
233,37,v11_aug+v11plus+v13+v14_recvhand+v16_testhist_aug,5,NONE,"0.237,0.235,0.200,0.094,0.234","0.120,0.091,0.305,0.213,0.272","0.024,0.022,0.228,0.301,0.425",1.0,1.0,False,0.4070498757573444,0.22704233206169264,0.6130834407483071,0.37625357127727627,0.09362292577866416,SN=2=0.2749;SN=3-4=0.3482;SN=5-8=0.3685;SN=9-12=0.3466;SN>=13=0.3463,0.37583768116218824,
234,,v11+v11_aug+v12_5f+v14_recvhand,4,THR,"0.186,0.280,0.387,0.147","0.271,0.233,0.197,0.299","0.044,0.035,0.468,0.454",0.5,0.5,True,0.40841784061849157,0.23325182248268855,0.6119794372915429,0.3790637526987806,0.09929912928746593,SN=2=0.2731;SN=3-4=0.3518;SN=5-8=0.3724;SN=9-12=0.3540;SN>=13=0.3456,0.37580976082929174,
235,,v11_aug+v11plus+v12_5f+v13+v16_testhist_aug,5,TEMP,"0.205,0.239,0.086,0.235,0.233","0.096,0.134,0.103,0.204,0.464","0.005,0.002,0.073,0.521,0.399",0.5,0.5,True,0.40837283530919116,0.22714526806370552,0.612882718772622,0.3767837851036831,0.09481865159748554,SN=2=0.2749;SN=3-4=0.3489;SN=5-8=0.3698;SN=9-12=0.3480;SN>=13=0.3482,0.37577003207918436,
236,38,v11_aug+v11plus+v12_5f+v13+v16_testhist_aug,5,NONE,"0.205,0.239,0.086,0.235,0.233","0.096,0.134,0.103,0.204,0.464","0.005,0.002,0.073,0.521,0.399",1.0,1.0,False,0.40837283530919116,0.22714526806370552,0.612882718772622,0.3767837851036831,0.09481865159748554,SN=2=0.2749;SN=3-4=0.3489;SN=5-8=0.3698;SN=9-12=0.3480;SN>=13=0.3482,0.37577003207918436,
237,,v11+v11plus+v13+v14_seed2,4,THR,"0.151,0.225,0.387,0.238","0.397,0.087,0.178,0.338","0.008,0.005,0.410,0.578",0.5,0.5,True,0.407582236632695,0.23278127744936533,0.612610678066205,0.37866754124606516,0.09870219571129119,SN=2=0.2744;SN=3-4=0.3523;SN=5-8=0.3731;SN=9-12=0.3496;SN>=13=0.3466,0.37571201616466365,
238,,v11_aug+v11plus+v14_seed2+v16_testhist_aug,4,TEMP,"0.251,0.187,0.315,0.247","0.246,0.039,0.422,0.293","0.054,0.006,0.525,0.415",0.5,0.5,True,0.40597699669251724,0.22779354036647487,0.610965223538392,0.37570125953127526,0.09219670632839999,SN=2=0.2748;SN=3-4=0.3479;SN=5-8=0.3670;SN=9-12=0.3481;SN>=13=0.3461,0.37570125953127526,
239,39,v11_aug+v11plus+v14_seed2+v16_testhist_aug,4,NONE,"0.251,0.187,0.315,0.247","0.246,0.039,0.422,0.293","0.054,0.006,0.525,0.415",1.0,1.0,False,0.40597699669251724,0.22779354036647487,0.610965223538392,0.37570125953127526,0.09219670632839999,SN=2=0.2748;SN=3-4=0.3479;SN=5-8=0.3670;SN=9-12=0.3481;SN>=13=0.3461,0.37570125953127526,
240,,v11_aug+v12_5f+v13+v14_recvhand+v16_testhist_aug,5,TEMP,"0.368,0.124,0.213,0.048,0.246","0.213,0.247,0.076,0.179,0.285","0.000,0.053,0.321,0.357,0.268",0.5,0.5,True,0.4044492043768528,0.22796787139605845,0.613514723154976,0.37566977494015974,0.08844332963056234,SN=2=0.2760;SN=3-4=0.3481;SN=5-8=0.3644;SN=9-12=0.3471;SN>=13=0.3448,0.37566977494015974,
241,40,v11_aug+v12_5f+v13+v14_recvhand+v16_testhist_aug,5,NONE,"0.368,0.124,0.213,0.048,0.246","0.213,0.247,0.076,0.179,0.285","0.000,0.053,0.321,0.357,0.268",1.0,1.0,False,0.4044492043768528,0.22796787139605845,0.613514723154976,0.37566977494015974,0.08844332963056234,SN=2=0.2760;SN=3-4=0.3481;SN=5-8=0.3644;SN=9-12=0.3471;SN>=13=0.3448,0.37566977494015974,
242,,v11+v11_aug+v13+v14_recvhand,4,THR,"0.208,0.214,0.267,0.311","0.390,0.066,0.223,0.322","0.022,0.033,0.560,0.385",0.5,0.5,True,0.40936337947653184,0.23083400919614241,0.6124852054825644,0.3785759965655826,0.09862435566480837,SN=2=0.2726;SN=3-4=0.3518;SN=5-8=0.3712;SN=9-12=0.3541;SN>=13=0.3478,0.37565939150742245,
243,,v11+v12_5f+v13+v14_seed2,4,THR,"0.345,0.066,0.429,0.160","0.452,0.015,0.350,0.183","0.019,0.239,0.422,0.320",0.5,0.5,True,0.4056103049982364,0.23184691540881355,0.6128967805402021,0.37756224427086044,0.09660723977408198,SN=2=0.2741;SN=3-4=0.3510;SN=5-8=0.3707;SN=9-12=0.3497;SN>=13=0.3459,0.3756541971580635,
244,,v11+v11plus+v14_seed2+v16_testhist_aug,4,TEMP,"0.199,0.147,0.349,0.305","0.282,0.078,0.307,0.333","0.049,0.003,0.513,0.435",0.5,0.5,True,0.40425884469071244,0.2289985728377899,0.6117316018351112,0.37564928737842324,0.09052791838128149,SN=2=0.2739;SN=3-4=0.3469;SN=5-8=0.3644;SN=9-12=0.3502;SN>=13=0.3493,0.37564928737842324,
245,41,v11+v11plus+v14_seed2+v16_testhist_aug,4,NONE,"0.199,0.147,0.349,0.305","0.282,0.078,0.307,0.333","0.049,0.003,0.513,0.435",1.0,1.0,False,0.40425884469071244,0.2289985728377899,0.6117316018351112,0.37564928737842324,0.09052791838128149,SN=2=0.2739;SN=3-4=0.3469;SN=5-8=0.3644;SN=9-12=0.3502;SN>=13=0.3493,0.37564928737842324,
246,,v11+v13+v16_avg3,3,TEMP,"0.305,0.387,0.309","0.389,0.346,0.266","0.014,0.414,0.572",0.5,0.5,True,0.40318600693623735,0.22926159367546894,0.6133032195007215,0.37563968414482685,0.09100934614252115,SN=2=0.2750;SN=3-4=0.3479;SN=5-8=0.3660;SN=9-12=0.3498;SN>=13=0.3483,0.37563968414482685,
247,42,v11+v13+v16_avg3,3,NONE,"0.305,0.387,0.309","0.389,0.346,0.266","0.014,0.414,0.572",1.0,1.0,False,0.40318600693623735,0.22926159367546894,0.6133032195007215,0.37563968414482685,0.09100934614252115,SN=2=0.2750;SN=3-4=0.3479;SN=5-8=0.3660;SN=9-12=0.3498;SN>=13=0.3483,0.37563968414482685,
248,,v11_aug+v11plus+v12_5f+v16_testhist_aug,4,TEMP,"0.191,0.249,0.233,0.326","0.225,0.005,0.419,0.351","0.008,0.006,0.571,0.415",0.5,0.5,True,0.4062453903359772,0.22721737152186833,0.6110481057070536,0.37559472588454895,0.09079447161027937,SN=2=0.2744;SN=3-4=0.3485;SN=5-8=0.3652;SN=9-12=0.3476;SN>=13=0.3491,0.37559472588454895,
249,43,v11_aug+v11plus+v12_5f+v16_testhist_aug,4,NONE,"0.191,0.249,0.233,0.326","0.225,0.005,0.419,0.351","0.008,0.006,0.571,0.415",1.0,1.0,False,0.4062453903359772,0.22721737152186833,0.6110481057070536,0.37559472588454895,0.09079447161027937,SN=2=0.2744;SN=3-4=0.3485;SN=5-8=0.3652;SN=9-12=0.3476;SN>=13=0.3491,0.37559472588454895,
250,,v11+v12_5f+v14_seed2+v16_testhist_aug,4,THR,"0.359,0.336,0.058,0.247","0.319,0.040,0.274,0.367","0.026,0.237,0.374,0.363",0.5,0.5,True,0.4108451434353825,0.23243217235331107,0.6119854079528757,0.3797080079060526,0.10102158655198251,SN=2=0.2732;SN=3-4=0.3517;SN=5-8=0.3742;SN=9-12=0.3532;SN>=13=0.3521,0.37559278740430535,
251,,v11+v11plus+v12_5f+v13+v16_testhist_aug,5,TEMP,"0.163,0.186,0.133,0.217,0.301","0.406,0.039,0.287,0.011,0.256","0.047,0.007,0.233,0.239,0.474",0.5,0.5,True,0.40614005843337225,0.22924733171141573,0.6126583212456421,0.37668662030704364,0.09499162838925762,SN=2=0.2742;SN=3-4=0.3497;SN=5-8=0.3692;SN=9-12=0.3504;SN>=13=0.3487,0.3755863788866589,
252,44,v11+v11plus+v12_5f+v13+v16_testhist_aug,5,NONE,"0.163,0.186,0.133,0.217,0.301","0.406,0.039,0.287,0.011,0.256","0.047,0.007,0.233,0.239,0.474",1.0,1.0,False,0.40614005843337225,0.22924733171141573,0.6126583212456421,0.37668662030704364,0.09499162838925762,SN=2=0.2742;SN=3-4=0.3497;SN=5-8=0.3692;SN=9-12=0.3504;SN>=13=0.3487,0.3755863788866589,
253,,v11+v13+v14_seed2+v16_avg3,4,TEMP,"0.283,0.401,0.019,0.298","0.290,0.072,0.278,0.361","0.013,0.367,0.147,0.473",0.5,0.5,True,0.40285500374136557,0.22933824434506705,0.6134589294638306,0.37556908512733916,0.090580631419372,SN=2=0.2748;SN=3-4=0.3483;SN=5-8=0.3654;SN=9-12=0.3492;SN>=13=0.3461,0.37556908512733916,
254,45,v11+v13+v14_seed2+v16_avg3,4,NONE,"0.283,0.401,0.019,0.298","0.290,0.072,0.278,0.361","0.013,0.367,0.147,0.473",1.0,1.0,False,0.40285500374136557,0.22933824434506705,0.6134589294638306,0.37556908512733916,0.090580631419372,SN=2=0.2748;SN=3-4=0.3483;SN=5-8=0.3654;SN=9-12=0.3492;SN>=13=0.3461,0.37556908512733916,
255,,v11_aug+v11plus+v13+v14_seed2+v16_avg3,5,TEMP,"0.209,0.240,0.235,0.096,0.219","0.207,0.055,0.033,0.380,0.325","0.013,0.018,0.392,0.244,0.333",0.5,0.5,True,0.40749056062201805,0.22807662688268518,0.6132789655712616,0.37688266811613363,0.09544724592815623,SN=2=0.2745;SN=3-4=0.3497;SN=5-8=0.3699;SN=9-12=0.3488;SN>=13=0.3442,0.37555461792629957,
256,46,v11_aug+v11plus+v13+v14_seed2+v16_avg3,5,NONE,"0.209,0.240,0.235,0.096,0.219","0.207,0.055,0.033,0.380,0.325","0.013,0.018,0.392,0.244,0.333",1.0,1.0,False,0.40749056062201805,0.22807662688268518,0.6132789655712616,0.37688266811613363,0.09544724592815623,SN=2=0.2745;SN=3-4=0.3497;SN=5-8=0.3699;SN=9-12=0.3488;SN>=13=0.3442,0.37555461792629957,
257,,v11_aug+v11plus+v12_5f+v14_recvhand+v16_avg3,5,TEMP,"0.196,0.252,0.261,0.004,0.287","0.210,0.053,0.242,0.168,0.326","0.023,0.002,0.233,0.178,0.565",0.5,0.5,True,0.4076774207514452,0.22778718583661822,0.6127732188322123,0.3767404864016678,0.09517731163712279,SN=2=0.2744;SN=3-4=0.3485;SN=5-8=0.3696;SN=9-12=0.3489;SN>=13=0.3487,0.3755474033573505,
258,47,v11_aug+v11plus+v12_5f+v14_recvhand+v16_avg3,5,NONE,"0.196,0.252,0.261,0.004,0.287","0.210,0.053,0.242,0.168,0.326","0.023,0.002,0.233,0.178,0.565",1.0,1.0,False,0.4076774207514452,0.22778718583661822,0.6127732188322123,0.3767404864016678,0.09517731163712279,SN=2=0.2744;SN=3-4=0.3485;SN=5-8=0.3696;SN=9-12=0.3489;SN>=13=0.3487,0.3755474033573505,
259,,v11_aug+v13+v14_recvhand,3,THR,"0.382,0.277,0.341","0.278,0.018,0.704","0.018,0.501,0.481",0.5,0.5,True,0.40671401481466357,0.22798230497065108,0.6128624573851628,0.37645101939115844,0.0946108330803892,SN=2=0.2725;SN=3-4=0.3519;SN=5-8=0.3671;SN=9-12=0.3479;SN>=13=0.3397,0.3755411756252079,
260,,v11+v13+v14_recvhand+v16_avg3,4,TEMP,"0.271,0.304,0.100,0.325","0.403,0.322,0.038,0.238","0.009,0.293,0.315,0.383",0.5,0.5,True,0.4029939939860822,0.2289357428186202,0.6137177400791164,0.37551544273770426,0.09012562580483591,SN=2=0.2751;SN=3-4=0.3485;SN=5-8=0.3652;SN=9-12=0.3501;SN>=13=0.3472,0.37551544273770426,
261,48,v11+v13+v14_recvhand+v16_avg3,4,NONE,"0.271,0.304,0.100,0.325","0.403,0.322,0.038,0.238","0.009,0.293,0.315,0.383",1.0,1.0,False,0.4029939939860822,0.2289357428186202,0.6137177400791164,0.37551544273770426,0.09012562580483591,SN=2=0.2751;SN=3-4=0.3485;SN=5-8=0.3652;SN=9-12=0.3501;SN>=13=0.3472,0.37551544273770426,
262,,v11+v12_5f+v13+v14_seed2+v16_avg3,5,TEMP,"0.291,0.100,0.271,0.038,0.299","0.385,0.118,0.215,0.039,0.243","0.027,0.032,0.238,0.183,0.520",0.5,0.5,True,0.4030566725109551,0.22900911983946387,0.6134109645048148,0.3755085098411306,0.09123126951551774,SN=2=0.2746;SN=3-4=0.3481;SN=5-8=0.3658;SN=9-12=0.3499;SN>=13=0.3483,0.3755085098411306,
263,49,v11+v12_5f+v13+v14_seed2+v16_avg3,5,NONE,"0.291,0.100,0.271,0.038,0.299","0.385,0.118,0.215,0.039,0.243","0.027,0.032,0.238,0.183,0.520",1.0,1.0,False,0.4030566725109551,0.22900911983946387,0.6134109645048148,0.3755085098411306,0.09123126951551774,SN=2=0.2746;SN=3-4=0.3481;SN=5-8=0.3658;SN=9-12=0.3499;SN>=13=0.3483,0.3755085098411306,
264,,v11+v11_aug+v12_5f+v14_seed2+v16_testhist_aug,5,TEMP,"0.217,0.164,0.155,0.140,0.325","0.255,0.111,0.027,0.351,0.255","0.014,0.024,0.355,0.558,0.049",0.5,0.5,True,0.40544194360250585,0.22966770542616133,0.6114074245862198,0.3763253445287108,0.09443924309855006,SN=2=0.2735;SN=3-4=0.3487;SN=5-8=0.3679;SN=9-12=0.3526;SN>=13=0.3473,0.37550129575367985,
265,50,v11+v11_aug+v12_5f+v14_seed2+v16_testhist_aug,5,NONE,"0.217,0.164,0.155,0.140,0.325","0.255,0.111,0.027,0.351,0.255","0.014,0.024,0.355,0.558,0.049",1.0,1.0,False,0.40544194360250585,0.22966770542616133,0.6114074245862198,0.3763253445287108,0.09443924309855006,SN=2=0.2735;SN=3-4=0.3487;SN=5-8=0.3679;SN=9-12=0.3526;SN>=13=0.3473,0.37550129575367985,
266,,v11+v11plus+v12_5f+v14_recvhand+v16_testhist_aug,5,TEMP,"0.088,0.233,0.308,0.046,0.324","0.331,0.074,0.094,0.243,0.258","0.036,0.006,0.032,0.412,0.514",0.5,0.5,True,0.4049348522648161,0.22909126683387937,0.6125518749109249,0.3761208226216632,0.09403880309275287,SN=2=0.2737;SN=3-4=0.3480;SN=5-8=0.3677;SN=9-12=0.3521;SN>=13=0.3486,0.37549699384953084,
267,51,v11+v11plus+v12_5f+v14_recvhand+v16_testhist_aug,5,NONE,"0.088,0.233,0.308,0.046,0.324","0.331,0.074,0.094,0.243,0.258","0.036,0.006,0.032,0.412,0.514",1.0,1.0,False,0.4049348522648161,0.22909126683387937,0.6125518749109249,0.3761208226216632,0.09403880309275287,SN=2=0.2737;SN=3-4=0.3480;SN=5-8=0.3677;SN=9-12=0.3521;SN>=13=0.3486,0.37549699384953084,
268,,v11_aug+v11plus+v12_5f+v16_avg3,4,TEMP,"0.242,0.171,0.377,0.210","0.104,0.089,0.371,0.436","0.058,0.025,0.447,0.470",0.5,0.5,True,0.4076512525100527,0.22803931289694232,0.6107529455504597,0.3764268152728899,0.09480626858208652,SN=2=0.2735;SN=3-4=0.3508;SN=5-8=0.3683;SN=9-12=0.3500;SN>=13=0.3439,0.3754192537560907,
269,52,v11_aug+v11plus+v12_5f+v16_avg3,4,NONE,"0.242,0.171,0.377,0.210","0.104,0.089,0.371,0.436","0.058,0.025,0.447,0.470",1.0,1.0,False,0.4076512525100527,0.22803931289694232,0.6107529455504597,0.3764268152728899,0.09480626858208652,SN=2=0.2735;SN=3-4=0.3508;SN=5-8=0.3683;SN=9-12=0.3500;SN>=13=0.3439,0.3754192537560907,
270,,v11+v12_5f+v13+v16_testhist_aug,4,TEMP,"0.307,0.129,0.220,0.344","0.403,0.168,0.176,0.253","0.020,0.160,0.500,0.321",0.5,0.5,True,0.4030265496427373,0.22893464161210372,0.6130527438015947,0.37539502526225543,0.0925488662351645,SN=2=0.2744;SN=3-4=0.3472;SN=5-8=0.3669;SN=9-12=0.3501;SN>=13=0.3491,0.37539502526225543,
271,53,v11+v12_5f+v13+v16_testhist_aug,4,NONE,"0.307,0.129,0.220,0.344","0.403,0.168,0.176,0.253","0.020,0.160,0.500,0.321",1.0,1.0,False,0.4030265496427373,0.22893464161210372,0.6130527438015947,0.37539502526225543,0.0925488662351645,SN=2=0.2744;SN=3-4=0.3472;SN=5-8=0.3669;SN=9-12=0.3501;SN>=13=0.3491,0.37539502526225543,
272,,v11+v12_5f+v13+v14_recvhand+v16_avg3,5,TEMP,"0.274,0.159,0.182,0.019,0.365","0.327,0.091,0.067,0.154,0.361","0.012,0.015,0.348,0.168,0.458",0.5,0.5,True,0.40293435135979194,0.2286522908450737,0.6136731595812057,0.37536928879818743,0.09226667541879274,SN=2=0.2746;SN=3-4=0.3482;SN=5-8=0.3668;SN=9-12=0.3514;SN>=13=0.3480,0.37536928879818743,
273,54,v11+v12_5f+v13+v14_recvhand+v16_avg3,5,NONE,"0.274,0.159,0.182,0.019,0.365","0.327,0.091,0.067,0.154,0.361","0.012,0.015,0.348,0.168,0.458",1.0,1.0,False,0.40293435135979194,0.2286522908450737,0.6136731595812057,0.37536928879818743,0.09226667541879274,SN=2=0.2746;SN=3-4=0.3482;SN=5-8=0.3668;SN=9-12=0.3514;SN>=13=0.3480,0.37536928879818743,
274,,v11+v12_5f+v14_recvhand+v16_avg3,4,TEMP,"0.271,0.259,0.133,0.337","0.332,0.005,0.300,0.363","0.030,0.227,0.453,0.290",0.5,0.5,True,0.40275506600212607,0.22908127941217077,0.613162475588316,0.375367033283382,0.0920395174705505,SN=2=0.2750;SN=3-4=0.3476;SN=5-8=0.3670;SN=9-12=0.3487;SN>=13=0.3486,0.375367033283382,
275,55,v11+v12_5f+v14_recvhand+v16_avg3,4,NONE,"0.271,0.259,0.133,0.337","0.332,0.005,0.300,0.363","0.030,0.227,0.453,0.290",1.0,1.0,False,0.40275506600212607,0.22908127941217077,0.613162475588316,0.375367033283382,0.0920395174705505,SN=2=0.2750;SN=3-4=0.3476;SN=5-8=0.3670;SN=9-12=0.3487;SN>=13=0.3486,0.375367033283382,
276,,v11_aug+v12_5f+v14_recvhand,3,THR,"0.348,0.267,0.384","0.275,0.110,0.615","0.012,0.340,0.648",0.5,0.5,True,0.40720059593098734,0.2291262286202132,0.6124933102025631,0.3770293918609929,0.09615564260865744,SN=2=0.2728;SN=3-4=0.3511;SN=5-8=0.3690;SN=9-12=0.3494;SN>=13=0.3427,0.37534714333090824,
277,,v11plus+v13+v14_recvhand+v16_avg3,4,TEMP,"0.321,0.177,0.062,0.439","0.181,0.179,0.271,0.369","0.022,0.312,0.254,0.412",0.5,0.5,True,0.4045461937399459,0.22696528170672106,0.6136927873104181,0.3753431476407504,0.09176914299574812,SN=2=0.2753;SN=3-4=0.3471;SN=5-8=0.3671;SN=9-12=0.3477;SN>=13=0.3456,0.3753431476407504,
278,56,v11plus+v13+v14_recvhand+v16_avg3,4,NONE,"0.321,0.177,0.062,0.439","0.181,0.179,0.271,0.369","0.022,0.312,0.254,0.412",1.0,1.0,False,0.4045461937399459,0.22696528170672106,0.6136927873104181,0.3753431476407504,0.09176914299574812,SN=2=0.2753;SN=3-4=0.3471;SN=5-8=0.3671;SN=9-12=0.3477;SN>=13=0.3456,0.3753431476407504,
279,,v11+v11_aug+v11plus+v13+v16_avg3,5,TEMP,"0.107,0.132,0.115,0.273,0.374","0.356,0.004,0.037,0.214,0.389","0.009,0.003,0.042,0.117,0.829",0.5,0.5,True,0.40809365123105185,0.22833061109269925,0.6119839026020014,0.37696648544990075,0.09604687877732249,SN=2=0.2743;SN=3-4=0.3496;SN=5-8=0.3704;SN=9-12=0.3531;SN>=13=0.3489,0.3753386188354836,
280,57,v11+v11_aug+v11plus+v13+v16_avg3,5,NONE,"0.107,0.132,0.115,0.273,0.374","0.356,0.004,0.037,0.214,0.389","0.009,0.003,0.042,0.117,0.829",1.0,1.0,False,0.40809365123105185,0.22833061109269925,0.6119839026020014,0.37696648544990075,0.09604687877732249,SN=2=0.2743;SN=3-4=0.3496;SN=5-8=0.3704;SN=9-12=0.3531;SN>=13=0.3489,0.3753386188354836,
281,,v11_aug+v11plus+v14_seed2+v16_avg3,4,TEMP,"0.286,0.186,0.259,0.268","0.193,0.148,0.498,0.162","0.017,0.022,0.281,0.680",0.5,0.5,True,0.4069031974340153,0.22786464193785722,0.612195671518139,0.3763462700523768,0.09480977510814337,SN=2=0.2746;SN=3-4=0.3483;SN=5-8=0.3694;SN=9-12=0.3507;SN>=13=0.3445,0.3753369552725492,
282,58,v11_aug+v11plus+v14_seed2+v16_avg3,4,NONE,"0.286,0.186,0.259,0.268","0.193,0.148,0.498,0.162","0.017,0.022,0.281,0.680",1.0,1.0,False,0.4069031974340153,0.22786464193785722,0.612195671518139,0.3763462700523768,0.09480977510814337,SN=2=0.2746;SN=3-4=0.3483;SN=5-8=0.3694;SN=9-12=0.3507;SN>=13=0.3445,0.3753369552725492,
283,,v11+v11_aug+v12_5f+v14_seed2+v16_avg3,5,TEMP,"0.178,0.237,0.106,0.217,0.262","0.317,0.079,0.074,0.175,0.356","0.023,0.015,0.234,0.312,0.415",0.5,0.5,True,0.40606004603450957,0.22992754991527908,0.6123863943996914,0.37687231725985376,0.09586943829379913,SN=2=0.2735;SN=3-4=0.3501;SN=5-8=0.3694;SN=9-12=0.3547;SN>=13=0.3472,0.37533317088719825,
284,59,v11+v11_aug+v12_5f+v14_seed2+v16_avg3,5,NONE,"0.178,0.237,0.106,0.217,0.262","0.317,0.079,0.074,0.175,0.356","0.023,0.015,0.234,0.312,0.415",1.0,1.0,False,0.40606004603450957,0.22992754991527908,0.6123863943996914,0.37687231725985376,0.09586943829379913,SN=2=0.2735;SN=3-4=0.3501;SN=5-8=0.3694;SN=9-12=0.3547;SN>=13=0.3472,0.37533317088719825,
285,,v11+v11_aug+v11plus+v13+v16_testhist_aug,5,TEMP,"0.086,0.234,0.138,0.259,0.283","0.383,0.092,0.033,0.340,0.152","0.006,0.050,0.038,0.462,0.443",0.5,0.5,True,0.40788940058706274,0.22753285960082822,0.611403285180719,0.37644956111130023,0.09503012178168352,SN=2=0.2736;SN=3-4=0.3497;SN=5-8=0.3686;SN=9-12=0.3521;SN>=13=0.3450,0.37533007299470256,
286,60,v11+v11_aug+v11plus+v13+v16_testhist_aug,5,NONE,"0.086,0.234,0.138,0.259,0.283","0.383,0.092,0.033,0.340,0.152","0.006,0.050,0.038,0.462,0.443",1.0,1.0,False,0.40788940058706274,0.22753285960082822,0.611403285180719,0.37644956111130023,0.09503012178168352,SN=2=0.2736;SN=3-4=0.3497;SN=5-8=0.3686;SN=9-12=0.3521;SN>=13=0.3450,0.37533007299470256,
287,,v11_aug+v12_5f+v13+v14_seed2+v16_testhist_aug,5,TEMP,"0.370,0.094,0.236,0.022,0.279","0.165,0.229,0.051,0.155,0.400","0.010,0.136,0.308,0.276,0.270",0.5,0.5,True,0.40427290287659423,0.2275237732597017,0.6130514711221079,0.37532896467894,0.08905556322982539,SN=2=0.2756;SN=3-4=0.3484;SN=5-8=0.3647;SN=9-12=0.3458;SN>=13=0.3448,0.37532896467894,
288,61,v11_aug+v12_5f+v13+v14_seed2+v16_testhist_aug,5,NONE,"0.370,0.094,0.236,0.022,0.279","0.165,0.229,0.051,0.155,0.400","0.010,0.136,0.308,0.276,0.270",1.0,1.0,False,0.40427290287659423,0.2275237732597017,0.6130514711221079,0.37532896467894,0.08905556322982539,SN=2=0.2756;SN=3-4=0.3484;SN=5-8=0.3647;SN=9-12=0.3458;SN>=13=0.3448,0.37532896467894,
289,,v11_aug+v12_5f+v13+v14_seed2+v16_avg3,5,TEMP,"0.347,0.116,0.191,0.080,0.266","0.240,0.272,0.041,0.204,0.243","0.002,0.134,0.349,0.155,0.360",0.5,0.5,True,0.4037393557000397,0.22778509330059285,0.6133808372729714,0.37528594705484736,0.08755922236365044,SN=2=0.2752;SN=3-4=0.3486;SN=5-8=0.3628;SN=9-12=0.3460;SN>=13=0.3440,0.37528594705484736,
290,62,v11_aug+v12_5f+v13+v14_seed2+v16_avg3,5,NONE,"0.347,0.116,0.191,0.080,0.266","0.240,0.272,0.041,0.204,0.243","0.002,0.134,0.349,0.155,0.360",1.0,1.0,False,0.4037393557000397,0.22778509330059285,0.6133808372729714,0.37528594705484736,0.08755922236365044,SN=2=0.2752;SN=3-4=0.3486;SN=5-8=0.3628;SN=9-12=0.3460;SN>=13=0.3440,0.37528594705484736,
291,,v11plus+v13+v14_seed2+v16_avg3,4,TEMP,"0.319,0.140,0.120,0.421","0.198,0.066,0.314,0.421","0.014,0.352,0.193,0.442",0.5,0.5,True,0.4046179421620862,0.22687339511564408,0.6134465731280164,0.3752858495366954,0.09278966551634982,SN=2=0.2739;SN=3-4=0.3476;SN=5-8=0.3667;SN=9-12=0.3493;SN>=13=0.3460,0.3752858495366954,
292,63,v11plus+v13+v14_seed2+v16_avg3,4,NONE,"0.319,0.140,0.120,0.421","0.198,0.066,0.314,0.421","0.014,0.352,0.193,0.442",1.0,1.0,False,0.4046179421620862,0.22687339511564408,0.6134465731280164,0.3752858495366954,0.09278966551634982,SN=2=0.2739;SN=3-4=0.3476;SN=5-8=0.3667;SN=9-12=0.3493;SN>=13=0.3460,0.3752858495366954,
293,,v11+v11plus+v12_5f+v14_seed2+v16_avg3,5,TEMP,"0.151,0.206,0.288,0.117,0.238","0.275,0.064,0.034,0.295,0.332","0.010,0.008,0.197,0.223,0.562",0.5,0.5,True,0.4052355533479975,0.22942608066664585,0.6125604705510498,0.37637674771606733,0.09501028981300719,SN=2=0.2735;SN=3-4=0.3481;SN=5-8=0.3686;SN=9-12=0.3503;SN>=13=0.3496,0.3752671755838078,
294,64,v11+v11plus+v12_5f+v14_seed2+v16_avg3,5,NONE,"0.151,0.206,0.288,0.117,0.238","0.275,0.064,0.034,0.295,0.332","0.010,0.008,0.197,0.223,0.562",1.0,1.0,False,0.4052355533479975,0.22942608066664585,0.6125604705510498,0.37637674771606733,0.09501028981300719,SN=2=0.2735;SN=3-4=0.3481;SN=5-8=0.3686;SN=9-12=0.3503;SN>=13=0.3496,0.3752671755838078,
295,,v11_aug+v12_5f+v13+v14_recvhand+v16_avg3,5,TEMP,"0.396,0.050,0.218,0.054,0.281","0.208,0.089,0.200,0.218,0.285","0.017,0.085,0.249,0.291,0.358",0.5,0.5,True,0.40374165202247486,0.22757033128325843,0.6136171414694314,0.3752482216161796,0.08729724094029323,SN=2=0.2761;SN=3-4=0.3461;SN=5-8=0.3634;SN=9-12=0.3484;SN>=13=0.3427,0.3752482216161796,
296,65,v11_aug+v12_5f+v13+v14_recvhand+v16_avg3,5,NONE,"0.396,0.050,0.218,0.054,0.281","0.208,0.089,0.200,0.218,0.285","0.017,0.085,0.249,0.291,0.358",1.0,1.0,False,0.40374165202247486,0.22757033128325843,0.6136171414694314,0.3752482216161796,0.08729724094029323,SN=2=0.2761;SN=3-4=0.3461;SN=5-8=0.3634;SN=9-12=0.3484;SN>=13=0.3427,0.3752482216161796,
297,,v11+v13+v14_recvhand+v16_testhist_aug,4,TEMP,"0.280,0.374,0.039,0.307","0.375,0.176,0.214,0.234","0.017,0.299,0.405,0.278",0.5,0.5,True,0.4029429696678985,0.2283853743325297,0.6135684450806813,0.37524502661630754,0.09081191229180452,SN=2=0.2752;SN=3-4=0.3479;SN=5-8=0.3660;SN=9-12=0.3494;SN>=13=0.3466,0.37524502661630754,
298,66,v11+v13+v14_recvhand+v16_testhist_aug,4,NONE,"0.280,0.374,0.039,0.307","0.375,0.176,0.214,0.234","0.017,0.299,0.405,0.278",1.0,1.0,False,0.4029429696678985,0.2283853743325297,0.6135684450806813,0.37524502661630754,0.09081191229180452,SN=2=0.2752;SN=3-4=0.3479;SN=5-8=0.3660;SN=9-12=0.3494;SN>=13=0.3466,0.37524502661630754,
299,,v11plus+v12_5f+v13+v16_avg3,4,TEMP,"0.314,0.085,0.170,0.431","0.115,0.166,0.246,0.473","0.016,0.214,0.334,0.436",0.5,0.5,True,0.4048281196147829,0.22657685274705944,0.6133747156227596,0.3752369320692889,0.09151029108156389,SN=2=0.2748;SN=3-4=0.3472;SN=5-8=0.3663;SN=9-12=0.3475;SN>=13=0.3468,0.3752369320692889,
300,67,v11plus+v12_5f+v13+v16_avg3,4,NONE,"0.314,0.085,0.170,0.431","0.115,0.166,0.246,0.473","0.016,0.214,0.334,0.436",1.0,1.0,False,0.4048281196147829,0.22657685274705944,0.6133747156227596,0.3752369320692889,0.09151029108156389,SN=2=0.2748;SN=3-4=0.3472;SN=5-8=0.3663;SN=9-12=0.3475;SN>=13=0.3468,0.3752369320692889,
301,,v11_aug+v12_5f+v14_recvhand+v16_avg3,4,TEMP,"0.343,0.218,0.165,0.274","0.193,0.155,0.179,0.473","0.020,0.106,0.402,0.472",0.5,0.5,True,0.40377073916941625,0.2277776987161615,0.6129872600072195,0.375216827155675,0.08726793218295531,SN=2=0.2759;SN=3-4=0.3481;SN=5-8=0.3632;SN=9-12=0.3488;SN>=13=0.3443,0.375216827155675,
302,68,v11_aug+v12_5f+v14_recvhand+v16_avg3,4,NONE,"0.343,0.218,0.165,0.274","0.193,0.155,0.179,0.473","0.020,0.106,0.402,0.472",1.0,1.0,False,0.40377073916941625,0.2277776987161615,0.6129872600072195,0.375216827155675,0.08726793218295531,SN=2=0.2759;SN=3-4=0.3481;SN=5-8=0.3632;SN=9-12=0.3488;SN>=13=0.3443,0.375216827155675,
303,,v11+v12_5f+v14_seed2+v16_avg3,4,TEMP,"0.335,0.215,0.132,0.318","0.261,0.102,0.357,0.280","0.024,0.180,0.209,0.587",0.5,0.5,True,0.4024873150018215,0.22923939058455103,0.6125862545836593,0.3752079331512809,0.09064758432639308,SN=2=0.2751;SN=3-4=0.3462;SN=5-8=0.3657;SN=9-12=0.3520;SN>=13=0.3465,0.3752079331512809,
304,69,v11+v12_5f+v14_seed2+v16_avg3,4,NONE,"0.335,0.215,0.132,0.318","0.261,0.102,0.357,0.280","0.024,0.180,0.209,0.587",1.0,1.0,False,0.4024873150018215,0.22923939058455103,0.6125862545836593,0.3752079331512809,0.09064758432639308,SN=2=0.2751;SN=3-4=0.3462;SN=5-8=0.3657;SN=9-12=0.3520;SN>=13=0.3465,0.3752079331512809,
305,,v11+v11_aug+v13+v14_seed2+v16_avg3,5,THR,"0.105,0.235,0.182,0.091,0.387","0.249,0.093,0.120,0.250,0.289","0.006,0.027,0.326,0.086,0.555",0.5,0.5,True,0.4150733021093872,0.22694182070169183,0.6131518840897285,0.3794364259423773,0.10124968972775628,SN=2=0.2696;SN=3-4=0.3573;SN=5-8=0.3709;SN=9-12=0.3528;SN>=13=0.3406,0.3752071538527432,
306,,v11plus+v12_5f+v13+v14_recvhand+v16_avg3,5,TEMP,"0.313,0.057,0.059,0.205,0.367","0.126,0.057,0.177,0.193,0.447","0.013,0.147,0.285,0.290,0.265",0.5,0.5,True,0.4041950143212387,0.22693346858137806,0.6137312119174694,0.37519763554454055,0.09016560961398667,SN=2=0.2751;SN=3-4=0.3476;SN=5-8=0.3653;SN=9-12=0.3474;SN>=13=0.3473,0.37519763554454055,
307,70,v11plus+v12_5f+v13+v14_recvhand+v16_avg3,5,NONE,"0.313,0.057,0.059,0.205,0.367","0.126,0.057,0.177,0.193,0.447","0.013,0.147,0.285,0.290,0.265",1.0,1.0,False,0.4041950143212387,0.22693346858137806,0.6137312119174694,0.37519763554454055,0.09016560961398667,SN=2=0.2751;SN=3-4=0.3476;SN=5-8=0.3653;SN=9-12=0.3474;SN>=13=0.3473,0.37519763554454055,
308,,v11+v13+v14_seed2+v16_testhist_aug,4,TEMP,"0.249,0.189,0.219,0.343","0.392,0.197,0.146,0.264","0.011,0.460,0.173,0.356",0.5,0.5,True,0.4024386686212663,0.22896790622810076,0.6131605952404715,0.37519474898784116,0.08995676846739797,SN=2=0.2742;SN=3-4=0.3481;SN=5-8=0.3642;SN=9-12=0.3489;SN>=13=0.3470,0.37519474898784116,
309,71,v11+v13+v14_seed2+v16_testhist_aug,4,NONE,"0.249,0.189,0.219,0.343","0.392,0.197,0.146,0.264","0.011,0.460,0.173,0.356",1.0,1.0,False,0.4024386686212663,0.22896790622810076,0.6131605952404715,0.37519474898784116,0.08995676846739797,SN=2=0.2742;SN=3-4=0.3481;SN=5-8=0.3642;SN=9-12=0.3489;SN>=13=0.3470,0.37519474898784116,
310,,v11_aug+v13+v14_seed2+v16_avg3,4,TEMP,"0.257,0.183,0.068,0.492","0.180,0.154,0.283,0.382","0.008,0.365,0.201,0.426",0.5,0.5,True,0.40340739170503814,0.22782319316031482,0.6133643398815048,0.37516510192244223,0.0851024409362684,SN=2=0.2761;SN=3-4=0.3472;SN=5-8=0.3612;SN=9-12=0.3460;SN>=13=0.3455,0.37516510192244223,
311,72,v11_aug+v13+v14_seed2+v16_avg3,4,NONE,"0.257,0.183,0.068,0.492","0.180,0.154,0.283,0.382","0.008,0.365,0.201,0.426",1.0,1.0,False,0.40340739170503814,0.22782319316031482,0.6133643398815048,0.37516510192244223,0.0851024409362684,SN=2=0.2761;SN=3-4=0.3472;SN=5-8=0.3612;SN=9-12=0.3460;SN>=13=0.3455,0.37516510192244223,
312,,v11_aug+v12_5f+v14_seed2+v16_avg3,4,TEMP,"0.376,0.329,0.034,0.260","0.230,0.111,0.361,0.299","0.004,0.111,0.213,0.672",0.5,0.5,True,0.4036789426417871,0.2280158300796916,0.6123990667395531,0.37515772243650214,0.08812467790143408,SN=2=0.2757;SN=3-4=0.3478;SN=5-8=0.3639;SN=9-12=0.3469;SN>=13=0.3446,0.37515772243650214,
313,73,v11_aug+v12_5f+v14_seed2+v16_avg3,4,NONE,"0.376,0.329,0.034,0.260","0.230,0.111,0.361,0.299","0.004,0.111,0.213,0.672",1.0,1.0,False,0.4036789426417871,0.2280158300796916,0.6123990667395531,0.37515772243650214,0.08812467790143408,SN=2=0.2757;SN=3-4=0.3478;SN=5-8=0.3639;SN=9-12=0.3469;SN>=13=0.3446,0.37515772243650214,
314,,v11+v12_5f+v13+v14_recvhand+v16_testhist_aug,5,TEMP,"0.300,0.105,0.037,0.232,0.325","0.286,0.003,0.162,0.269,0.280","0.020,0.137,0.217,0.336,0.290",0.5,0.5,True,0.4024944851889423,0.22850597911189796,0.6136028985977038,0.3751207654398769,0.08892783275111393,SN=2=0.2760;SN=3-4=0.3453;SN=5-8=0.3649;SN=9-12=0.3491;SN>=13=0.3469,0.3751207654398769,
315,74,v11+v12_5f+v13+v14_recvhand+v16_testhist_aug,5,NONE,"0.300,0.105,0.037,0.232,0.325","0.286,0.003,0.162,0.269,0.280","0.020,0.137,0.217,0.336,0.290",1.0,1.0,False,0.4024944851889423,0.22850597911189796,0.6136028985977038,0.3751207654398769,0.08892783275111393,SN=2=0.2760;SN=3-4=0.3453;SN=5-8=0.3649;SN=9-12=0.3491;SN>=13=0.3469,0.3751207654398769,
316,,v11_aug+v12_5f+v13+v16_avg3,4,TEMP,"0.363,0.253,0.098,0.286","0.234,0.413,0.074,0.279","0.018,0.172,0.343,0.466",0.5,0.5,True,0.4038683306541941,0.22725325557805992,0.6132737152011393,0.3751033775331295,0.08780947033764513,SN=2=0.2754;SN=3-4=0.3489;SN=5-8=0.3632;SN=9-12=0.3470;SN>=13=0.3427,0.3751033775331295,
317,75,v11_aug+v12_5f+v13+v16_avg3,4,NONE,"0.363,0.253,0.098,0.286","0.234,0.413,0.074,0.279","0.018,0.172,0.343,0.466",1.0,1.0,False,0.4038683306541941,0.22725325557805992,0.6132737152011393,0.3751033775331295,0.08780947033764513,SN=2=0.2754;SN=3-4=0.3489;SN=5-8=0.3632;SN=9-12=0.3470;SN>=13=0.3427,0.3751033775331295,
318,,v11_aug+v13+v14_recvhand+v16_avg3,4,TEMP,"0.378,0.221,0.168,0.233","0.208,0.277,0.184,0.331","0.012,0.214,0.173,0.601",0.5,0.5,True,0.4035671937841514,0.22740114899754665,0.6134470735365148,0.37507675181998223,0.08712973483877079,SN=2=0.2760;SN=3-4=0.3466;SN=5-8=0.3631;SN=9-12=0.3481;SN>=13=0.3426,0.37507675181998223,
319,76,v11_aug+v13+v14_recvhand+v16_avg3,4,NONE,"0.378,0.221,0.168,0.233","0.208,0.277,0.184,0.331","0.012,0.214,0.173,0.601",1.0,1.0,False,0.4035671937841514,0.22740114899754665,0.6134470735365148,0.37507675181998223,0.08712973483877079,SN=2=0.2760;SN=3-4=0.3466;SN=5-8=0.3631;SN=9-12=0.3481;SN>=13=0.3426,0.37507675181998223,
320,,v11+v13+v16_testhist_aug,3,TEMP,"0.257,0.415,0.328","0.322,0.349,0.329","0.026,0.455,0.518",0.5,0.5,True,0.40306709280589637,0.228134932699059,0.612895792099343,0.37505996862185076,0.08967948658265423,SN=2=0.2751;SN=3-4=0.3476;SN=5-8=0.3647;SN=9-12=0.3485;SN>=13=0.3475,0.37505996862185076,
321,77,v11+v13+v16_testhist_aug,3,NONE,"0.257,0.415,0.328","0.322,0.349,0.329","0.026,0.455,0.518",1.0,1.0,False,0.40306709280589637,0.228134932699059,0.612895792099343,0.37505996862185076,0.08967948658265423,SN=2=0.2751;SN=3-4=0.3476;SN=5-8=0.3647;SN=9-12=0.3485;SN>=13=0.3475,0.37505996862185076,
322,,v11+v12_5f+v14_recvhand+v16_testhist_aug,4,TEMP,"0.308,0.172,0.150,0.370","0.322,0.159,0.142,0.378","0.035,0.283,0.474,0.208",0.5,0.5,True,0.4021114523676241,0.2290577048739205,0.6129352884799135,0.37505472059260053,0.09067579124469705,SN=2=0.2745;SN=3-4=0.3463;SN=5-8=0.3652;SN=9-12=0.3521;SN>=13=0.3474,0.37505472059260053,
323,78,v11+v12_5f+v14_recvhand+v16_testhist_aug,4,NONE,"0.308,0.172,0.150,0.370","0.322,0.159,0.142,0.378","0.035,0.283,0.474,0.208",1.0,1.0,False,0.4021114523676241,0.2290577048739205,0.6129352884799135,0.37505472059260053,0.09067579124469705,SN=2=0.2745;SN=3-4=0.3463;SN=5-8=0.3652;SN=9-12=0.3521;SN>=13=0.3474,0.37505472059260053,
324,,v11_aug+v13+v14_seed2+v16_testhist_aug,4,TEMP,"0.328,0.196,0.212,0.264","0.179,0.234,0.269,0.317","0.002,0.443,0.210,0.345",0.5,0.5,True,0.40347368565991243,0.227588059533806,0.6130901201497884,0.3750427221074451,0.08732936278693698,SN=2=0.2755;SN=3-4=0.3466;SN=5-8=0.3628;SN=9-12=0.3449;SN>=13=0.3459,0.3750427221074451,
325,79,v11_aug+v13+v14_seed2+v16_testhist_aug,4,NONE,"0.328,0.196,0.212,0.264","0.179,0.234,0.269,0.317","0.002,0.443,0.210,0.345",1.0,1.0,False,0.40347368565991243,0.227588059533806,0.6130901201497884,0.3750427221074451,0.08732936278693698,SN=2=0.2755;SN=3-4=0.3466;SN=5-8=0.3628;SN=9-12=0.3449;SN>=13=0.3459,0.3750427221074451,
326,,v11+v11_aug+v12_5f+v16_testhist_aug,4,TEMP,"0.195,0.236,0.357,0.213","0.266,0.055,0.338,0.341","0.010,0.025,0.477,0.487",0.5,0.5,True,0.40635973242995316,0.22839169937782894,0.6111326751558126,0.3761271077542754,0.09504218303519774,SN=2=0.2727;SN=3-4=0.3490;SN=5-8=0.3678;SN=9-12=0.3522;SN>=13=0.3475,0.37500158901092057,
327,80,v11+v11_aug+v12_5f+v16_testhist_aug,4,NONE,"0.195,0.236,0.357,0.213","0.266,0.055,0.338,0.341","0.010,0.025,0.477,0.487",1.0,1.0,False,0.40635973242995316,0.22839169937782894,0.6111326751558126,0.3761271077542754,0.09504218303519774,SN=2=0.2727;SN=3-4=0.3490;SN=5-8=0.3678;SN=9-12=0.3522;SN>=13=0.3475,0.37500158901092057,
328,,v11plus+v12_5f+v14_recvhand,3,THR,"0.325,0.498,0.177","0.187,0.186,0.628","0.005,0.401,0.593",0.5,0.5,True,0.4046247816592924,0.22877639509033232,0.6125202943079853,0.37586452956144695,0.09455226029347275,SN=2=0.2728;SN=3-4=0.3505;SN=5-8=0.3673;SN=9-12=0.3487;SN>=13=0.3440,0.37498397218895463,
329,,v11_aug+v12_5f+v13+v14_seed2,4,THR,"0.285,0.248,0.335,0.132","0.260,0.365,0.029,0.346","0.003,0.184,0.381,0.431",0.5,0.5,True,0.40636283674647095,0.22834805787448467,0.6127024706414254,0.3764248519766673,0.09568056955806237,SN=2=0.2725;SN=3-4=0.3505;SN=5-8=0.3682;SN=9-12=0.3467;SN>=13=0.3423,0.3749801399718802,
330,,v11+v11_aug+v13+v16_testhist_aug,4,THR,"0.131,0.245,0.249,0.375","0.338,0.023,0.389,0.251","0.014,0.028,0.598,0.360",0.5,0.5,True,0.4153974296346042,0.22555010699190664,0.6124530646531278,0.3788696275812299,0.10058395065113679,SN=2=0.2704;SN=3-4=0.3553;SN=5-8=0.3709;SN=9-12=0.3519;SN>=13=0.3441,0.37497322502990554,
331,,v11+v11plus+v12_5f+v14_seed2+v16_testhist_aug,5,TEMP,"0.201,0.195,0.268,0.107,0.230","0.386,0.051,0.191,0.128,0.244","0.017,0.008,0.291,0.311,0.373",0.5,0.5,True,0.40490970771928325,0.2297120295223123,0.6119363914346989,0.37623597318357804,0.09531937738815605,SN=2=0.2730;SN=3-4=0.3495;SN=5-8=0.3683;SN=9-12=0.3506;SN>=13=0.3500,0.37497185726374405,
332,81,v11+v11plus+v12_5f+v14_seed2+v16_testhist_aug,5,NONE,"0.201,0.195,0.268,0.107,0.230","0.386,0.051,0.191,0.128,0.244","0.017,0.008,0.291,0.311,0.373",1.0,1.0,False,0.40490970771928325,0.2297120295223123,0.6119363914346989,0.37623597318357804,0.09531937738815605,SN=2=0.2730;SN=3-4=0.3495;SN=5-8=0.3683;SN=9-12=0.3506;SN>=13=0.3500,0.37497185726374405,
333,,v11_aug+v12_5f+v13,3,THR,"0.336,0.506,0.158","0.266,0.406,0.328","0.018,0.425,0.558",0.5,0.5,True,0.4075311257521247,0.22796134519777977,0.6122490803275623,0.37664680444547427,0.0961596848732556,SN=2=0.2721;SN=3-4=0.3513;SN=5-8=0.3682;SN=9-12=0.3466;SN>=13=0.3388,0.3749625347830905,
334,,v11plus+v14_recvhand+v16_avg3,3,TEMP,"0.318,0.308,0.375","0.147,0.338,0.515","0.015,0.486,0.499",0.5,0.5,True,0.40362689383975775,0.22761168908871238,0.612946335420366,0.37508470025546126,0.09304840331841185,SN=2=0.2749;SN=3-4=0.3461;SN=5-8=0.3680;SN=9-12=0.3493;SN>=13=0.3504,0.37495607137049936,
335,82,v11plus+v14_recvhand+v16_avg3,3,NONE,"0.318,0.308,0.375","0.147,0.338,0.515","0.015,0.486,0.499",1.0,1.0,False,0.40362689383975775,0.22761168908871238,0.612946335420366,0.37508470025546126,0.09304840331841185,SN=2=0.2749;SN=3-4=0.3461;SN=5-8=0.3680;SN=9-12=0.3493;SN>=13=0.3504,0.37495607137049936,
336,,v11+v11_aug+v12_5f+v13+v16_avg3,5,TEMP,"0.214,0.204,0.346,0.010,0.226","0.396,0.013,0.173,0.084,0.334","0.008,0.027,0.193,0.519,0.254",0.5,0.5,True,0.40660837161283514,0.22867518749481297,0.6128195806688663,0.37667733977683254,0.09627853444820755,SN=2=0.2724;SN=3-4=0.3504;SN=5-8=0.3687;SN=9-12=0.3542;SN>=13=0.3486,0.3749336453269728,
337,83,v11+v11_aug+v12_5f+v13+v16_avg3,5,NONE,"0.214,0.204,0.346,0.010,0.226","0.396,0.013,0.173,0.084,0.334","0.008,0.027,0.193,0.519,0.254",1.0,1.0,False,0.40660837161283514,0.22867518749481297,0.6128195806688663,0.37667733977683254,0.09627853444820755,SN=2=0.2724;SN=3-4=0.3504;SN=5-8=0.3687;SN=9-12=0.3542;SN>=13=0.3486,0.3749336453269728,
338,,v11_aug+v13+v14_recvhand+v16_testhist_aug,4,TEMP,"0.321,0.294,0.057,0.328","0.235,0.278,0.242,0.246","0.020,0.240,0.452,0.288",0.5,0.5,True,0.4032431770520584,0.22742176802339492,0.6133207090458886,0.3749301198393591,0.0860907864501057,SN=2=0.2767;SN=3-4=0.3465;SN=5-8=0.3628;SN=9-12=0.3463;SN>=13=0.3441,0.3749301198393591,
339,84,v11_aug+v13+v14_recvhand+v16_testhist_aug,4,NONE,"0.321,0.294,0.057,0.328","0.235,0.278,0.242,0.246","0.020,0.240,0.452,0.288",1.0,1.0,False,0.4032431770520584,0.22742176802339492,0.6133207090458886,0.3749301198393591,0.0860907864501057,SN=2=0.2767;SN=3-4=0.3465;SN=5-8=0.3628;SN=9-12=0.3463;SN>=13=0.3441,0.3749301198393591,
340,,v11+v11plus+v12_5f+v16_testhist_aug,4,TEMP,"0.190,0.167,0.300,0.343","0.211,0.079,0.283,0.427","0.020,0.005,0.457,0.518",0.5,0.5,True,0.40497154570366367,0.2286265209602189,0.6113311017705045,0.37570544701965397,0.09434379011616001,SN=2=0.2737;SN=3-4=0.3462;SN=5-8=0.3681;SN=9-12=0.3508;SN>=13=0.3493,0.374929124735818,
341,85,v11+v11plus+v12_5f+v16_testhist_aug,4,NONE,"0.190,0.167,0.300,0.343","0.211,0.079,0.283,0.427","0.020,0.005,0.457,0.518",1.0,1.0,False,0.40497154570366367,0.2286265209602189,0.6113311017705045,0.37570544701965397,0.09434379011616001,SN=2=0.2737;SN=3-4=0.3462;SN=5-8=0.3681;SN=9-12=0.3508;SN>=13=0.3493,0.374929124735818,
342,,v11plus+v13+v14_recvhand+v16_testhist_aug,4,TEMP,"0.286,0.141,0.134,0.439","0.172,0.197,0.234,0.397","0.015,0.256,0.417,0.312",0.5,0.5,True,0.40384927889337224,0.22661447400393292,0.613507142358137,0.3748869296305495,0.0894151247798377,SN=2=0.2761;SN=3-4=0.3460;SN=5-8=0.3655;SN=9-12=0.3450;SN>=13=0.3481,0.3748869296305495,
343,86,v11plus+v13+v14_recvhand+v16_testhist_aug,4,NONE,"0.286,0.141,0.134,0.439","0.172,0.197,0.234,0.397","0.015,0.256,0.417,0.312",1.0,1.0,False,0.40384927889337224,0.22661447400393292,0.613507142358137,0.3748869296305495,0.0894151247798377,SN=2=0.2761;SN=3-4=0.3460;SN=5-8=0.3655;SN=9-12=0.3450;SN>=13=0.3481,0.3748869296305495,
344,,v11plus+v13+v16_avg3,3,TEMP,"0.284,0.357,0.359","0.137,0.413,0.450","0.006,0.429,0.565",0.5,0.5,True,0.4045320628201097,0.22604281888158848,0.613270996163701,0.37488415191341945,0.09178190795348834,SN=2=0.2742;SN=3-4=0.3465;SN=5-8=0.3660;SN=9-12=0.3452;SN>=13=0.3476,0.37488415191341945,
345,87,v11plus+v13+v16_avg3,3,NONE,"0.284,0.357,0.359","0.137,0.413,0.450","0.006,0.429,0.565",1.0,1.0,False,0.4045320628201097,0.22604281888158848,0.613270996163701,0.37488415191341945,0.09178190795348834,SN=2=0.2742;SN=3-4=0.3465;SN=5-8=0.3660;SN=9-12=0.3452;SN>=13=0.3476,0.37488415191341945,
346,,v11_aug+v12_5f+v14_recvhand+v16_testhist_aug,4,TEMP,"0.343,0.361,0.013,0.283","0.204,0.280,0.243,0.273","0.016,0.174,0.585,0.224",0.5,0.5,True,0.4034352183652683,0.22738068204876005,0.6127120147062309,0.37486876310685757,0.08647704711858895,SN=2=0.2757;SN=3-4=0.3466;SN=5-8=0.3622;SN=9-12=0.3473;SN>=13=0.3457,0.37486876310685757,
347,88,v11_aug+v12_5f+v14_recvhand+v16_testhist_aug,4,NONE,"0.343,0.361,0.013,0.283","0.204,0.280,0.243,0.273","0.016,0.174,0.585,0.224",1.0,1.0,False,0.4034352183652683,0.22738068204876005,0.6127120147062309,0.37486876310685757,0.08647704711858895,SN=2=0.2757;SN=3-4=0.3466;SN=5-8=0.3622;SN=9-12=0.3473;SN>=13=0.3457,0.37486876310685757,
348,,v11_aug+v12_5f+v16_avg3,3,TEMP,"0.357,0.316,0.327","0.270,0.400,0.331","0.001,0.304,0.695",0.5,0.5,True,0.40407241766782637,0.2269729886056117,0.6121780784259538,0.374853778194566,0.08951646610615765,SN=2=0.2742;SN=3-4=0.3487;SN=5-8=0.3637;SN=9-12=0.3479;SN>=13=0.3442,0.374853778194566,
349,89,v11_aug+v12_5f+v16_avg3,3,NONE,"0.357,0.316,0.327","0.270,0.400,0.331","0.001,0.304,0.695",1.0,1.0,False,0.40407241766782637,0.2269729886056117,0.6121780784259538,0.374853778194566,0.08951646610615765,SN=2=0.2742;SN=3-4=0.3487;SN=5-8=0.3637;SN=9-12=0.3479;SN>=13=0.3442,0.374853778194566,
350,,v11+v12_5f+v13+v16_avg3,4,TEMP,"0.307,0.110,0.266,0.318","0.447,0.215,0.072,0.266","0.013,0.091,0.288,0.608",0.5,0.5,True,0.40315985556623274,0.22861382897323995,0.6133738748704763,0.37538424878988436,0.09386089518894059,SN=2=0.2735;SN=3-4=0.3492;SN=5-8=0.3673;SN=9-12=0.3502;SN>=13=0.3482,0.3748493739696581,
351,90,v11+v12_5f+v13+v16_avg3,4,NONE,"0.307,0.110,0.266,0.318","0.447,0.215,0.072,0.266","0.013,0.091,0.288,0.608",1.0,1.0,False,0.40315985556623274,0.22861382897323995,0.6133738748704763,0.37538424878988436,0.09386089518894059,SN=2=0.2735;SN=3-4=0.3492;SN=5-8=0.3673;SN=9-12=0.3502;SN>=13=0.3482,0.3748493739696581,
352,,v11+v11_aug+v11plus+v14_recvhand+v16_testhist_aug,5,TEMP,"0.044,0.110,0.276,0.283,0.287","0.320,0.041,0.054,0.302,0.283","0.049,0.014,0.011,0.472,0.455",0.5,0.5,True,0.4063863198336807,0.22924165639354124,0.6121779142358612,0.37668677333806105,0.09649141690678115,SN=2=0.2749;SN=3-4=0.3492;SN=5-8=0.3714;SN=9-12=0.3528;SN>=13=0.3488,0.3748366376589145,
353,91,v11+v11_aug+v11plus+v14_recvhand+v16_testhist_aug,5,NONE,"0.044,0.110,0.276,0.283,0.287","0.320,0.041,0.054,0.302,0.283","0.049,0.014,0.011,0.472,0.455",1.0,1.0,False,0.4063863198336807,0.22924165639354124,0.6121779142358612,0.37668677333806105,0.09649141690678115,SN=2=0.2749;SN=3-4=0.3492;SN=5-8=0.3714;SN=9-12=0.3528;SN>=13=0.3488,0.3748366376589145,
354,,v11+v11_aug+v12_5f+v13,4,THR,"0.176,0.255,0.385,0.183","0.367,0.098,0.018,0.516","0.008,0.023,0.339,0.631",0.5,0.5,True,0.40863427015771314,0.23072557122035625,0.6121441785348216,0.37817277225819207,0.09948179470285612,SN=2=0.2729;SN=3-4=0.3526;SN=5-8=0.3724;SN=9-12=0.3508;SN>=13=0.3434,0.37482744768100806,
355,,v11plus+v12_5f+v14_recvhand+v16_avg3,4,TEMP,"0.379,0.258,0.004,0.359","0.110,0.033,0.297,0.560","0.013,0.271,0.365,0.350",0.5,0.5,True,0.4037490902610986,0.22665177720240784,0.6130873012781732,0.3747778072410372,0.09121311620015604,SN=2=0.2754;SN=3-4=0.3467;SN=5-8=0.3666;SN=9-12=0.3474;SN>=13=0.3503,0.3747778072410372,
356,92,v11plus+v12_5f+v14_recvhand+v16_avg3,4,NONE,"0.379,0.258,0.004,0.359","0.110,0.033,0.297,0.560","0.013,0.271,0.365,0.350",1.0,1.0,False,0.4037490902610986,0.22665177720240784,0.6130873012781732,0.3747778072410372,0.09121311620015604,SN=2=0.2754;SN=3-4=0.3467;SN=5-8=0.3666;SN=9-12=0.3474;SN>=13=0.3503,0.3747778072410372,
357,,v11+v14_seed2+v16_avg3,3,TEMP,"0.262,0.302,0.437","0.265,0.458,0.277","0.021,0.271,0.709",0.5,0.5,True,0.40142367358106745,0.2293212513175983,0.6123865870549006,0.37477528737044646,0.08650375527378351,SN=2=0.2752;SN=3-4=0.3458;SN=5-8=0.3617;SN=9-12=0.3516;SN>=13=0.3445,0.37477528737044646,
358,93,v11+v14_seed2+v16_avg3,3,NONE,"0.262,0.302,0.437","0.265,0.458,0.277","0.021,0.271,0.709",1.0,1.0,False,0.40142367358106745,0.2293212513175983,0.6123865870549006,0.37477528737044646,0.08650375527378351,SN=2=0.2752;SN=3-4=0.3458;SN=5-8=0.3617;SN=9-12=0.3516;SN>=13=0.3445,0.37477528737044646,
359,,v11_aug+v12_5f+v13+v16_testhist_aug,4,TEMP,"0.397,0.140,0.187,0.276","0.232,0.319,0.176,0.273","0.004,0.239,0.495,0.263",0.5,0.5,True,0.4034883620749314,0.22698484487691234,0.6128928828819231,0.3747678593571221,0.08830748399510496,SN=2=0.2754;SN=3-4=0.3475;SN=5-8=0.3637;SN=9-12=0.3477;SN>=13=0.3431,0.3747678593571221,
360,94,v11_aug+v12_5f+v13+v16_testhist_aug,4,NONE,"0.397,0.140,0.187,0.276","0.232,0.319,0.176,0.273","0.004,0.239,0.495,0.263",1.0,1.0,False,0.4034883620749314,0.22698484487691234,0.6128928828819231,0.3747678593571221,0.08830748399510496,SN=2=0.2754;SN=3-4=0.3475;SN=5-8=0.3637;SN=9-12=0.3477;SN>=13=0.3431,0.3747678593571221,
361,,v11+v11_aug+v13+v14_recvhand+v16_testhist_aug,5,TEMP,"0.172,0.264,0.310,0.061,0.193","0.249,0.144,0.023,0.211,0.373","0.036,0.002,0.176,0.462,0.325",0.5,0.5,True,0.40587322072773274,0.22869962657575021,0.6133319890702665,0.3764955367354465,0.09625596368661704,SN=2=0.2736;SN=3-4=0.3498;SN=5-8=0.3698;SN=9-12=0.3513;SN>=13=0.3478,0.37476312766638203,
362,95,v11+v11_aug+v13+v14_recvhand+v16_testhist_aug,5,NONE,"0.172,0.264,0.310,0.061,0.193","0.249,0.144,0.023,0.211,0.373","0.036,0.002,0.176,0.462,0.325",1.0,1.0,False,0.40587322072773274,0.22869962657575021,0.6133319890702665,0.3764955367354465,0.09625596368661704,SN=2=0.2736;SN=3-4=0.3498;SN=5-8=0.3698;SN=9-12=0.3513;SN>=13=0.3478,0.37476312766638203,
363,,v11+v12_5f+v14_seed2+v16_testhist_aug,4,TEMP,"0.359,0.336,0.058,0.247","0.319,0.040,0.274,0.367","0.026,0.237,0.374,0.363",0.5,0.5,True,0.40201362794274903,0.2290798169781191,0.6119854079528757,0.3748344595589225,0.09296830851327015,SN=2=0.2734;SN=3-4=0.3464;SN=5-8=0.3664;SN=9-12=0.3508;SN>=13=0.3478,0.3747458780765315,
364,96,v11+v12_5f+v14_seed2+v16_testhist_aug,4,NONE,"0.359,0.336,0.058,0.247","0.319,0.040,0.274,0.367","0.026,0.237,0.374,0.363",1.0,1.0,False,0.40201362794274903,0.2290798169781191,0.6119854079528757,0.3748344595589225,0.09296830851327015,SN=2=0.2734;SN=3-4=0.3464;SN=5-8=0.3664;SN=9-12=0.3508;SN>=13=0.3478,0.3747458780765315,
365,,v11+v12_5f+v14_recvhand,3,THR,"0.374,0.349,0.277","0.440,0.264,0.296","0.015,0.370,0.615",0.5,0.5,True,0.4047448805129002,0.23107005487161789,0.612642789192911,0.3768545319923895,0.09702828934787877,SN=2=0.2722;SN=3-4=0.3484;SN=5-8=0.3693;SN=9-12=0.3512;SN>=13=0.3495,0.37473596009269416,
366,,v11_aug+v14_recvhand+v16_avg3,3,TEMP,"0.364,0.364,0.272","0.247,0.456,0.296","0.004,0.414,0.581",0.5,0.5,True,0.4029709437428976,0.2274186919244884,0.6128737229707135,0.3747305988610971,0.08578967591113074,SN=2=0.2767;SN=3-4=0.3466;SN=5-8=0.3625;SN=9-12=0.3479;SN>=13=0.3430,0.3747305988610971,
367,97,v11_aug+v14_recvhand+v16_avg3,3,NONE,"0.364,0.364,0.272","0.247,0.456,0.296","0.004,0.414,0.581",1.0,1.0,False,0.4029709437428976,0.2274186919244884,0.6128737229707135,0.3747305988610971,0.08578967591113074,SN=2=0.2767;SN=3-4=0.3466;SN=5-8=0.3625;SN=9-12=0.3479;SN>=13=0.3430,0.3747305988610971,
368,,v11+v11plus+v13+v14_seed2+v16_testhist_aug,5,THR,"0.152,0.233,0.105,0.169,0.341","0.368,0.036,0.065,0.267,0.264","0.002,0.010,0.494,0.083,0.412",0.5,0.5,True,0.4143312897677557,0.2264854531671659,0.6130436060866412,0.37893541839129685,0.10121057874035455,SN=2=0.2699;SN=3-4=0.3559;SN=5-8=0.3711;SN=9-12=0.3529;SN>=13=0.3483,0.37472570179536363,
369,,v11_aug+v13+v16_avg3,3,TEMP,"0.260,0.307,0.433","0.207,0.342,0.451","0.003,0.401,0.596",0.5,0.5,True,0.4035398941531702,0.22665393413265728,0.6132387295101985,0.3747252772163707,0.0868673429219442,SN=2=0.2757;SN=3-4=0.3466;SN=5-8=0.3625;SN=9-12=0.3447;SN>=13=0.3465,0.3747252772163707,
370,98,v11_aug+v13+v16_avg3,3,NONE,"0.260,0.307,0.433","0.207,0.342,0.451","0.003,0.401,0.596",1.0,1.0,False,0.4035398941531702,0.22665393413265728,0.6132387295101985,0.3747252772163707,0.0868673429219442,SN=2=0.2757;SN=3-4=0.3466;SN=5-8=0.3625;SN=9-12=0.3447;SN>=13=0.3465,0.3747252772163707,
371,,v11plus+v13+v14_recvhand,3,THR,"0.312,0.585,0.104","0.191,0.174,0.635","0.023,0.392,0.584",0.5,0.5,True,0.40372311571437886,0.22905440806014976,0.6130927203763054,0.37572955358507254,0.09480039819126745,SN=2=0.2728;SN=3-4=0.3513;SN=5-8=0.3676;SN=9-12=0.3481;SN>=13=0.3422,0.3747249272636829,
372,,v11plus+v12_5f+v14_seed2,3,THR,"0.323,0.440,0.237","0.308,0.212,0.480","0.022,0.326,0.652",0.5,0.5,True,0.4047935983659526,0.2313996492935483,0.6112771595495493,0.3767327309737102,0.09684025772595828,SN=2=0.2727;SN=3-4=0.3520;SN=5-8=0.3695;SN=9-12=0.3482;SN>=13=0.3441,0.3747081748849751,
373,,v11+v11_aug+v14_seed2,3,THR,"0.201,0.247,0.552","0.224,0.218,0.559","0.029,0.021,0.950",0.5,0.5,True,0.4091096011021983,0.2314960055173771,0.6107128262376282,0.3783848078953558,0.10014465107949688,SN=2=0.2714;SN=3-4=0.3523;SN=5-8=0.3716;SN=9-12=0.3505;SN>=13=0.3455,0.3747080551298514,
374,,v11+v11_aug+v12_5f+v13+v16_testhist_aug,5,TEMP,"0.164,0.229,0.104,0.275,0.227","0.230,0.167,0.209,0.049,0.346","0.026,0.000,0.162,0.385,0.426",0.5,0.5,True,0.40653030310893784,0.22916506567411185,0.6130917525623423,0.37689649802568836,0.09718586683263469,SN=2=0.2734;SN=3-4=0.3498;SN=5-8=0.3706;SN=9-12=0.3511;SN>=13=0.3464,0.37469913738361504,
375,99,v11+v11_aug+v12_5f+v13+v16_testhist_aug,5,NONE,"0.164,0.229,0.104,0.275,0.227","0.230,0.167,0.209,0.049,0.346","0.026,0.000,0.162,0.385,0.426",1.0,1.0,False,0.40653030310893784,0.22916506567411185,0.6130917525623423,0.37689649802568836,0.09718586683263469,SN=2=0.2734;SN=3-4=0.3498;SN=5-8=0.3706;SN=9-12=0.3511;SN>=13=0.3464,0.37469913738361504,
376,,v11+v11plus+v13+v14_recvhand,4,THR,"0.212,0.194,0.202,0.392","0.403,0.040,0.229,0.328","0.012,0.016,0.350,0.622",0.5,0.5,True,0.4067307710722384,0.23008313722726387,0.6131018795432306,0.377345939228447,0.09817828070374723,SN=2=0.2726;SN=3-4=0.3490;SN=5-8=0.3708;SN=9-12=0.3509;SN>=13=0.3456,0.37465237165081744,
377,,v11+v14_recvhand+v16_avg3,3,TEMP,"0.284,0.414,0.301","0.310,0.312,0.378","0.019,0.523,0.458",0.5,0.5,True,0.40097926916393395,0.22911914214560986,0.6129612676429598,0.3746316180524095,0.09039268639033038,SN=2=0.2746;SN=3-4=0.3469;SN=5-8=0.3650;SN=9-12=0.3492;SN>=13=0.3493,0.3746316180524095,
378,100,v11+v14_recvhand+v16_avg3,3,NONE,"0.284,0.414,0.301","0.310,0.312,0.378","0.019,0.523,0.458",1.0,1.0,False,0.40097926916393395,0.22911914214560986,0.6129612676429598,0.3746316180524095,0.09039268639033038,SN=2=0.2746;SN=3-4=0.3469;SN=5-8=0.3650;SN=9-12=0.3492;SN>=13=0.3493,0.3746316180524095,
379,,v11plus+v12_5f+v13,3,THR,"0.342,0.396,0.262","0.289,0.569,0.142","0.016,0.501,0.483",0.5,0.5,True,0.40341149669092785,0.2300484886332407,0.6123821304077385,0.37586042021121513,0.09525510801869264,SN=2=0.2723;SN=3-4=0.3513;SN=5-8=0.3676;SN=9-12=0.3469;SN>=13=0.3412,0.37462843897611287,
380,,v11plus+v12_5f+v13+v14_recvhand+v16_testhist_aug,5,TEMP,"0.312,0.176,0.271,0.021,0.221","0.129,0.038,0.226,0.108,0.500","0.011,0.192,0.265,0.359,0.173",0.5,0.5,True,0.4032269326712962,0.22654828467450874,0.613576702027173,0.3746254273437566,0.09124358784444447,SN=2=0.2744;SN=3-4=0.3474;SN=5-8=0.3656;SN=9-12=0.3463;SN>=13=0.3481,0.3746254273437566,
381,101,v11plus+v12_5f+v13+v14_recvhand+v16_testhist_aug,5,NONE,"0.312,0.176,0.271,0.021,0.221","0.129,0.038,0.226,0.108,0.500","0.011,0.192,0.265,0.359,0.173",1.0,1.0,False,0.4032269326712962,0.22654828467450874,0.613576702027173,0.3746254273437566,0.09124358784444447,SN=2=0.2744;SN=3-4=0.3474;SN=5-8=0.3656;SN=9-12=0.3463;SN>=13=0.3481,0.3746254273437566,
382,,v11plus+v13+v14_seed2+v16_testhist_aug,4,TEMP,"0.330,0.193,0.078,0.399","0.126,0.031,0.463,0.380","0.016,0.379,0.191,0.414",0.5,0.5,True,0.40365943154802747,0.2262871402612967,0.613152718653943,0.3746091724545183,0.09081085987677656,SN=2=0.2752;SN=3-4=0.3464;SN=5-8=0.3660;SN=9-12=0.3445;SN>=13=0.3486,0.3746091724545183,
383,102,v11plus+v13+v14_seed2+v16_testhist_aug,4,NONE,"0.330,0.193,0.078,0.399","0.126,0.031,0.463,0.380","0.016,0.379,0.191,0.414",1.0,1.0,False,0.40365943154802747,0.2262871402612967,0.613152718653943,0.3746091724545183,0.09081085987677656,SN=2=0.2752;SN=3-4=0.3464;SN=5-8=0.3660;SN=9-12=0.3445;SN>=13=0.3486,0.3746091724545183,
384,,v11+v11plus+v12_5f+v13,4,THR,"0.142,0.239,0.316,0.303","0.421,0.065,0.097,0.417","0.020,0.015,0.240,0.725",0.5,0.5,True,0.40756241762042367,0.23090673452442675,0.6120780759335647,0.37780327604465314,0.0992045626875439,SN=2=0.2723;SN=3-4=0.3516;SN=5-8=0.3715;SN=9-12=0.3488;SN>=13=0.3464,0.37459656747512526,
385,,v11plus+v12_5f+v13+v14_seed2+v16_avg3,5,TEMP,"0.349,0.160,0.139,0.040,0.313","0.180,0.072,0.022,0.333,0.393","0.006,0.041,0.343,0.204,0.407",0.5,0.5,True,0.4039877597802358,0.22634230008610312,0.6134331854473994,0.37481866103601547,0.09331305838830456,SN=2=0.2736;SN=3-4=0.3474;SN=5-8=0.3669;SN=9-12=0.3481;SN>=13=0.3471,0.37455770461610727,
386,103,v11plus+v12_5f+v13+v14_seed2+v16_avg3,5,NONE,"0.349,0.160,0.139,0.040,0.313","0.180,0.072,0.022,0.333,0.393","0.006,0.041,0.343,0.204,0.407",1.0,1.0,False,0.4039877597802358,0.22634230008610312,0.6134331854473994,0.37481866103601547,0.09331305838830456,SN=2=0.2736;SN=3-4=0.3474;SN=5-8=0.3669;SN=9-12=0.3481;SN>=13=0.3471,0.37455770461610727,
387,,v11+v11_aug+v12_5f+v16_avg3,4,TEMP,"0.224,0.185,0.387,0.204","0.204,0.178,0.305,0.313","0.033,0.019,0.301,0.647",0.5,0.5,True,0.4067080532957851,0.22922105983351898,0.6120790363218451,0.37678745251609064,0.09727037715045517,SN=2=0.2720;SN=3-4=0.3511;SN=5-8=0.3693;SN=9-12=0.3530;SN>=13=0.3472,0.3745478367151071,
388,104,v11+v11_aug+v12_5f+v16_avg3,4,NONE,"0.224,0.185,0.387,0.204","0.204,0.178,0.305,0.313","0.033,0.019,0.301,0.647",1.0,1.0,False,0.4067080532957851,0.22922105983351898,0.6120790363218451,0.37678745251609064,0.09727037715045517,SN=2=0.2720;SN=3-4=0.3511;SN=5-8=0.3693;SN=9-12=0.3530;SN>=13=0.3472,0.3745478367151071,
389,,v11_aug+v13+v16_testhist_aug,3,TEMP,"0.323,0.299,0.378","0.223,0.473,0.304","0.006,0.506,0.489",0.5,0.5,True,0.4037893632185268,0.2261923803152058,0.6127751495096831,0.3745477273154297,0.08751644321201718,SN=2=0.2759;SN=3-4=0.3466;SN=5-8=0.3634;SN=9-12=0.3438;SN>=13=0.3451,0.3745477273154297,
390,105,v11_aug+v13+v16_testhist_aug,3,NONE,"0.323,0.299,0.378","0.223,0.473,0.304","0.006,0.506,0.489",1.0,1.0,False,0.4037893632185268,0.2261923803152058,0.6127751495096831,0.3745477273154297,0.08751644321201718,SN=2=0.2759;SN=3-4=0.3466;SN=5-8=0.3634;SN=9-12=0.3438;SN>=13=0.3451,0.3745477273154297,
391,,v11+v11_aug+v11plus+v12_5f+v16_avg3,5,TEMP,"0.088,0.229,0.123,0.308,0.252","0.188,0.114,0.067,0.205,0.426","0.007,0.016,0.037,0.797,0.143",0.5,0.5,True,0.40856963417175435,0.22866458708616455,0.6103143921629306,0.3769565669357537,0.09767978276540262,SN=2=0.2733;SN=3-4=0.3511;SN=5-8=0.3709;SN=9-12=0.3517;SN>=13=0.3459,0.37451224832729646,
392,106,v11+v11_aug+v11plus+v12_5f+v16_avg3,5,NONE,"0.088,0.229,0.123,0.308,0.252","0.188,0.114,0.067,0.205,0.426","0.007,0.016,0.037,0.797,0.143",1.0,1.0,False,0.40856963417175435,0.22866458708616455,0.6103143921629306,0.3769565669357537,0.09767978276540262,SN=2=0.2733;SN=3-4=0.3511;SN=5-8=0.3709;SN=9-12=0.3517;SN>=13=0.3459,0.37451224832729646,
393,,v11_aug+v14_seed2+v16_avg3,3,TEMP,"0.382,0.341,0.278","0.191,0.358,0.450","0.001,0.378,0.621",0.5,0.5,True,0.4026496662210531,0.22747310823214756,0.6122567873610051,0.3745004672534813,0.08787727871959,SN=2=0.2747;SN=3-4=0.3478;SN=5-8=0.3625;SN=9-12=0.3474;SN>=13=0.3450,0.3745004672534813,
394,107,v11_aug+v14_seed2+v16_avg3,3,NONE,"0.382,0.341,0.278","0.191,0.358,0.450","0.001,0.378,0.621",1.0,1.0,False,0.4026496662210531,0.22747310823214756,0.6122567873610051,0.3745004672534813,0.08787727871959,SN=2=0.2747;SN=3-4=0.3478;SN=5-8=0.3625;SN=9-12=0.3474;SN>=13=0.3450,0.3745004672534813,
395,,v11+v12_5f+v16_testhist_aug,3,TEMP,"0.365,0.324,0.311","0.366,0.352,0.282","0.027,0.487,0.486",0.5,0.5,True,0.40215404888895406,0.2283964457980777,0.6113466903409309,0.37448953594299894,0.09264788098857901,SN=2=0.2731;SN=3-4=0.3456;SN=5-8=0.3657;SN=9-12=0.3521;SN>=13=0.3472,0.37448953594299894,
396,108,v11+v12_5f+v16_testhist_aug,3,NONE,"0.365,0.324,0.311","0.366,0.352,0.282","0.027,0.487,0.486",1.0,1.0,False,0.40215404888895406,0.2283964457980777,0.6113466903409309,0.37448953594299894,0.09264788098857901,SN=2=0.2731;SN=3-4=0.3456;SN=5-8=0.3657;SN=9-12=0.3521;SN>=13=0.3472,0.37448953594299894,
397,,v11_aug+v12_5f+v14_seed2+v16_testhist_aug,4,TEMP,"0.344,0.171,0.232,0.253","0.205,0.001,0.393,0.401","0.005,0.186,0.521,0.289",0.5,0.5,True,0.40288981313255895,0.22739710110549743,0.6116506251791074,0.37444489073104403,0.08758292462329659,SN=2=0.2750;SN=3-4=0.3469;SN=5-8=0.3625;SN=9-12=0.3464;SN>=13=0.3461,0.37444489073104403,
398,109,v11_aug+v12_5f+v14_seed2+v16_testhist_aug,4,NONE,"0.344,0.171,0.232,0.253","0.205,0.001,0.393,0.401","0.005,0.186,0.521,0.289",1.0,1.0,False,0.40288981313255895,0.22739710110549743,0.6116506251791074,0.37444489073104403,0.08758292462329659,SN=2=0.2750;SN=3-4=0.3469;SN=5-8=0.3625;SN=9-12=0.3464;SN>=13=0.3461,0.37444489073104403,
399,,v11plus+v14_seed2+v16_avg3,3,TEMP,"0.354,0.274,0.371","0.141,0.467,0.392","0.020,0.354,0.626",0.5,0.5,True,0.40339928956458215,0.22652628835371091,0.6123551867310326,0.3744412685135237,0.09128887407019048,SN=2=0.2737;SN=3-4=0.3468;SN=5-8=0.3650;SN=9-12=0.3468;SN>=13=0.3484,0.3744412685135237,
400,110,v11plus+v14_seed2+v16_avg3,3,NONE,"0.354,0.274,0.371","0.141,0.467,0.392","0.020,0.354,0.626",1.0,1.0,False,0.40339928956458215,0.22652628835371091,0.6123551867310326,0.3744412685135237,0.09128887407019048,SN=2=0.2737;SN=3-4=0.3468;SN=5-8=0.3650;SN=9-12=0.3468;SN>=13=0.3484,0.3744412685135237,
401,,v11+v14_seed2+v16_testhist_aug,3,TEMP,"0.328,0.429,0.243","0.291,0.332,0.377","0.030,0.530,0.440",0.5,0.5,True,0.40120962796354487,0.2289585019608303,0.6117984412290953,0.37442694021556916,0.08736528746364747,SN=2=0.2736;SN=3-4=0.3458;SN=5-8=0.3609;SN=9-12=0.3517;SN>=13=0.3471,0.37442694021556916,
402,111,v11+v14_seed2+v16_testhist_aug,3,NONE,"0.328,0.429,0.243","0.291,0.332,0.377","0.030,0.530,0.440",1.0,1.0,False,0.40120962796354487,0.2289585019608303,0.6117984412290953,0.37442694021556916,0.08736528746364747,SN=2=0.2736;SN=3-4=0.3458;SN=5-8=0.3609;SN=9-12=0.3517;SN>=13=0.3471,0.37442694021556916,
403,,v11plus+v12_5f+v13+v16_testhist_aug,4,TEMP,"0.308,0.285,0.128,0.279","0.169,0.157,0.273,0.402","0.010,0.327,0.420,0.243",0.5,0.5,True,0.40386886588596993,0.22588905209601062,0.6129340908823285,0.374489985369258,0.09292496685027563,SN=2=0.2735;SN=3-4=0.3468;SN=5-8=0.3664;SN=9-12=0.3458;SN>=13=0.3468,0.3744230747183642,
404,112,v11plus+v12_5f+v13+v16_testhist_aug,4,NONE,"0.308,0.285,0.128,0.279","0.169,0.157,0.273,0.402","0.010,0.327,0.420,0.243",1.0,1.0,False,0.40386886588596993,0.22588905209601062,0.6129340908823285,0.374489985369258,0.09292496685027563,SN=2=0.2735;SN=3-4=0.3468;SN=5-8=0.3664;SN=9-12=0.3458;SN>=13=0.3468,0.3744230747183642,
405,,v11plus+v13+v16_testhist_aug,3,TEMP,"0.305,0.348,0.347","0.173,0.389,0.438","0.028,0.490,0.482",0.5,0.5,True,0.40369533490767595,0.226040289404113,0.6128084524584435,0.3744559402164043,0.09291887133761978,SN=2=0.2750;SN=3-4=0.3461;SN=5-8=0.3679;SN=9-12=0.3432;SN>=13=0.3486,0.3743920773218385,
406,113,v11plus+v13+v16_testhist_aug,3,NONE,"0.305,0.348,0.347","0.173,0.389,0.438","0.028,0.490,0.482",1.0,1.0,False,0.40369533490767595,0.226040289404113,0.6128084524584435,0.3744559402164043,0.09291887133761978,SN=2=0.2750;SN=3-4=0.3461;SN=5-8=0.3679;SN=9-12=0.3432;SN>=13=0.3486,0.3743920773218385,
407,,v11+v14_recvhand+v16_testhist_aug,3,TEMP,"0.337,0.408,0.255","0.305,0.281,0.414","0.035,0.563,0.403",0.5,0.5,True,0.4007633685040891,0.22889806819839226,0.6126276135729438,0.3743900973955813,0.09011055516863681,SN=2=0.2744;SN=3-4=0.3456;SN=5-8=0.3645;SN=9-12=0.3507;SN>=13=0.3486,0.3743900973955813,
408,114,v11+v14_recvhand+v16_testhist_aug,3,NONE,"0.337,0.408,0.255","0.305,0.281,0.414","0.035,0.563,0.403",1.0,1.0,False,0.4007633685040891,0.22889806819839226,0.6126276135729438,0.3743900973955813,0.09011055516863681,SN=2=0.2744;SN=3-4=0.3456;SN=5-8=0.3645;SN=9-12=0.3507;SN>=13=0.3486,0.3743900973955813,
409,,v11plus+v12_5f+v13+v14_seed2+v16_testhist_aug,5,TEMP,"0.305,0.012,0.345,0.006,0.331","0.179,0.072,0.186,0.072,0.492","0.004,0.178,0.393,0.195,0.229",0.5,0.5,True,0.4037953428426392,0.22560061831801237,0.613130196558676,0.37438442377599584,0.09199585904109941,SN=2=0.2748;SN=3-4=0.3469;SN=5-8=0.3668;SN=9-12=0.3440;SN>=13=0.3480,0.37438442377599584,
410,115,v11plus+v12_5f+v13+v14_seed2+v16_testhist_aug,5,NONE,"0.305,0.012,0.345,0.006,0.331","0.179,0.072,0.186,0.072,0.492","0.004,0.178,0.393,0.195,0.229",1.0,1.0,False,0.4037953428426392,0.22560061831801237,0.613130196558676,0.37438442377599584,0.09199585904109941,SN=2=0.2748;SN=3-4=0.3469;SN=5-8=0.3668;SN=9-12=0.3440;SN>=13=0.3480,0.37438442377599584,
411,,v11plus+v12_5f+v14_recvhand+v16_testhist_aug,4,TEMP,"0.302,0.163,0.139,0.397","0.158,0.032,0.394,0.417","0.030,0.286,0.439,0.246",0.5,0.5,True,0.4030025920203124,0.22655431795202824,0.6127357228480214,0.3743699085585406,0.09114756168193605,SN=2=0.2743;SN=3-4=0.3448;SN=5-8=0.3654;SN=9-12=0.3475;SN>=13=0.3485,0.3743699085585406,
412,116,v11plus+v12_5f+v14_recvhand+v16_testhist_aug,4,NONE,"0.302,0.163,0.139,0.397","0.158,0.032,0.394,0.417","0.030,0.286,0.439,0.246",1.0,1.0,False,0.4030025920203124,0.22655431795202824,0.6127357228480214,0.3743699085585406,0.09114756168193605,SN=2=0.2743;SN=3-4=0.3448;SN=5-8=0.3654;SN=9-12=0.3475;SN>=13=0.3485,0.3743699085585406,
413,,v11+v11plus+v14_recvhand,3,THR,"0.206,0.230,0.564","0.421,0.057,0.522","0.023,0.027,0.950",0.5,0.5,True,0.40444873897648337,0.2301999272755694,0.6115795939873067,0.3761753852982825,0.09640893885410978,SN=2=0.2718;SN=3-4=0.3487;SN=5-8=0.3683;SN=9-12=0.3513;SN>=13=0.3458,0.3743664886454716,
414,,v11_aug+v14_recvhand+v16_testhist_aug,3,TEMP,"0.358,0.398,0.244","0.203,0.427,0.370","0.016,0.571,0.413",0.5,0.5,True,0.40215452255532064,0.22748068185336864,0.6124575571910891,0.3743455932016936,0.08550882024084511,SN=2=0.2762;SN=3-4=0.3456;SN=5-8=0.3617;SN=9-12=0.3475;SN>=13=0.3459,0.3743455932016936,
415,117,v11_aug+v14_recvhand+v16_testhist_aug,3,NONE,"0.358,0.398,0.244","0.203,0.427,0.370","0.016,0.571,0.413",1.0,1.0,False,0.40215452255532064,0.22748068185336864,0.6124575571910891,0.3743455932016936,0.08550882024084511,SN=2=0.2762;SN=3-4=0.3456;SN=5-8=0.3617;SN=9-12=0.3475;SN>=13=0.3459,0.3743455932016936,
416,,v11_aug+v12_5f+v16_testhist_aug,3,TEMP,"0.373,0.323,0.303","0.195,0.416,0.389","0.022,0.471,0.507",0.5,0.5,True,0.4033334142108717,0.22671917315203083,0.6110689380469956,0.37423482255456014,0.08710463924210737,SN=2=0.2748;SN=3-4=0.3474;SN=5-8=0.3619;SN=9-12=0.3477;SN>=13=0.3441,0.37423482255456014,
417,118,v11_aug+v12_5f+v16_testhist_aug,3,NONE,"0.373,0.323,0.303","0.195,0.416,0.389","0.022,0.471,0.507",1.0,1.0,False,0.4033334142108717,0.22671917315203083,0.6110689380469956,0.37423482255456014,0.08710463924210737,SN=2=0.2748;SN=3-4=0.3474;SN=5-8=0.3619;SN=9-12=0.3477;SN>=13=0.3441,0.37423482255456014,
418,,v11plus+v14_recvhand+v16_testhist_aug,3,TEMP,"0.264,0.288,0.448","0.141,0.363,0.496","0.012,0.572,0.416",0.5,0.5,True,0.40268342740152624,0.2264462103801411,0.612545606397213,0.37416097639210955,0.09050155014713718,SN=2=0.2747;SN=3-4=0.3444;SN=5-8=0.3652;SN=9-12=0.3473;SN>=13=0.3497,0.37416097639210955,
419,119,v11plus+v14_recvhand+v16_testhist_aug,3,NONE,"0.264,0.288,0.448","0.141,0.363,0.496","0.012,0.572,0.416",1.0,1.0,False,0.40268342740152624,0.2264462103801411,0.612545606397213,0.37416097639210955,0.09050155014713718,SN=2=0.2747;SN=3-4=0.3444;SN=5-8=0.3652;SN=9-12=0.3473;SN>=13=0.3497,0.37416097639210955,
420,,v11_aug+v14_seed2+v16_testhist_aug,3,TEMP,"0.281,0.263,0.456","0.197,0.501,0.302","0.001,0.531,0.468",0.5,0.5,True,0.4021062058852125,0.22750667588815068,0.611530848919082,0.3741513224931617,0.08542232729649751,SN=2=0.2752;SN=3-4=0.3449;SN=5-8=0.3606;SN=9-12=0.3466;SN>=13=0.3482,0.3741513224931617,
421,120,v11_aug+v14_seed2+v16_testhist_aug,3,NONE,"0.281,0.263,0.456","0.197,0.501,0.302","0.001,0.531,0.468",1.0,1.0,False,0.4021062058852125,0.22750667588815068,0.611530848919082,0.3741513224931617,0.08542232729649751,SN=2=0.2752;SN=3-4=0.3449;SN=5-8=0.3606;SN=9-12=0.3466;SN>=13=0.3482,0.3741513224931617,
422,,v11+v11plus+v12_5f+v16_avg3,4,TEMP,"0.131,0.237,0.318,0.315","0.298,0.087,0.276,0.339","0.045,0.015,0.289,0.651",0.5,0.5,True,0.4056020433394064,0.22910416239532988,0.6120436339676041,0.37629120908741537,0.09715618184475688,SN=2=0.2728;SN=3-4=0.3488;SN=5-8=0.3700;SN=9-12=0.3528;SN>=13=0.3476,0.374108690939281,
423,121,v11+v11plus+v12_5f+v16_avg3,4,NONE,"0.131,0.237,0.318,0.315","0.298,0.087,0.276,0.339","0.045,0.015,0.289,0.651",1.0,1.0,False,0.4056020433394064,0.22910416239532988,0.6120436339676041,0.37629120908741537,0.09715618184475688,SN=2=0.2728;SN=3-4=0.3488;SN=5-8=0.3700;SN=9-12=0.3528;SN>=13=0.3476,0.374108690939281,
424,,v11+v11_aug+v11plus+v12_5f+v14_recvhand,5,TEMP,"0.120,0.229,0.127,0.453,0.071","0.170,0.253,0.036,0.218,0.323","0.045,0.013,0.027,0.217,0.698",0.5,0.5,True,0.40216871784470104,0.22704100417599143,0.6119690256594891,0.37407769394017487,0.09256895277909649,SN=2=0.2731;SN=3-4=0.3470;SN=5-8=0.3656;SN=9-12=0.3503;SN>=13=0.3418,0.37407769394017487,
425,122,v11+v11_aug+v11plus+v12_5f+v14_recvhand,5,NONE,"0.120,0.229,0.127,0.453,0.071","0.170,0.253,0.036,0.218,0.323","0.045,0.013,0.027,0.217,0.698",1.0,1.0,False,0.40216871784470104,0.22704100417599143,0.6119690256594891,0.37407769394017487,0.09256895277909649,SN=2=0.2731;SN=3-4=0.3470;SN=5-8=0.3656;SN=9-12=0.3503;SN>=13=0.3418,0.37407769394017487,
426,,v11plus+v14_seed2+v16_testhist_aug,3,TEMP,"0.322,0.286,0.392","0.158,0.481,0.361","0.021,0.467,0.513",0.5,0.5,True,0.4031487388141674,0.22619907659013183,0.611647044349952,0.3740685350317101,0.08853690781973367,SN=2=0.2740;SN=3-4=0.3454;SN=5-8=0.3625;SN=9-12=0.3457;SN>=13=0.3481,0.3740685350317101,
427,123,v11plus+v14_seed2+v16_testhist_aug,3,NONE,"0.322,0.286,0.392","0.158,0.481,0.361","0.021,0.467,0.513",1.0,1.0,False,0.4031487388141674,0.22619907659013183,0.611647044349952,0.3740685350317101,0.08853690781973367,SN=2=0.2740;SN=3-4=0.3454;SN=5-8=0.3625;SN=9-12=0.3457;SN>=13=0.3481,0.3740685350317101,
428,,v11_aug+v11plus+v13,3,THR,"0.221,0.250,0.529","0.236,0.084,0.680","0.007,0.045,0.948",0.5,0.5,True,0.4086998266910349,0.22933689591077772,0.6107426494290237,0.3773632189265298,0.09940729673559756,SN=2=0.2713;SN=3-4=0.3509;SN=5-8=0.3708;SN=9-12=0.3491;SN>=13=0.3413,0.37405514333297507,
429,,v11+v11plus+v14_recvhand+v16_testhist_aug,4,THR,"0.221,0.179,0.275,0.326","0.314,0.001,0.310,0.376","0.034,0.021,0.683,0.263",0.5,0.5,True,0.41350190068950876,0.22730329230510452,0.6124272950593455,0.3788075362097144,0.10259539018408792,SN=2=0.2707;SN=3-4=0.3529;SN=5-8=0.3733;SN=9-12=0.3546;SN>=13=0.3461,0.3739054138919145,
430,,v11+v11plus+v12_5f+v14_recvhand,4,THR,"0.216,0.231,0.287,0.266","0.351,0.122,0.208,0.318","0.041,0.002,0.547,0.410",0.5,0.5,True,0.4062307339469389,0.2315071297887942,0.6124558476339439,0.3775863150210821,0.10018651496433606,SN=2=0.2719;SN=3-4=0.3511;SN=5-8=0.3721;SN=9-12=0.3516;SN>=13=0.3464,0.3738886303131581,
431,,v11plus+v12_5f+v13+v14_recvhand,4,THR,"0.354,0.265,0.381,0.000","0.187,0.196,0.017,0.601","0.030,0.223,0.380,0.367",0.5,0.5,True,0.40442098608641397,0.22864208949822723,0.6132915925319521,0.3758835487402469,0.09680935960642734,SN=2=0.2715;SN=3-4=0.3524;SN=5-8=0.3683;SN=9-12=0.3475;SN>=13=0.3426,0.37387444171127726,
432,,v11+v11_aug+v11plus+v13+v14_recvhand,5,TEMP,"0.173,0.259,0.074,0.147,0.345","0.254,0.166,0.051,0.103,0.426","0.059,0.013,0.017,0.350,0.562",0.5,0.5,True,0.400879455198658,0.22758946044845504,0.6123333609997765,0.37385423845880056,0.09257159016667416,SN=2=0.2730;SN=3-4=0.3477;SN=5-8=0.3655;SN=9-12=0.3484;SN>=13=0.3383,0.37385423845880056,
433,124,v11+v11_aug+v11plus+v13+v14_recvhand,5,NONE,"0.173,0.259,0.074,0.147,0.345","0.254,0.166,0.051,0.103,0.426","0.059,0.013,0.017,0.350,0.562",1.0,1.0,False,0.400879455198658,0.22758946044845504,0.6123333609997765,0.37385423845880056,0.09257159016667416,SN=2=0.2730;SN=3-4=0.3477;SN=5-8=0.3655;SN=9-12=0.3484;SN>=13=0.3383,0.37385423845880056,
434,,v11+v12_5f+v14_seed2,3,THR,"0.273,0.313,0.414","0.489,0.067,0.444","0.037,0.376,0.587",0.5,0.5,True,0.4047474613819936,0.23031008182832763,0.6115014679683379,0.37632331087779614,0.0977344061252643,SN=2=0.2715;SN=3-4=0.3501;SN=5-8=0.3692;SN=9-12=0.3483;SN>=13=0.3446,0.37385168058940804,
435,,v11+v12_5f+v13+v14_seed2+v16_testhist_aug,5,TEMP,"0.299,0.125,0.223,0.096,0.258","0.379,0.099,0.000,0.163,0.359","0.029,0.147,0.297,0.160,0.367",0.5,0.5,True,0.40233553464893823,0.22930319229351825,0.6131980000537818,0.3752950907877389,0.09568848376142147,SN=2=0.2735;SN=3-4=0.3489;SN=5-8=0.3692;SN=9-12=0.3486;SN>=13=0.3484,0.37384642168127225,
436,125,v11+v12_5f+v13+v14_seed2+v16_testhist_aug,5,NONE,"0.299,0.125,0.223,0.096,0.258","0.379,0.099,0.000,0.163,0.359","0.029,0.147,0.297,0.160,0.367",1.0,1.0,False,0.40233553464893823,0.22930319229351825,0.6131980000537818,0.3752950907877389,0.09568848376142147,SN=2=0.2735;SN=3-4=0.3489;SN=5-8=0.3692;SN=9-12=0.3486;SN>=13=0.3484,0.37384642168127225,
437,,v11plus+v12_5f+v13+v14_seed2,4,THR,"0.351,0.230,0.236,0.184","0.264,0.120,0.218,0.397","0.013,0.100,0.481,0.407",0.5,0.5,True,0.4050670926046132,0.23091994000813482,0.6127759366320367,0.37695000037150656,0.09905626572166781,SN=2=0.2720;SN=3-4=0.3554;SN=5-8=0.3711;SN=9-12=0.3479;SN>=13=0.3452,0.3738174402849167,
438,,v11+v11_aug+v12_5f+v13+v14_seed2,5,TEMP,"0.183,0.277,0.375,0.094,0.071","0.314,0.114,0.013,0.259,0.300","0.020,0.003,0.134,0.630,0.213",0.5,0.5,True,0.40022501637085656,0.22763198950715827,0.6125860949314839,0.37366002133750276,0.09122296889328474,SN=2=0.2729;SN=3-4=0.3458;SN=5-8=0.3641;SN=9-12=0.3499;SN>=13=0.3403,0.37366002133750276,
439,126,v11+v11_aug+v12_5f+v13+v14_seed2,5,NONE,"0.183,0.277,0.375,0.094,0.071","0.314,0.114,0.013,0.259,0.300","0.020,0.003,0.134,0.630,0.213",1.0,1.0,False,0.40022501637085656,0.22763198950715827,0.6125860949314839,0.37366002133750276,0.09122296889328474,SN=2=0.2729;SN=3-4=0.3458;SN=5-8=0.3641;SN=9-12=0.3499;SN>=13=0.3403,0.37366002133750276,
440,,v11plus+v12_5f+v16_testhist_aug,3,TEMP,"0.329,0.336,0.334","0.159,0.363,0.478","0.012,0.383,0.605",0.5,0.5,True,0.4033445185458957,0.2260390324636638,0.6110962385690033,0.3739726681176245,0.09344293091923678,SN=2=0.2731;SN=3-4=0.3467;SN=5-8=0.3665;SN=9-12=0.3469;SN>=13=0.3465,0.3736467754322501,
441,127,v11plus+v12_5f+v16_testhist_aug,3,NONE,"0.329,0.336,0.334","0.159,0.363,0.478","0.012,0.383,0.605",1.0,1.0,False,0.4033445185458957,0.2260390324636638,0.6110962385690033,0.3739726681176245,0.09344293091923678,SN=2=0.2731;SN=3-4=0.3467;SN=5-8=0.3665;SN=9-12=0.3469;SN>=13=0.3465,0.3736467754322501,
442,,v11+v11plus+v16_testhist_aug,3,THR,"0.190,0.190,0.620","0.429,0.212,0.359","0.025,0.004,0.972",0.5,0.5,True,0.40829932571896577,0.22765872967015874,0.6095921653246841,0.3763016552205866,0.09811016860780719,SN=2=0.2716;SN=3-4=0.3545;SN=5-8=0.3697;SN=9-12=0.3491;SN>=13=0.3445,0.3736421436909271,
443,,v11+v11_aug+v11plus+v12_5f+v14_seed2,5,TEMP,"0.154,0.221,0.091,0.371,0.162","0.206,0.151,0.090,0.072,0.481","0.080,0.017,0.008,0.107,0.788",0.5,0.5,True,0.40133094815392917,0.2274834557404805,0.6105326428748852,0.37363229013274096,0.09065583524342485,SN=2=0.2717;SN=3-4=0.3485;SN=5-8=0.3624;SN=9-12=0.3507;SN>=13=0.3400,0.37363229013274096,
444,128,v11+v11_aug+v11plus+v12_5f+v14_seed2,5,NONE,"0.154,0.221,0.091,0.371,0.162","0.206,0.151,0.090,0.072,0.481","0.080,0.017,0.008,0.107,0.788",1.0,1.0,False,0.40133094815392917,0.2274834557404805,0.6105326428748852,0.37363229013274096,0.09065583524342485,SN=2=0.2717;SN=3-4=0.3485;SN=5-8=0.3624;SN=9-12=0.3507;SN>=13=0.3400,0.37363229013274096,
445,,v11_aug+v11plus+v12_5f+v13,4,THR,"0.238,0.248,0.449,0.065","0.252,0.186,0.540,0.022","0.011,0.024,0.641,0.324",0.5,0.5,True,0.409437964440544,0.22835248041587902,0.6120292174174118,0.3775220214260516,0.10067944725440703,SN=2=0.2715;SN=3-4=0.3517;SN=5-8=0.3721;SN=9-12=0.3483;SN>=13=0.3399,0.37357787057309216,
446,,v11+v11_aug+v13+v14_seed2,4,TEMP,"0.210,0.244,0.294,0.251","0.266,0.152,0.211,0.371","0.082,0.013,0.375,0.529",0.5,0.5,True,0.3995645720767974,0.22841485370731687,0.6118871294564591,0.3735691962049375,0.09271845474211932,SN=2=0.2727;SN=3-4=0.3466;SN=5-8=0.3654;SN=9-12=0.3499;SN>=13=0.3381,0.3735691962049375,
447,129,v11+v11_aug+v13+v14_seed2,4,NONE,"0.210,0.244,0.294,0.251","0.266,0.152,0.211,0.371","0.082,0.013,0.375,0.529",1.0,1.0,False,0.3995645720767974,0.22841485370731687,0.6118871294564591,0.3735691962049375,0.09271845474211932,SN=2=0.2727;SN=3-4=0.3466;SN=5-8=0.3654;SN=9-12=0.3499;SN>=13=0.3381,0.3735691962049375,
448,,v11+v11_aug+v12_5f+v14_recvhand,4,TEMP,"0.186,0.280,0.387,0.147","0.271,0.233,0.197,0.299","0.044,0.035,0.468,0.454",0.5,0.5,True,0.40045767969021495,0.22746858329615546,0.6119794372915429,0.3735663926528568,0.09267124070041849,SN=2=0.2718;SN=3-4=0.3474;SN=5-8=0.3645;SN=9-12=0.3491;SN>=13=0.3405,0.3735663926528568,
449,130,v11+v11_aug+v12_5f+v14_recvhand,4,NONE,"0.186,0.280,0.387,0.147","0.271,0.233,0.197,0.299","0.044,0.035,0.468,0.454",1.0,1.0,False,0.40045767969021495,0.22746858329615546,0.6119794372915429,0.3735663926528568,0.09267124070041849,SN=2=0.2718;SN=3-4=0.3474;SN=5-8=0.3645;SN=9-12=0.3491;SN>=13=0.3405,0.3735663926528568,
450,,v11+v12_5f+v16_avg3,3,TEMP,"0.315,0.356,0.329","0.343,0.291,0.366","0.030,0.367,0.603",0.5,0.5,True,0.4020476662441855,0.22805258967951172,0.6122989495616221,0.3744998922818033,0.0946674193748151,SN=2=0.2725;SN=3-4=0.3473;SN=5-8=0.3672;SN=9-12=0.3515;SN>=13=0.3463,0.3735617553686398,
451,131,v11+v12_5f+v16_avg3,3,NONE,"0.315,0.356,0.329","0.343,0.291,0.366","0.030,0.367,0.603",1.0,1.0,False,0.4020476662441855,0.22805258967951172,0.6122989495616221,0.3744998922818033,0.0946674193748151,SN=2=0.2725;SN=3-4=0.3473;SN=5-8=0.3672;SN=9-12=0.3515;SN>=13=0.3463,0.3735617553686398,
452,,v11_aug+v11plus+v12_5f+v13+v14_seed2,5,TEMP,"0.218,0.211,0.283,0.235,0.053","0.249,0.064,0.135,0.137,0.414","0.013,0.016,0.492,0.428,0.051",0.5,0.5,True,0.40127513466658177,0.22628535185840323,0.6124365350837033,0.3735115016267347,0.0921543185304432,SN=2=0.2738;SN=3-4=0.3468;SN=5-8=0.3660;SN=9-12=0.3448;SN>=13=0.3420,0.3735115016267347,
453,132,v11_aug+v11plus+v12_5f+v13+v14_seed2,5,NONE,"0.218,0.211,0.283,0.235,0.053","0.249,0.064,0.135,0.137,0.414","0.013,0.016,0.492,0.428,0.051",1.0,1.0,False,0.40127513466658177,0.22628535185840323,0.6124365350837033,0.3735115016267347,0.0921543185304432,SN=2=0.2738;SN=3-4=0.3468;SN=5-8=0.3660;SN=9-12=0.3448;SN>=13=0.3420,0.3735115016267347,
454,,v11plus+v12_5f+v16_avg3,3,TEMP,"0.303,0.254,0.443","0.167,0.280,0.553","0.021,0.266,0.714",0.5,0.5,True,0.40388466004107465,0.22626116807885524,0.612190560173296,0.37449644328263115,0.09499931596549993,SN=2=0.2733;SN=3-4=0.3460;SN=5-8=0.3683;SN=9-12=0.3487;SN>=13=0.3467,0.37339235807412524,
455,133,v11plus+v12_5f+v16_avg3,3,NONE,"0.303,0.254,0.443","0.167,0.280,0.553","0.021,0.266,0.714",1.0,1.0,False,0.40388466004107465,0.22626116807885524,0.612190560173296,0.37449644328263115,0.09499931596549993,SN=2=0.2733;SN=3-4=0.3460;SN=5-8=0.3683;SN=9-12=0.3487;SN>=13=0.3467,0.37339235807412524,
456,,v11plus+v13+v14_seed2,3,THR,"0.398,0.283,0.319","0.287,0.099,0.614","0.015,0.533,0.452",0.5,0.5,True,0.4027819326000118,0.2313088574078639,0.6126503468876264,0.3761663853806756,0.09834654969486684,SN=2=0.2719;SN=3-4=0.3526;SN=5-8=0.3702;SN=9-12=0.3463;SN>=13=0.3444,0.3733886833074862,
457,,v11plus+v12_5f+v14_seed2+v16_testhist_aug,4,TEMP,"0.335,0.052,0.241,0.372","0.214,0.092,0.322,0.372","0.014,0.162,0.400,0.424",0.5,0.5,True,0.40322600646990275,0.22607594058734665,0.6118134712231764,0.3740834730675351,0.09420104213874686,SN=2=0.2724;SN=3-4=0.3465;SN=5-8=0.3666;SN=9-12=0.3467;SN>=13=0.3493,0.37337852477240574,
458,134,v11plus+v12_5f+v14_seed2+v16_testhist_aug,4,NONE,"0.335,0.052,0.241,0.372","0.214,0.092,0.322,0.372","0.014,0.162,0.400,0.424",1.0,1.0,False,0.40322600646990275,0.22607594058734665,0.6118134712231764,0.3740834730675351,0.09420104213874686,SN=2=0.2724;SN=3-4=0.3465;SN=5-8=0.3666;SN=9-12=0.3467;SN>=13=0.3493,0.37337852477240574,
459,,v11+v11plus+v13+v16_testhist_aug,4,THR,"0.206,0.173,0.343,0.278","0.320,0.018,0.290,0.372","0.005,0.005,0.598,0.392",0.5,0.5,True,0.41447394106540414,0.2236706216436532,0.6127569895903944,0.37780922300170183,0.10180764015886962,SN=2=0.2696;SN=3-4=0.3539;SN=5-8=0.3714;SN=9-12=0.3501;SN>=13=0.3463,0.3733009756965111,
460,,v11+v11plus+v12_5f+v14_seed2,4,THR,"0.165,0.220,0.550,0.065","0.416,0.082,0.031,0.471","0.012,0.017,0.404,0.567",0.5,0.5,True,0.40722254819628356,0.23165110548496007,0.611421162098994,0.37783369389229626,0.1019894747004958,SN=2=0.2716;SN=3-4=0.3519;SN=5-8=0.3736;SN=9-12=0.3520;SN>=13=0.3450,0.3732345293162924,
461,,v11+v11_aug+v12_5f+v14_seed2,4,TEMP,"0.185,0.289,0.460,0.066","0.242,0.180,0.029,0.549","0.023,0.013,0.391,0.573",0.5,0.5,True,0.39953755270715835,0.22780507536819594,0.6114227693467348,0.3732216050994887,0.09149743228532153,SN=2=0.2713;SN=3-4=0.3461;SN=5-8=0.3628;SN=9-12=0.3507;SN>=13=0.3413,0.3732216050994887,
462,135,v11+v11_aug+v12_5f+v14_seed2,4,NONE,"0.185,0.289,0.460,0.066","0.242,0.180,0.029,0.549","0.023,0.013,0.391,0.573",1.0,1.0,False,0.39953755270715835,0.22780507536819594,0.6114227693467348,0.3732216050994887,0.09149743228532153,SN=2=0.2713;SN=3-4=0.3461;SN=5-8=0.3628;SN=9-12=0.3507;SN>=13=0.3413,0.3732216050994887,
463,,v11+v11_aug+v12_5f+v13,4,TEMP,"0.176,0.255,0.385,0.183","0.367,0.098,0.018,0.516","0.008,0.023,0.339,0.631",0.5,0.5,True,0.40076845107731107,0.22616890347431812,0.6121441785348216,0.373203777527616,0.09192353960798016,SN=2=0.2716;SN=3-4=0.3465;SN=5-8=0.3635;SN=9-12=0.3482;SN>=13=0.3419,0.373203777527616,
464,136,v11+v11_aug+v12_5f+v13,4,NONE,"0.176,0.255,0.385,0.183","0.367,0.098,0.018,0.516","0.008,0.023,0.339,0.631",1.0,1.0,False,0.40076845107731107,0.22616890347431812,0.6121441785348216,0.373203777527616,0.09192353960798016,SN=2=0.2716;SN=3-4=0.3465;SN=5-8=0.3635;SN=9-12=0.3482;SN>=13=0.3419,0.373203777527616,
465,,v11_aug+v11plus+v12_5f+v13+v14_recvhand,5,TEMP,"0.268,0.221,0.340,0.160,0.011","0.276,0.055,0.032,0.168,0.469","0.024,0.020,0.449,0.110,0.397",0.5,0.5,True,0.4010576851633421,0.2253861628121312,0.6127079297557358,0.3731191251413365,0.09129079910799792,SN=2=0.2748;SN=3-4=0.3447;SN=5-8=0.3661;SN=9-12=0.3442;SN>=13=0.3396,0.3731191251413365,
466,137,v11_aug+v11plus+v12_5f+v13+v14_recvhand,5,NONE,"0.268,0.221,0.340,0.160,0.011","0.276,0.055,0.032,0.168,0.469","0.024,0.020,0.449,0.110,0.397",1.0,1.0,False,0.4010576851633421,0.2253861628121312,0.6127079297557358,0.3731191251413365,0.09129079910799792,SN=2=0.2748;SN=3-4=0.3447;SN=5-8=0.3661;SN=9-12=0.3442;SN>=13=0.3396,0.3731191251413365,
467,,v11+v11_aug+v11plus+v13+v14_seed2,5,TEMP,"0.102,0.195,0.206,0.466,0.031","0.221,0.233,0.038,0.329,0.179","0.087,0.010,0.003,0.826,0.074",0.5,0.5,True,0.40082584838316115,0.2278365752553234,0.610669044413133,0.3735987783380204,0.09389773860814615,SN=2=0.2723;SN=3-4=0.3489;SN=5-8=0.3662;SN=9-12=0.3478;SN>=13=0.3375,0.3730454818081914,
468,138,v11+v11_aug+v11plus+v13+v14_seed2,5,NONE,"0.102,0.195,0.206,0.466,0.031","0.221,0.233,0.038,0.329,0.179","0.087,0.010,0.003,0.826,0.074",1.0,1.0,False,0.40082584838316115,0.2278365752553234,0.610669044413133,0.3735987783380204,0.09389773860814615,SN=2=0.2723;SN=3-4=0.3489;SN=5-8=0.3662;SN=9-12=0.3478;SN>=13=0.3375,0.3730454818081914,
469,,v11+v11_aug+v12_5f+v13+v14_seed2,5,THR,"0.183,0.277,0.375,0.094,0.071","0.314,0.114,0.013,0.259,0.300","0.020,0.003,0.134,0.630,0.213",0.5,0.5,True,0.40857194408618164,0.229390149009261,0.6125860949314839,0.37770205622447384,0.1021218516660849,SN=2=0.2698;SN=3-4=0.3515;SN=5-8=0.3719;SN=9-12=0.3506;SN>=13=0.3440,0.37303670316567544,
470,,v11plus+v12_5f+v14_seed2+v16_avg3,4,TEMP,"0.348,0.150,0.103,0.399","0.159,0.259,0.084,0.499","0.011,0.170,0.145,0.674",0.5,0.5,True,0.40368623829937594,0.22692315678858002,0.6124515696157017,0.37473407195832276,0.09618844930243964,SN=2=0.2730;SN=3-4=0.3467;SN=5-8=0.3692;SN=9-12=0.3494;SN>=13=0.3486,0.373035420081347,
471,139,v11plus+v12_5f+v14_seed2+v16_avg3,4,NONE,"0.348,0.150,0.103,0.399","0.159,0.259,0.084,0.499","0.011,0.170,0.145,0.674",1.0,1.0,False,0.40368623829937594,0.22692315678858002,0.6124515696157017,0.37473407195832276,0.09618844930243964,SN=2=0.2730;SN=3-4=0.3467;SN=5-8=0.3692;SN=9-12=0.3494;SN>=13=0.3486,0.373035420081347,
472,,v11_aug+v11plus+v12_5f+v14_recvhand,4,TEMP,"0.232,0.181,0.376,0.211","0.255,0.105,0.237,0.403","0.023,0.010,0.335,0.632",0.5,0.5,True,0.4004419119819093,0.22583991673581272,0.6124750801518277,0.3730077475174544,0.09154500316499176,SN=2=0.2735;SN=3-4=0.3455;SN=5-8=0.3650;SN=9-12=0.3447;SN>=13=0.3435,0.3730077475174544,
473,140,v11_aug+v11plus+v12_5f+v14_recvhand,4,NONE,"0.232,0.181,0.376,0.211","0.255,0.105,0.237,0.403","0.023,0.010,0.335,0.632",1.0,1.0,False,0.4004419119819093,0.22583991673581272,0.6124750801518277,0.3730077475174544,0.09154500316499176,SN=2=0.2735;SN=3-4=0.3455;SN=5-8=0.3650;SN=9-12=0.3447;SN>=13=0.3435,0.3730077475174544,
474,,v11+v11_aug+v13+v14_recvhand,4,TEMP,"0.208,0.214,0.267,0.311","0.390,0.066,0.223,0.322","0.022,0.033,0.560,0.385",0.5,0.5,True,0.3993212477192325,0.2267744784994156,0.6124852054825644,0.37293533158397213,0.09241318318313962,SN=2=0.2718;SN=3-4=0.3455;SN=5-8=0.3642;SN=9-12=0.3490;SN>=13=0.3417,0.37293533158397213,
475,141,v11+v11_aug+v13+v14_recvhand,4,NONE,"0.208,0.214,0.267,0.311","0.390,0.066,0.223,0.322","0.022,0.033,0.560,0.385",1.0,1.0,False,0.3993212477192325,0.2267744784994156,0.6124852054825644,0.37293533158397213,0.09241318318313962,SN=2=0.2718;SN=3-4=0.3455;SN=5-8=0.3642;SN=9-12=0.3490;SN>=13=0.3417,0.37293533158397213,
476,,v11_aug+v11plus+v13+v14_seed2,4,TEMP,"0.203,0.244,0.219,0.335","0.222,0.077,0.106,0.596","0.018,0.054,0.757,0.171",0.5,0.5,True,0.4002939750269225,0.22632280089612838,0.6114394928089821,0.3729346089310168,0.09065564750608729,SN=2=0.2748;SN=3-4=0.3462;SN=5-8=0.3655;SN=9-12=0.3434;SN>=13=0.3388,0.3729346089310168,
477,142,v11_aug+v11plus+v13+v14_seed2,4,NONE,"0.203,0.244,0.219,0.335","0.222,0.077,0.106,0.596","0.018,0.054,0.757,0.171",1.0,1.0,False,0.4002939750269225,0.22632280089612838,0.6114394928089821,0.3729346089310168,0.09065564750608729,SN=2=0.2748;SN=3-4=0.3462;SN=5-8=0.3655;SN=9-12=0.3434;SN>=13=0.3388,0.3729346089310168,
478,,v11_aug+v11plus+v13+v14_recvhand,4,TEMP,"0.226,0.245,0.182,0.347","0.234,0.091,0.022,0.654","0.012,0.005,0.692,0.291",0.5,0.5,True,0.40056220966217027,0.22529985954035947,0.6124131045799339,0.3728274485969987,0.09276072595978402,SN=2=0.2747;SN=3-4=0.3450;SN=5-8=0.3675;SN=9-12=0.3437;SN>=13=0.3408,0.3728274485969987,
479,143,v11_aug+v11plus+v13+v14_recvhand,4,NONE,"0.226,0.245,0.182,0.347","0.234,0.091,0.022,0.654","0.012,0.005,0.692,0.291",1.0,1.0,False,0.40056220966217027,0.22529985954035947,0.6124131045799339,0.3728274485969987,0.09276072595978402,SN=2=0.2747;SN=3-4=0.3450;SN=5-8=0.3675;SN=9-12=0.3437;SN>=13=0.3408,0.3728274485969987,
480,,v11_aug+v11plus+v14_seed2,3,TEMP,"0.226,0.239,0.535","0.200,0.080,0.720","0.007,0.035,0.958",0.5,0.5,True,0.3997922968516786,0.22676540825881714,0.6106386840973641,0.3727508188636711,0.08914768493826192,SN=2=0.2738;SN=3-4=0.3459;SN=5-8=0.3630;SN=9-12=0.3450;SN>=13=0.3414,0.3727508188636711,
481,144,v11_aug+v11plus+v14_seed2,3,NONE,"0.226,0.239,0.535","0.200,0.080,0.720","0.007,0.035,0.958",1.0,1.0,False,0.3997922968516786,0.22676540825881714,0.6106386840973641,0.3727508188636711,0.08914768493826192,SN=2=0.2738;SN=3-4=0.3459;SN=5-8=0.3630;SN=9-12=0.3450;SN>=13=0.3414,0.3727508188636711,
482,,v11+v12_5f+v13+v14_recvhand,4,THR,"0.349,0.269,0.227,0.155","0.511,0.152,0.117,0.220","0.018,0.348,0.278,0.356",0.5,0.5,True,0.4050012242701932,0.2282049980113532,0.6133641307247788,0.37595531505757435,0.09948711780794545,SN=2=0.2698;SN=3-4=0.3490;SN=5-8=0.3693;SN=9-12=0.3515;SN>=13=0.3463,0.37260732892784565,
483,,v11+v11_aug+v14_seed2,3,TEMP,"0.201,0.247,0.552","0.224,0.218,0.559","0.029,0.021,0.950",0.5,0.5,True,0.39828160382170474,0.2273818428040796,0.6107128262376282,0.3724079438978394,0.09157816232635085,SN=2=0.2706;SN=3-4=0.3473;SN=5-8=0.3622;SN=9-12=0.3493;SN>=13=0.3413,0.3724079438978394,
484,145,v11+v11_aug+v14_seed2,3,NONE,"0.201,0.247,0.552","0.224,0.218,0.559","0.029,0.021,0.950",1.0,1.0,False,0.39828160382170474,0.2273818428040796,0.6107128262376282,0.3724079438978394,0.09157816232635085,SN=2=0.2706;SN=3-4=0.3473;SN=5-8=0.3622;SN=9-12=0.3493;SN>=13=0.3413,0.3724079438978394,
485,,v11+v11_aug+v12_5f+v13+v14_recvhand,5,TEMP,"0.211,0.295,0.221,0.018,0.255","0.323,0.210,0.207,0.053,0.207","0.024,0.015,0.298,0.184,0.479",0.5,0.5,True,0.3997436964667344,0.22695337103663976,0.6132129735301677,0.37332142170738325,0.09481487355973711,SN=2=0.2709;SN=3-4=0.3467;SN=5-8=0.3657;SN=9-12=0.3486;SN>=13=0.3419,0.3723095577017588,
486,146,v11+v11_aug+v12_5f+v13+v14_recvhand,5,NONE,"0.211,0.295,0.221,0.018,0.255","0.323,0.210,0.207,0.053,0.207","0.024,0.015,0.298,0.184,0.479",1.0,1.0,False,0.3997436964667344,0.22695337103663976,0.6132129735301677,0.37332142170738325,0.09481487355973711,SN=2=0.2709;SN=3-4=0.3467;SN=5-8=0.3657;SN=9-12=0.3486;SN>=13=0.3419,0.3723095577017588,
487,,v11+v11_aug+v14_recvhand,3,TEMP,"0.199,0.320,0.481","0.241,0.227,0.532","0.018,0.003,0.980",0.5,0.5,True,0.398441967789198,0.22651759228462304,0.6115348286724072,0.37229078976400987,0.09127164487359063,SN=2=0.2716;SN=3-4=0.3447;SN=5-8=0.3628;SN=9-12=0.3484;SN>=13=0.3420,0.37229078976400987,
488,147,v11+v11_aug+v14_recvhand,3,NONE,"0.199,0.320,0.481","0.241,0.227,0.532","0.018,0.003,0.980",1.0,1.0,False,0.398441967789198,0.22651759228462304,0.6115348286724072,0.37229078976400987,0.09127164487359063,SN=2=0.2716;SN=3-4=0.3447;SN=5-8=0.3628;SN=9-12=0.3484;SN>=13=0.3420,0.37229078976400987,
489,,v11+v11_aug+v11plus+v13,4,TEMP,"0.031,0.218,0.223,0.528","0.252,0.138,0.082,0.527","0.011,0.087,0.043,0.859",0.5,0.5,True,0.40062465604122416,0.227104131086901,0.6084122383889123,0.37277396252903255,0.093954872726278,SN=2=0.2718;SN=3-4=0.3483;SN=5-8=0.3658;SN=9-12=0.3449;SN>=13=0.3373,0.3721920989401376,
490,148,v11+v11_aug+v11plus+v13,4,NONE,"0.031,0.218,0.223,0.528","0.252,0.138,0.082,0.527","0.011,0.087,0.043,0.859",1.0,1.0,False,0.40062465604122416,0.227104131086901,0.6084122383889123,0.37277396252903255,0.093954872726278,SN=2=0.2718;SN=3-4=0.3483;SN=5-8=0.3658;SN=9-12=0.3449;SN>=13=0.3373,0.3721920989401376,
491,,v11+v11plus+v14_seed2,3,THR,"0.232,0.164,0.605","0.453,0.034,0.513","0.083,0.020,0.897",0.5,0.5,True,0.40665820242316647,0.22938868609881666,0.6103028782295514,0.37647933105470355,0.1013864369364253,SN=2=0.2706;SN=3-4=0.3496;SN=5-8=0.3720;SN=9-12=0.3502;SN>=13=0.3450,0.3721816853607349,
492,,v11_aug+v11plus+v14_recvhand,3,TEMP,"0.237,0.235,0.528","0.280,0.069,0.650","0.001,0.058,0.941",0.5,0.5,True,0.3993889812600646,0.22543321111368586,0.6111955616114362,0.3721679892717874,0.09096080085238228,SN=2=0.2742;SN=3-4=0.3449;SN=5-8=0.3652;SN=9-12=0.3452;SN>=13=0.3395,0.3721679892717874,
493,149,v11_aug+v11plus+v14_recvhand,3,NONE,"0.237,0.235,0.528","0.280,0.069,0.650","0.001,0.058,0.941",1.0,1.0,False,0.3993889812600646,0.22543321111368586,0.6111955616114362,0.3721679892717874,0.09096080085238228,SN=2=0.2742;SN=3-4=0.3449;SN=5-8=0.3652;SN=9-12=0.3452;SN>=13=0.3395,0.3721679892717874,
494,,v11_aug+v11plus+v12_5f+v13,4,TEMP,"0.238,0.248,0.449,0.065","0.252,0.186,0.540,0.022","0.011,0.024,0.641,0.324",0.5,0.5,True,0.4008688048325258,0.22484846220360843,0.6120292174174118,0.3726927502979361,0.09396863075381423,SN=2=0.2705;SN=3-4=0.3470;SN=5-8=0.3645;SN=9-12=0.3470;SN>=13=0.3429,0.372104007695273,
495,150,v11_aug+v11plus+v12_5f+v13,4,NONE,"0.238,0.248,0.449,0.065","0.252,0.186,0.540,0.022","0.011,0.024,0.641,0.324",1.0,1.0,False,0.4008688048325258,0.22484846220360843,0.6120292174174118,0.3726927502979361,0.09396863075381423,SN=2=0.2705;SN=3-4=0.3470;SN=5-8=0.3645;SN=9-12=0.3470;SN>=13=0.3429,0.372104007695273,
496,,v11_aug+v11plus+v12_5f+v14_seed2,4,TEMP,"0.230,0.253,0.369,0.148","0.232,0.110,0.158,0.500","0.029,0.031,0.380,0.560",0.5,0.5,True,0.40042558784820853,0.22584337462622917,0.6110361272559752,0.37271481044097016,0.09414525760522818,SN=2=0.2715;SN=3-4=0.3466;SN=5-8=0.3657;SN=9-12=0.3467;SN>=13=0.3414,0.3720377544126001,
497,151,v11_aug+v11plus+v12_5f+v14_seed2,4,NONE,"0.230,0.253,0.369,0.148","0.232,0.110,0.158,0.500","0.029,0.031,0.380,0.560",1.0,1.0,False,0.40042558784820853,0.22584337462622917,0.6110361272559752,0.37271481044097016,0.09414525760522818,SN=2=0.2715;SN=3-4=0.3466;SN=5-8=0.3657;SN=9-12=0.3467;SN>=13=0.3414,0.3720377544126001,
498,,v11+v11plus+v12_5f+v13+v14_recvhand,5,TEMP,"0.200,0.192,0.267,0.260,0.080","0.434,0.027,0.113,0.198,0.229","0.001,0.030,0.181,0.368,0.421",0.5,0.5,True,0.39676895353730285,0.22689989209555866,0.6133115329649086,0.3721298448461263,0.0930768308352884,SN=2=0.2713;SN=3-4=0.3459;SN=5-8=0.3644;SN=9-12=0.3480;SN>=13=0.3442,0.3719870022027262,
499,152,v11+v11plus+v12_5f+v13+v14_recvhand,5,NONE,"0.200,0.192,0.267,0.260,0.080","0.434,0.027,0.113,0.198,0.229","0.001,0.030,0.181,0.368,0.421",1.0,1.0,False,0.39676895353730285,0.22689989209555866,0.6133115329649086,0.3721298448461263,0.0930768308352884,SN=2=0.2713;SN=3-4=0.3459;SN=5-8=0.3644;SN=9-12=0.3480;SN>=13=0.3442,0.3719870022027262,
500,,v11+v11plus+v13+v14_recvhand,4,TEMP,"0.212,0.194,0.202,0.392","0.403,0.040,0.229,0.328","0.012,0.016,0.350,0.622",0.5,0.5,True,0.39654673376120214,0.22685126058766758,0.6131018795432306,0.371979573648194,0.09282248308861968,SN=2=0.2713;SN=3-4=0.3465;SN=5-8=0.3641;SN=9-12=0.3462;SN>=13=0.3437,0.37196390487812825,
501,153,v11+v11plus+v13+v14_recvhand,4,NONE,"0.212,0.194,0.202,0.392","0.403,0.040,0.229,0.328","0.012,0.016,0.350,0.622",1.0,1.0,False,0.39654673376120214,0.22685126058766758,0.6131018795432306,0.371979573648194,0.09282248308861968,SN=2=0.2713;SN=3-4=0.3465;SN=5-8=0.3641;SN=9-12=0.3462;SN>=13=0.3437,0.37196390487812825,
502,,v11_aug+v11plus+v13,3,TEMP,"0.221,0.250,0.529","0.236,0.084,0.680","0.007,0.045,0.948",0.5,0.5,True,0.40053704583559385,0.22373130437049168,0.6107426494290237,0.37185586996823894,0.09032664337927254,SN=2=0.2733;SN=3-4=0.3455;SN=5-8=0.3636;SN=9-12=0.3424;SN>=13=0.3378,0.37185586996823894,
503,154,v11_aug+v11plus+v13,3,NONE,"0.221,0.250,0.529","0.236,0.084,0.680","0.007,0.045,0.948",1.0,1.0,False,0.40053704583559385,0.22373130437049168,0.6107426494290237,0.37185586996823894,0.09032664337927254,SN=2=0.2733;SN=3-4=0.3455;SN=5-8=0.3636;SN=9-12=0.3424;SN>=13=0.3378,0.37185586996823894,
504,,v11+v11_aug+v11plus+v14_recvhand,4,TEMP,"0.084,0.270,0.133,0.513","0.348,0.056,0.068,0.528","0.083,0.027,0.023,0.867",0.5,0.5,True,0.3996485376990478,0.2264415778512788,0.6099188565796669,0.37241981753606407,0.09392282916353789,SN=2=0.2716;SN=3-4=0.3467;SN=5-8=0.3655;SN=9-12=0.3486;SN>=13=0.3372,0.3718539757285392,
505,155,v11+v11_aug+v11plus+v14_recvhand,4,NONE,"0.084,0.270,0.133,0.513","0.348,0.056,0.068,0.528","0.083,0.027,0.023,0.867",1.0,1.0,False,0.3996485376990478,0.2264415778512788,0.6099188565796669,0.37241981753606407,0.09392282916353789,SN=2=0.2716;SN=3-4=0.3467;SN=5-8=0.3655;SN=9-12=0.3486;SN>=13=0.3372,0.3718539757285392,
506,,v11+v11plus+v12_5f+v13+v14_seed2,5,TEMP,"0.190,0.196,0.318,0.237,0.059","0.424,0.073,0.060,0.383,0.060","0.029,0.006,0.487,0.370,0.109",0.5,0.5,True,0.3969635959000439,0.22723193605148553,0.6126627667542806,0.3722107661314679,0.09358073333609945,SN=2=0.2708;SN=3-4=0.3468;SN=5-8=0.3644;SN=9-12=0.3467;SN>=13=0.3438,0.3718159722376623,
507,156,v11+v11plus+v12_5f+v13+v14_seed2,5,NONE,"0.190,0.196,0.318,0.237,0.059","0.424,0.073,0.060,0.383,0.060","0.029,0.006,0.487,0.370,0.109",1.0,1.0,False,0.3969635959000439,0.22723193605148553,0.6126627667542806,0.3722107661314679,0.09358073333609945,SN=2=0.2708;SN=3-4=0.3468;SN=5-8=0.3644;SN=9-12=0.3467;SN>=13=0.3438,0.3718159722376623,
508,,v11+v11_aug+v11plus+v12_5f,4,THR,"0.110,0.198,0.164,0.528","0.346,0.155,0.001,0.498","0.018,0.057,0.073,0.853",0.5,0.5,True,0.40985992523836107,0.22679827770238686,0.607235018526979,0.376110284881695,0.10146248063441626,SN=2=0.2699;SN=3-4=0.3508;SN=5-8=0.3714;SN=9-12=0.3495;SN>=13=0.3397,0.37177461733873096,
509,,v11+v11_aug+v11plus+v14_seed2,4,TEMP,"0.116,0.178,0.224,0.482","0.226,0.226,0.019,0.529","0.009,0.084,0.023,0.883",0.5,0.5,True,0.399543934788451,0.22755621282500194,0.609085103414742,0.3726570797283296,0.09470115976895938,SN=2=0.2707;SN=3-4=0.3480;SN=5-8=0.3654;SN=9-12=0.3488;SN>=13=0.3391,0.37170207261809396,
510,157,v11+v11_aug+v11plus+v14_seed2,4,NONE,"0.116,0.178,0.224,0.482","0.226,0.226,0.019,0.529","0.009,0.084,0.023,0.883",1.0,1.0,False,0.399543934788451,0.22755621282500194,0.609085103414742,0.3726570797283296,0.09470115976895938,SN=2=0.2707;SN=3-4=0.3480;SN=5-8=0.3654;SN=9-12=0.3488;SN>=13=0.3391,0.37170207261809396,
511,,v11+v11_aug+v11plus+v12_5f+v13,5,TEMP,"0.059,0.226,0.165,0.086,0.464","0.278,0.124,0.059,0.169,0.369","0.077,0.026,0.004,0.347,0.547",0.5,0.5,True,0.40127541645388837,0.22614980129824352,0.6113034732808496,0.3732307817570227,0.09601941916229484,SN=2=0.2709;SN=3-4=0.3480;SN=5-8=0.3670;SN=9-12=0.3470;SN>=13=0.3403,0.3716166449501193,
512,158,v11+v11_aug+v11plus+v12_5f+v13,5,NONE,"0.059,0.226,0.165,0.086,0.464","0.278,0.124,0.059,0.169,0.369","0.077,0.026,0.004,0.347,0.547",1.0,1.0,False,0.40127541645388837,0.22614980129824352,0.6113034732808496,0.3732307817570227,0.09601941916229484,SN=2=0.2709;SN=3-4=0.3480;SN=5-8=0.3670;SN=9-12=0.3470;SN>=13=0.3403,0.3716166449501193,
513,,v11+v11plus+v12_5f+v13,4,TEMP,"0.142,0.239,0.316,0.303","0.421,0.065,0.097,0.417","0.020,0.015,0.240,0.725",0.5,0.5,True,0.3974037558278357,0.22704090875331615,0.6120780759335647,0.3721934810191737,0.09398685019002506,SN=2=0.2700;SN=3-4=0.3489;SN=5-8=0.3640;SN=9-12=0.3463;SN>=13=0.3425,0.37159562869840523,
514,159,v11+v11plus+v12_5f+v13,4,NONE,"0.142,0.239,0.316,0.303","0.421,0.065,0.097,0.417","0.020,0.015,0.240,0.725",1.0,1.0,False,0.3974037558278357,0.22704090875331615,0.6120780759335647,0.3721934810191737,0.09398685019002506,SN=2=0.2700;SN=3-4=0.3489;SN=5-8=0.3640;SN=9-12=0.3463;SN>=13=0.3425,0.37159562869840523,
515,,v11+v11plus+v13+v14_seed2,4,TEMP,"0.151,0.225,0.387,0.238","0.397,0.087,0.178,0.338","0.008,0.005,0.410,0.578",0.5,0.5,True,0.3964674885472913,0.22749214792708122,0.612610678066205,0.37210599020299,0.09395280657301996,SN=2=0.2708;SN=3-4=0.3484;SN=5-8=0.3647;SN=9-12=0.3458;SN>=13=0.3427,0.3715251596907241,
516,160,v11+v11plus+v13+v14_seed2,4,NONE,"0.151,0.225,0.387,0.238","0.397,0.087,0.178,0.338","0.008,0.005,0.410,0.578",1.0,1.0,False,0.3964674885472913,0.22749214792708122,0.612610678066205,0.37210599020299,0.09395280657301996,SN=2=0.2708;SN=3-4=0.3484;SN=5-8=0.3647;SN=9-12=0.3458;SN>=13=0.3427,0.3715251596907241,
517,,v11_aug+v11plus+v12_5f,3,TEMP,"0.266,0.241,0.493","0.211,0.202,0.587","0.024,0.008,0.968",0.5,0.5,True,0.4002630921528756,0.22446284166467456,0.609630974417078,0.3718165684104357,0.09348396704517731,SN=2=0.2691;SN=3-4=0.3457;SN=5-8=0.3626;SN=9-12=0.3460;SN>=13=0.3415,0.3714701576620911,
518,161,v11_aug+v11plus+v12_5f,3,NONE,"0.266,0.241,0.493","0.211,0.202,0.587","0.024,0.008,0.968",1.0,1.0,False,0.4002630921528756,0.22446284166467456,0.609630974417078,0.3718165684104357,0.09348396704517731,SN=2=0.2691;SN=3-4=0.3457;SN=5-8=0.3626;SN=9-12=0.3460;SN>=13=0.3415,0.3714701576620911,
519,,v11+v11_aug+v11plus+v12_5f,4,TEMP,"0.110,0.198,0.164,0.528","0.346,0.155,0.001,0.498","0.018,0.057,0.073,0.853",0.5,0.5,True,0.40115292497284566,0.22606278021455797,0.607235018526979,0.3723332857803573,0.09465999700472943,SN=2=0.2695;SN=3-4=0.3469;SN=5-8=0.3642;SN=9-12=0.3486;SN>=13=0.3388,0.37139886005223666,
520,162,v11+v11_aug+v11plus+v12_5f,4,NONE,"0.110,0.198,0.164,0.528","0.346,0.155,0.001,0.498","0.018,0.057,0.073,0.853",1.0,1.0,False,0.40115292497284566,0.22606278021455797,0.607235018526979,0.3723332857803573,0.09465999700472943,SN=2=0.2695;SN=3-4=0.3469;SN=5-8=0.3642;SN=9-12=0.3486;SN>=13=0.3388,0.37139886005223666,
521,,v11+v11plus+v12_5f+v14_recvhand,4,TEMP,"0.216,0.231,0.287,0.266","0.351,0.122,0.208,0.318","0.041,0.002,0.547,0.410",0.5,0.5,True,0.39655773218194423,0.22672755637502875,0.6124558476339439,0.371805284949578,0.0939121591561774,SN=2=0.2704;SN=3-4=0.3459;SN=5-8=0.3643;SN=9-12=0.3462;SN>=13=0.3441,0.3712447781457333,
522,163,v11+v11plus+v12_5f+v14_recvhand,4,NONE,"0.216,0.231,0.287,0.266","0.351,0.122,0.208,0.318","0.041,0.002,0.547,0.410",1.0,1.0,False,0.39655773218194423,0.22672755637502875,0.6124558476339439,0.371805284949578,0.0939121591561774,SN=2=0.2704;SN=3-4=0.3459;SN=5-8=0.3643;SN=9-12=0.3462;SN>=13=0.3441,0.3712447781457333,
523,,v11+v11plus+v12_5f,3,THR,"0.211,0.181,0.609","0.403,0.090,0.507","0.038,0.012,0.951",0.5,0.5,True,0.4060661116770278,0.2304575611142313,0.6099750524952854,0.37660447961556076,0.10385249190462847,SN=2=0.2690;SN=3-4=0.3513;SN=5-8=0.3729;SN=9-12=0.3509;SN>=13=0.3435,0.37107380643749055,
524,,v11+v13+v14_seed2,3,TEMP,"0.290,0.471,0.240","0.429,0.254,0.317","0.027,0.548,0.425",0.5,0.5,True,0.3939060624575845,0.22725046929946352,0.6126705051406054,0.37099671373094034,0.09007996428152854,SN=2=0.2715;SN=3-4=0.3446;SN=5-8=0.3616;SN=9-12=0.3477;SN>=13=0.3426,0.37099671373094034,
525,164,v11+v13+v14_seed2,3,NONE,"0.290,0.471,0.240","0.429,0.254,0.317","0.027,0.548,0.425",1.0,1.0,False,0.3939060624575845,0.22725046929946352,0.6126705051406054,0.37099671373094034,0.09007996428152854,SN=2=0.2715;SN=3-4=0.3446;SN=5-8=0.3616;SN=9-12=0.3477;SN>=13=0.3426,0.37099671373094034,
526,,v11+v11plus+v13,3,TEMP,"0.221,0.189,0.591","0.457,0.008,0.535","0.037,0.007,0.957",0.5,0.5,True,0.3961142187276038,0.2257045216804475,0.6109497706929417,0.37091745030180884,0.09277901704713415,SN=2=0.2702;SN=3-4=0.3466;SN=5-8=0.3630;SN=9-12=0.3460;SN>=13=0.3418,0.37091745030180884,
527,165,v11+v11plus+v13,3,NONE,"0.221,0.189,0.591","0.457,0.008,0.535","0.037,0.007,0.957",1.0,1.0,False,0.3961142187276038,0.2257045216804475,0.6109497706929417,0.37091745030180884,0.09277901704713415,SN=2=0.2702;SN=3-4=0.3466;SN=5-8=0.3630;SN=9-12=0.3460;SN>=13=0.3418,0.37091745030180884,
528,,v11+v12_5f+v13+v14_seed2,4,TEMP,"0.345,0.066,0.429,0.160","0.452,0.015,0.350,0.183","0.019,0.239,0.422,0.320",0.5,0.5,True,0.39372766505757717,0.2270910499106992,0.6128967805402021,0.37090684209535096,0.09076820454762613,SN=2=0.2708;SN=3-4=0.3446;SN=5-8=0.3616;SN=9-12=0.3465;SN>=13=0.3441,0.37090684209535096,
529,166,v11+v12_5f+v13+v14_seed2,4,NONE,"0.345,0.066,0.429,0.160","0.452,0.015,0.350,0.183","0.019,0.239,0.422,0.320",1.0,1.0,False,0.39372766505757717,0.2270910499106992,0.6128967805402021,0.37090684209535096,0.09076820454762613,SN=2=0.2708;SN=3-4=0.3446;SN=5-8=0.3616;SN=9-12=0.3465;SN>=13=0.3441,0.37090684209535096,
530,,v11_aug+v12_5f+v13+v14_seed2,4,TEMP,"0.285,0.248,0.335,0.132","0.260,0.365,0.029,0.346","0.003,0.184,0.381,0.431",0.5,0.5,True,0.39596567359197077,0.22485025104761824,0.6127024706414254,0.3708668639841207,0.0873405594713042,SN=2=0.2738;SN=3-4=0.3433;SN=5-8=0.3612;SN=9-12=0.3420;SN>=13=0.3393,0.3708668639841207,
531,167,v11_aug+v12_5f+v13+v14_seed2,4,NONE,"0.285,0.248,0.335,0.132","0.260,0.365,0.029,0.346","0.003,0.184,0.381,0.431",1.0,1.0,False,0.39596567359197077,0.22485025104761824,0.6127024706414254,0.3708668639841207,0.0873405594713042,SN=2=0.2738;SN=3-4=0.3433;SN=5-8=0.3612;SN=9-12=0.3420;SN>=13=0.3393,0.3708668639841207,
532,,v11_aug+v12_5f+v13+v14_recvhand,4,TEMP,"0.396,0.152,0.178,0.274","0.267,0.356,0.002,0.374","0.014,0.162,0.369,0.454",0.5,0.5,True,0.39553798133778156,0.22473263666351245,0.613233385493968,0.37075492429931123,0.08468563794962591,SN=2=0.2739;SN=3-4=0.3429;SN=5-8=0.3586;SN=9-12=0.3425;SN>=13=0.3406,0.37075492429931123,
533,168,v11_aug+v12_5f+v13+v14_recvhand,4,NONE,"0.396,0.152,0.178,0.274","0.267,0.356,0.002,0.374","0.014,0.162,0.369,0.454",1.0,1.0,False,0.39553798133778156,0.22473263666351245,0.613233385493968,0.37075492429931123,0.08468563794962591,SN=2=0.2739;SN=3-4=0.3429;SN=5-8=0.3586;SN=9-12=0.3425;SN>=13=0.3406,0.37075492429931123,
534,,v11+v13+v14_recvhand,3,THR,"0.286,0.610,0.104","0.456,0.321,0.223","0.028,0.420,0.552",0.5,0.5,True,0.40394094357791477,0.2259078439290721,0.6130915578444436,0.37455782657168346,0.10045664704174773,SN=2=0.2684;SN=3-4=0.3512;SN=5-8=0.3688;SN=9-12=0.3485;SN>=13=0.3427,0.37072507582505365,
535,,v11+v11_aug+v13,3,TEMP,"0.201,0.255,0.545","0.434,0.060,0.505","0.089,0.028,0.883",0.5,0.5,True,0.3984600765305025,0.22622753127759343,0.6098230982774107,0.3718396627787205,0.09502266617875343,SN=2=0.2692;SN=3-4=0.3469;SN=5-8=0.3643;SN=9-12=0.3488;SN>=13=0.3375,0.37072390246358783,
536,169,v11+v11_aug+v13,3,NONE,"0.201,0.255,0.545","0.434,0.060,0.505","0.089,0.028,0.883",1.0,1.0,False,0.3984600765305025,0.22622753127759343,0.6098230982774107,0.3718396627787205,0.09502266617875343,SN=2=0.2692;SN=3-4=0.3469;SN=5-8=0.3643;SN=9-12=0.3488;SN>=13=0.3375,0.37072390246358783,
537,,v11_aug+v13+v14_recvhand,3,TEMP,"0.382,0.277,0.341","0.278,0.018,0.704","0.018,0.501,0.481",0.5,0.5,True,0.3957307246467113,0.22463217364812865,0.6128624573851628,0.37071765079496855,0.08373053133666225,SN=2=0.2753;SN=3-4=0.3413;SN=5-8=0.3590;SN=9-12=0.3425;SN>=13=0.3395,0.37071765079496855,
538,170,v11_aug+v13+v14_recvhand,3,NONE,"0.382,0.277,0.341","0.278,0.018,0.704","0.018,0.501,0.481",1.0,1.0,False,0.3957307246467113,0.22463217364812865,0.6128624573851628,0.37071765079496855,0.08373053133666225,SN=2=0.2753;SN=3-4=0.3413;SN=5-8=0.3590;SN=9-12=0.3425;SN>=13=0.3395,0.37071765079496855,
539,,v11+v13+v14_recvhand,3,TEMP,"0.286,0.610,0.104","0.456,0.321,0.223","0.028,0.420,0.552",0.5,0.5,True,0.39381282724956007,0.22642270919647384,0.6130915578444436,0.3707125261473023,0.08916153241741942,SN=2=0.2713;SN=3-4=0.3438;SN=5-8=0.3605;SN=9-12=0.3445;SN>=13=0.3424,0.3707125261473023,
540,171,v11+v13+v14_recvhand,3,NONE,"0.286,0.610,0.104","0.456,0.321,0.223","0.028,0.420,0.552",1.0,1.0,False,0.39381282724956007,0.22642270919647384,0.6130915578444436,0.3707125261473023,0.08916153241741942,SN=2=0.2713;SN=3-4=0.3438;SN=5-8=0.3605;SN=9-12=0.3445;SN>=13=0.3424,0.3707125261473023,
541,,v11_aug+v13+v14_seed2,3,TEMP,"0.271,0.233,0.495","0.306,0.004,0.690","0.017,0.453,0.531",0.5,0.5,True,0.3949409790657377,0.2255441386834963,0.6125203673271974,0.37069812056513307,0.0876626330465754,SN=2=0.2740;SN=3-4=0.3426;SN=5-8=0.3617;SN=9-12=0.3431;SN>=13=0.3381,0.37069812056513307,
542,172,v11_aug+v13+v14_seed2,3,NONE,"0.271,0.233,0.495","0.306,0.004,0.690","0.017,0.453,0.531",1.0,1.0,False,0.3949409790657377,0.2255441386834963,0.6125203673271974,0.37069812056513307,0.0876626330465754,SN=2=0.2740;SN=3-4=0.3426;SN=5-8=0.3617;SN=9-12=0.3431;SN>=13=0.3381,0.37069812056513307,
543,,v11+v12_5f+v13+v14_recvhand,4,TEMP,"0.349,0.269,0.227,0.155","0.511,0.152,0.117,0.220","0.018,0.348,0.278,0.356",0.5,0.5,True,0.39395951199946355,0.22614833227741515,0.6133641307247788,0.37071596385570726,0.09294094455295754,SN=2=0.2699;SN=3-4=0.3438;SN=5-8=0.3628;SN=9-12=0.3491;SN>=13=0.3444,0.37064106435347255,
544,173,v11+v12_5f+v13+v14_recvhand,4,NONE,"0.349,0.269,0.227,0.155","0.511,0.152,0.117,0.220","0.018,0.348,0.278,0.356",1.0,1.0,False,0.39395951199946355,0.22614833227741515,0.6133641307247788,0.37071596385570726,0.09294094455295754,SN=2=0.2699;SN=3-4=0.3438;SN=5-8=0.3628;SN=9-12=0.3491;SN>=13=0.3444,0.37064106435347255,
545,,v11+v11plus+v14_seed2,3,TEMP,"0.232,0.164,0.605","0.453,0.034,0.513","0.083,0.020,0.897",0.5,0.5,True,0.3949680169195036,0.22649845730587387,0.6103028782295514,0.3706471653360613,0.09285022893071848,SN=2=0.2691;SN=3-4=0.3459;SN=5-8=0.3619;SN=9-12=0.3479;SN>=13=0.3384,0.3706176236449461,
546,174,v11+v11plus+v14_seed2,3,NONE,"0.232,0.164,0.605","0.453,0.034,0.513","0.083,0.020,0.897",1.0,1.0,False,0.3949680169195036,0.22649845730587387,0.6103028782295514,0.3706471653360613,0.09285022893071848,SN=2=0.2691;SN=3-4=0.3459;SN=5-8=0.3619;SN=9-12=0.3479;SN>=13=0.3384,0.3706176236449461,
547,,v11+v12_5f+v13,3,TEMP,"0.345,0.331,0.324","0.449,0.104,0.447","0.031,0.540,0.429",0.5,0.5,True,0.3940394570614663,0.22616915793448564,0.612468387136595,0.3705771234256998,0.09200565296475743,SN=2=0.2697;SN=3-4=0.3438;SN=5-8=0.3617;SN=9-12=0.3475;SN>=13=0.3438,0.3705771234256998,
548,175,v11+v12_5f+v13,3,NONE,"0.345,0.331,0.324","0.449,0.104,0.447","0.031,0.540,0.429",1.0,1.0,False,0.3940394570614663,0.22616915793448564,0.612468387136595,0.3705771234256998,0.09200565296475743,SN=2=0.2697;SN=3-4=0.3438;SN=5-8=0.3617;SN=9-12=0.3475;SN>=13=0.3438,0.3705771234256998,
549,,v11+v11plus+v14_recvhand,3,TEMP,"0.206,0.230,0.564","0.421,0.057,0.522","0.023,0.027,0.950",0.5,0.5,True,0.3949328589518747,0.22588641551613486,0.6115795939873067,0.37064362858466515,0.09314968223370612,SN=2=0.2698;SN=3-4=0.3454;SN=5-8=0.3629;SN=9-12=0.3469;SN>=13=0.3428,0.37046436024205615,
550,176,v11+v11plus+v14_recvhand,3,NONE,"0.206,0.230,0.564","0.421,0.057,0.522","0.023,0.027,0.950",1.0,1.0,False,0.3949328589518747,0.22588641551613486,0.6115795939873067,0.37064362858466515,0.09314968223370612,SN=2=0.2698;SN=3-4=0.3454;SN=5-8=0.3629;SN=9-12=0.3469;SN>=13=0.3428,0.37046436024205615,
551,,v11_aug+v12_5f+v14_seed2,3,TEMP,"0.292,0.429,0.278","0.266,0.022,0.712","0.018,0.405,0.577",0.5,0.5,True,0.3952316501438301,0.22531725998493854,0.6112007616519323,0.3704597163818939,0.08639127999383545,SN=2=0.2737;SN=3-4=0.3414;SN=5-8=0.3601;SN=9-12=0.3426;SN>=13=0.3401,0.3704597163818939,
552,177,v11_aug+v12_5f+v14_seed2,3,NONE,"0.292,0.429,0.278","0.266,0.022,0.712","0.018,0.405,0.577",1.0,1.0,False,0.3952316501438301,0.22531725998493854,0.6112007616519323,0.3704597163818939,0.08639127999383545,SN=2=0.2737;SN=3-4=0.3414;SN=5-8=0.3601;SN=9-12=0.3426;SN>=13=0.3401,0.3704597163818939,
553,,v11_aug+v12_5f+v14_recvhand,3,TEMP,"0.348,0.267,0.384","0.275,0.110,0.615","0.012,0.340,0.648",0.5,0.5,True,0.3951545098988313,0.22472063933003503,0.6124933102025631,0.37044872173205917,0.08515463887814767,SN=2=0.2739;SN=3-4=0.3415;SN=5-8=0.3591;SN=9-12=0.3429;SN>=13=0.3419,0.37044872173205917,
554,178,v11_aug+v12_5f+v14_recvhand,3,NONE,"0.348,0.267,0.384","0.275,0.110,0.615","0.012,0.340,0.648",1.0,1.0,False,0.3951545098988313,0.22472063933003503,0.6124933102025631,0.37044872173205917,0.08515463887814767,SN=2=0.2739;SN=3-4=0.3415;SN=5-8=0.3591;SN=9-12=0.3429;SN>=13=0.3419,0.37044872173205917,
555,,v11+v11_aug+v13,3,THR,"0.201,0.255,0.545","0.434,0.060,0.505","0.089,0.028,0.883",0.5,0.5,True,0.4079295698440854,0.22505398106032679,0.6098230982774107,0.37515804001724706,0.10222691231540115,SN=2=0.2669;SN=3-4=0.3520;SN=5-8=0.3691;SN=9-12=0.3488;SN>=13=0.3402,0.37044015663379054,
556,,v11+v12_5f+v14_recvhand,3,TEMP,"0.374,0.349,0.277","0.440,0.264,0.296","0.015,0.370,0.615",0.5,0.5,True,0.3935203042956838,0.22613609448972624,0.612642789192911,0.3703911173527462,0.09141188580854276,SN=2=0.2698;SN=3-4=0.3440;SN=5-8=0.3612;SN=9-12=0.3491;SN>=13=0.3450,0.3703911173527462,
557,179,v11+v12_5f+v14_recvhand,3,NONE,"0.374,0.349,0.277","0.440,0.264,0.296","0.015,0.370,0.615",1.0,1.0,False,0.3935203042956838,0.22613609448972624,0.612642789192911,0.3703911173527462,0.09141188580854276,SN=2=0.2698;SN=3-4=0.3440;SN=5-8=0.3612;SN=9-12=0.3491;SN>=13=0.3450,0.3703911173527462,
558,,v11+v11_aug+v12_5f,3,TEMP,"0.230,0.248,0.523","0.327,0.218,0.455","0.033,0.020,0.948",0.5,0.5,True,0.39977124557956134,0.22622204299205223,0.6098979532832025,0.3723769060852859,0.09693085248363409,SN=2=0.2682;SN=3-4=0.3473;SN=5-8=0.3651;SN=9-12=0.3478;SN>=13=0.3424,0.3703070526177129,
559,180,v11+v11_aug+v12_5f,3,NONE,"0.230,0.248,0.523","0.327,0.218,0.455","0.033,0.020,0.948",1.0,1.0,False,0.39977124557956134,0.22622204299205223,0.6098979532832025,0.3723769060852859,0.09693085248363409,SN=2=0.2682;SN=3-4=0.3473;SN=5-8=0.3651;SN=9-12=0.3478;SN>=13=0.3424,0.3703070526177129,
560,,v11+v11plus+v12_5f+v14_seed2,4,TEMP,"0.165,0.220,0.550,0.065","0.416,0.082,0.031,0.471","0.012,0.017,0.404,0.567",0.5,0.5,True,0.3963908603602689,0.2270632664042692,0.611421162098994,0.37166588312561405,0.09555267442520149,SN=2=0.2691;SN=3-4=0.3470;SN=5-8=0.3646;SN=9-12=0.3462;SN>=13=0.3435,0.37028511868725733,
561,181,v11+v11plus+v12_5f+v14_seed2,4,NONE,"0.165,0.220,0.550,0.065","0.416,0.082,0.031,0.471","0.012,0.017,0.404,0.567",1.0,1.0,False,0.3963908603602689,0.2270632664042692,0.611421162098994,0.37166588312561405,0.09555267442520149,SN=2=0.2691;SN=3-4=0.3470;SN=5-8=0.3646;SN=9-12=0.3462;SN>=13=0.3435,0.37028511868725733,
562,,v11+v12_5f+v14_seed2,3,TEMP,"0.273,0.313,0.414","0.489,0.067,0.444","0.037,0.376,0.587",0.5,0.5,True,0.3935760550722838,0.22665309971326528,0.6115014679683379,0.3703919555078873,0.09323423617512966,SN=2=0.2690;SN=3-4=0.3443;SN=5-8=0.3622;SN=9-12=0.3471;SN>=13=0.3428,0.37017041019456653,
563,182,v11+v12_5f+v14_seed2,3,NONE,"0.273,0.313,0.414","0.489,0.067,0.444","0.037,0.376,0.587",1.0,1.0,False,0.3935760550722838,0.22665309971326528,0.6115014679683379,0.3703919555078873,0.09323423617512966,SN=2=0.2690;SN=3-4=0.3443;SN=5-8=0.3622;SN=9-12=0.3471;SN>=13=0.3428,0.37017041019456653,
564,,v11plus+v12_5f+v13+v14_recvhand,4,TEMP,"0.354,0.265,0.381,0.000","0.187,0.196,0.017,0.601","0.030,0.223,0.380,0.367",0.5,0.5,True,0.3945404603626956,0.22295990663559445,0.6132915925319521,0.36965846530570645,0.0922139460703203,SN=2=0.2714;SN=3-4=0.3446;SN=5-8=0.3636;SN=9-12=0.3405;SN>=13=0.3419,0.36965846530570645,
565,183,v11plus+v12_5f+v13+v14_recvhand,4,NONE,"0.354,0.265,0.381,0.000","0.187,0.196,0.017,0.601","0.030,0.223,0.380,0.367",1.0,1.0,False,0.3945404603626956,0.22295990663559445,0.6132915925319521,0.36965846530570645,0.0922139460703203,SN=2=0.2714;SN=3-4=0.3446;SN=5-8=0.3636;SN=9-12=0.3405;SN>=13=0.3419,0.36965846530570645,
566,,v11_aug+v12_5f+v13,3,TEMP,"0.336,0.506,0.158","0.266,0.406,0.328","0.018,0.425,0.558",0.5,0.5,True,0.395111337061728,0.22287183783260237,0.6122490803275623,0.36964308602324464,0.0879340923409071,SN=2=0.2717;SN=3-4=0.3423;SN=5-8=0.3596;SN=9-12=0.3421;SN>=13=0.3394,0.36964308602324464,
567,184,v11_aug+v12_5f+v13,3,NONE,"0.336,0.506,0.158","0.266,0.406,0.328","0.018,0.425,0.558",1.0,1.0,False,0.395111337061728,0.22287183783260237,0.6122490803275623,0.36964308602324464,0.0879340923409071,SN=2=0.2717;SN=3-4=0.3423;SN=5-8=0.3596;SN=9-12=0.3421;SN>=13=0.3394,0.36964308602324464,
568,,v11plus+v12_5f+v13+v14_seed2,4,TEMP,"0.351,0.230,0.236,0.184","0.264,0.120,0.218,0.397","0.013,0.100,0.481,0.407",0.5,0.5,True,0.3942853504234075,0.222966960262769,0.6127759366320367,0.369456111600878,0.0917955742553318,SN=2=0.2701;SN=3-4=0.3446;SN=5-8=0.3619;SN=9-12=0.3412;SN>=13=0.3417,0.369456111600878,
569,185,v11plus+v12_5f+v13+v14_seed2,4,NONE,"0.351,0.230,0.236,0.184","0.264,0.120,0.218,0.397","0.013,0.100,0.481,0.407",1.0,1.0,False,0.3942853504234075,0.222966960262769,0.6127759366320367,0.369456111600878,0.0917955742553318,SN=2=0.2701;SN=3-4=0.3446;SN=5-8=0.3619;SN=9-12=0.3412;SN>=13=0.3417,0.369456111600878,
570,,v11plus+v12_5f+v14_recvhand,3,TEMP,"0.325,0.498,0.177","0.187,0.186,0.628","0.005,0.401,0.593",0.5,0.5,True,0.3937505230419494,0.22307317734336368,0.6125202943079853,0.3692335390157223,0.0927473223949028,SN=2=0.2703;SN=3-4=0.3426;SN=5-8=0.3631;SN=9-12=0.3409;SN>=13=0.3437,0.3692335390157223,
571,186,v11plus+v12_5f+v14_recvhand,3,NONE,"0.325,0.498,0.177","0.187,0.186,0.628","0.005,0.401,0.593",1.0,1.0,False,0.3937505230419494,0.22307317734336368,0.6125202943079853,0.3692335390157223,0.0927473223949028,SN=2=0.2703;SN=3-4=0.3426;SN=5-8=0.3631;SN=9-12=0.3409;SN>=13=0.3437,0.3692335390157223,
572,,v11plus+v13+v14_seed2,3,TEMP,"0.398,0.283,0.319","0.287,0.099,0.614","0.015,0.533,0.452",0.5,0.5,True,0.3935962698554318,0.22297232615408022,0.6126503468876264,0.3691575077813301,0.09206091410349554,SN=2=0.2697;SN=3-4=0.3456;SN=5-8=0.3618;SN=9-12=0.3423;SN>=13=0.3408,0.3691575077813301,
573,187,v11plus+v13+v14_seed2,3,NONE,"0.398,0.283,0.319","0.287,0.099,0.614","0.015,0.533,0.452",1.0,1.0,False,0.3935962698554318,0.22297232615408022,0.6126503468876264,0.3691575077813301,0.09206091410349554,SN=2=0.2697;SN=3-4=0.3456;SN=5-8=0.3618;SN=9-12=0.3423;SN>=13=0.3408,0.3691575077813301,
574,,v11+v11plus+v12_5f,3,TEMP,"0.211,0.181,0.609","0.403,0.090,0.507","0.038,0.012,0.951",0.5,0.5,True,0.39581523506003735,0.22629996630745905,0.6099750524952854,0.37084109104605567,0.09632259775657509,SN=2=0.2677;SN=3-4=0.3455;SN=5-8=0.3640;SN=9-12=0.3441;SN>=13=0.3432,0.3690753649420122,
575,188,v11+v11plus+v12_5f,3,NONE,"0.211,0.181,0.609","0.403,0.090,0.507","0.038,0.012,0.951",1.0,1.0,False,0.39581523506003735,0.22629996630745905,0.6099750524952854,0.37084109104605567,0.09632259775657509,SN=2=0.2677;SN=3-4=0.3455;SN=5-8=0.3640;SN=9-12=0.3441;SN>=13=0.3432,0.3690753649420122,
576,,v11plus+v13+v14_recvhand,3,TEMP,"0.312,0.585,0.104","0.191,0.174,0.635","0.023,0.392,0.584",0.5,0.5,True,0.3932821426980919,0.22255437544229367,0.6130927203763054,0.3689531513314153,0.08968397802633338,SN=2=0.2718;SN=3-4=0.3431;SN=5-8=0.3615;SN=9-12=0.3412;SN>=13=0.3401,0.3689531513314153,
577,189,v11plus+v13+v14_recvhand,3,NONE,"0.312,0.585,0.104","0.191,0.174,0.635","0.023,0.392,0.584",1.0,1.0,False,0.3932821426980919,0.22255437544229367,0.6130927203763054,0.3689531513314153,0.08968397802633338,SN=2=0.2718;SN=3-4=0.3431;SN=5-8=0.3615;SN=9-12=0.3412;SN>=13=0.3401,0.3689531513314153,
578,,v11plus+v12_5f+v13,3,TEMP,"0.342,0.396,0.262","0.289,0.569,0.142","0.016,0.501,0.483",0.5,0.5,True,0.3947147988491676,0.22143583278366474,0.6123821304077385,0.36893667873468067,0.09320094074673724,SN=2=0.2681;SN=3-4=0.3457;SN=5-8=0.3614;SN=9-12=0.3428;SN>=13=0.3396,0.3687317811355561,
579,190,v11plus+v12_5f+v13,3,NONE,"0.342,0.396,0.262","0.289,0.569,0.142","0.016,0.501,0.483",1.0,1.0,False,0.3947147988491676,0.22143583278366474,0.6123821304077385,0.36893667873468067,0.09320094074673724,SN=2=0.2681;SN=3-4=0.3457;SN=5-8=0.3614;SN=9-12=0.3428;SN>=13=0.3396,0.3687317811355561,
580,,v11plus+v12_5f+v14_seed2,3,TEMP,"0.323,0.440,0.237","0.308,0.212,0.480","0.022,0.326,0.652",0.5,0.5,True,0.39363642494443096,0.22297345406235233,0.6112771595495493,0.3688993835126232,0.0946376080190533,SN=2=0.2676;SN=3-4=0.3442;SN=5-8=0.3622;SN=9-12=0.3423;SN>=13=0.3418,0.3679761522773406,
581,191,v11plus+v12_5f+v14_seed2,3,NONE,"0.323,0.440,0.237","0.308,0.212,0.480","0.022,0.326,0.652",1.0,1.0,False,0.39363642494443096,0.22297345406235233,0.6112771595495493,0.3688993835126232,0.0946376080190533,SN=2=0.2676;SN=3-4=0.3442;SN=5-8=0.3622;SN=9-12=0.3423;SN>=13=0.3418,0.3679761522773406,
582,,v11+v11_aug+v16_avg3,3,TEMP,"0.110,0.295,0.594","0.424,0.149,0.428","0.003,0.007,0.991",0.5,0.5,True,0.39993558809595636,0.21554655884861257,0.6112012034800458,0.36843309947383673,0.09602672837354287,SN=2=0.2667;SN=3-4=0.3448;SN=5-8=0.3627;SN=9-12=0.3448;SN>=13=0.3433,0.36681530806130935,
583,192,v11+v11_aug+v16_avg3,3,NONE,"0.110,0.295,0.594","0.424,0.149,0.428","0.003,0.007,0.991",1.0,1.0,False,0.39993558809595636,0.21554655884861257,0.6112012034800458,0.36843309947383673,0.09602672837354287,SN=2=0.2667;SN=3-4=0.3448;SN=5-8=0.3627;SN=9-12=0.3448;SN>=13=0.3433,0.36681530806130935,
584,,v11+v11_aug+v11plus+v16_testhist_aug,4,TEMP,"0.091,0.184,0.138,0.587","0.320,0.181,0.100,0.399","0.075,0.017,0.003,0.905",0.5,0.5,True,0.4003231563646524,0.21625802712409445,0.6087782164552017,0.3683881166865391,0.0968368849493853,SN=2=0.2673;SN=3-4=0.3443;SN=5-8=0.3642;SN=9-12=0.3437;SN>=13=0.3430,0.3663652469860905,
585,193,v11+v11_aug+v11plus+v16_testhist_aug,4,NONE,"0.091,0.184,0.138,0.587","0.320,0.181,0.100,0.399","0.075,0.017,0.003,0.905",1.0,1.0,False,0.4003231563646524,0.21625802712409445,0.6087782164552017,0.3683881166865391,0.0968368849493853,SN=2=0.2673;SN=3-4=0.3443;SN=5-8=0.3642;SN=9-12=0.3437;SN>=13=0.3430,0.3663652469860905,
586,,v11+v11plus+v16_testhist_aug,3,TEMP,"0.190,0.190,0.620","0.429,0.212,0.359","0.025,0.004,0.972",0.5,0.5,True,0.39784408448469033,0.2141889252244768,0.6095921653246841,0.36673163694860367,0.09365664696922177,SN=2=0.2655;SN=3-4=0.3433;SN=5-8=0.3591;SN=9-12=0.3420;SN>=13=0.3434,0.3662988862382368,
587,194,v11+v11plus+v16_testhist_aug,3,NONE,"0.190,0.190,0.620","0.429,0.212,0.359","0.025,0.004,0.972",1.0,1.0,False,0.39784408448469033,0.2141889252244768,0.6095921653246841,0.36673163694860367,0.09365664696922177,SN=2=0.2655;SN=3-4=0.3433;SN=5-8=0.3591;SN=9-12=0.3420;SN>=13=0.3434,0.3662988862382368,
588,,v11+v11_aug+v16_testhist_aug,3,TEMP,"0.179,0.189,0.632","0.426,0.130,0.444","0.023,0.030,0.947",0.5,0.5,True,0.39916742220088824,0.21568820392914226,0.6093188308993464,0.3678060166318815,0.09605894301856316,SN=2=0.2673;SN=3-4=0.3433;SN=5-8=0.3634;SN=9-12=0.3414;SN>=13=0.3446,0.366172117896844,
589,195,v11+v11_aug+v16_testhist_aug,3,NONE,"0.179,0.189,0.632","0.426,0.130,0.444","0.023,0.030,0.947",1.0,1.0,False,0.39916742220088824,0.21568820392914226,0.6093188308993464,0.3678060166318815,0.09605894301856316,SN=2=0.2673;SN=3-4=0.3433;SN=5-8=0.3634;SN=9-12=0.3414;SN>=13=0.3446,0.366172117896844,
590,,v11+v11_aug+v11plus+v16_avg3,4,TEMP,"0.114,0.183,0.153,0.550","0.336,0.209,0.060,0.395","0.142,0.042,0.017,0.798",0.5,0.5,True,0.40127456485107055,0.21626457326595255,0.6052247831179239,0.368060611870394,0.09679192016428545,SN=2=0.2675;SN=3-4=0.3448;SN=5-8=0.3643;SN=9-12=0.3440;SN>=13=0.3371,0.3660602245624953,
591,196,v11+v11_aug+v11plus+v16_avg3,4,NONE,"0.114,0.183,0.153,0.550","0.336,0.209,0.060,0.395","0.142,0.042,0.017,0.798",1.0,1.0,False,0.40127456485107055,0.21626457326595255,0.6052247831179239,0.368060611870394,0.09679192016428545,SN=2=0.2675;SN=3-4=0.3448;SN=5-8=0.3643;SN=9-12=0.3440;SN>=13=0.3371,0.3660602245624953,
592,,v11_aug+v11plus+v16_avg3,3,TEMP,"0.205,0.209,0.586","0.281,0.356,0.363","0.001,0.120,0.879",0.5,0.5,True,0.40149409834436417,0.21307622935923048,0.6066554943311877,0.3671592299476754,0.09545839187411287,SN=2=0.2660;SN=3-4=0.3445;SN=5-8=0.3615;SN=9-12=0.3449;SN>=13=0.3364,0.36582560678486303,
593,197,v11_aug+v11plus+v16_avg3,3,NONE,"0.205,0.209,0.586","0.281,0.356,0.363","0.001,0.120,0.879",1.0,1.0,False,0.40149409834436417,0.21307622935923048,0.6066554943311877,0.3671592299476754,0.09545839187411287,SN=2=0.2660;SN=3-4=0.3445;SN=5-8=0.3615;SN=9-12=0.3449;SN>=13=0.3364,0.36582560678486303,
594,,v11_aug+v11plus+v16_testhist_aug,3,TEMP,"0.226,0.213,0.560","0.195,0.310,0.495","0.073,0.030,0.896",0.5,0.5,True,0.4010317843189851,0.21234644558524768,0.607511794343655,0.36685365083042415,0.09584014631541515,SN=2=0.2666;SN=3-4=0.3440;SN=5-8=0.3624;SN=9-12=0.3429;SN>=13=0.3409,0.3653291504469606,
595,198,v11_aug+v11plus+v16_testhist_aug,3,NONE,"0.226,0.213,0.560","0.195,0.310,0.495","0.073,0.030,0.896",1.0,1.0,False,0.4010317843189851,0.21234644558524768,0.607511794343655,0.36685365083042415,0.09584014631541515,SN=2=0.2666;SN=3-4=0.3440;SN=5-8=0.3624;SN=9-12=0.3429;SN>=13=0.3409,0.3653291504469606,
596,,v11+v11plus+v16_avg3,3,TEMP,"0.112,0.239,0.648","0.480,0.164,0.356","0.016,0.035,0.949",0.5,0.5,True,0.39938372263538763,0.21411261306288068,0.6109752036557803,0.3675935750104634,0.09763618836470056,SN=2=0.2664;SN=3-4=0.3434;SN=5-8=0.3640;SN=9-12=0.3431;SN>=13=0.3408,0.3651710536023572,
597,199,v11+v11plus+v16_avg3,3,NONE,"0.112,0.239,0.648","0.480,0.164,0.356","0.016,0.035,0.949",1.0,1.0,False,0.39938372263538763,0.21411261306288068,0.6109752036557803,0.3675935750104634,0.09763618836470056,SN=2=0.2664;SN=3-4=0.3434;SN=5-8=0.3640;SN=9-12=0.3431;SN>=13=0.3408,0.3651710536023572,
598,,v11+v11_aug+v11plus,3,THR,"0.296,0.425,0.279","0.452,0.277,0.271","0.525,0.282,0.193",0.5,0.5,True,0.3739455073128731,0.22353087357348253,0.5655252779508897,0.3520956079447202,0.09612720220205029,SN=2=0.2533;SN=3-4=0.3296;SN=5-8=0.3495;SN=9-12=0.3256;SN>=13=0.3090,0.35042757961793913,
599,,v11+v11_aug+v11plus,3,TEMP,"0.296,0.425,0.279","0.452,0.277,0.271","0.525,0.282,0.193",0.5,0.5,True,0.35181092537318687,0.21155639256341127,0.5655252779508897,0.33845198276481725,0.09536007618000608,SN=2=0.2420;SN=3-4=0.3223;SN=5-8=0.3373;SN=9-12=0.3138;SN>=13=0.2946,0.33716751744905826,
600,200,v11+v11_aug+v11plus,3,NONE,"0.296,0.425,0.279","0.452,0.277,0.271","0.525,0.282,0.193",1.0,1.0,False,0.35181092537318687,0.21155639256341127,0.5655252779508897,0.33845198276481725,0.09536007618000608,SN=2=0.2420;SN=3-4=0.3223;SN=5-8=0.3373;SN=9-12=0.3138;SN>=13=0.2946,0.33716751744905826,
601,201,v11plus+v13+v14_recvhand,3,CW,"0.312,0.585,0.104","0.191,0.174,0.635","0.023,0.392,0.584",1.0,1.0,False,0.3202325043219158,0.15421101217147043,0.6130927203763054,0.3123959506726156,0.11311399281229428,SN=2=0.2066;SN=3-4=0.2989;SN=5-8=0.3197;SN=9-12=0.3006;SN>=13=0.2835,0.3022345270407125,
602,202,v11plus+v12_5f+v14_recvhand,3,CW,"0.325,0.498,0.177","0.187,0.186,0.628","0.005,0.401,0.593",1.0,1.0,False,0.31812602741885954,0.15293468619426154,0.6125202943079853,0.3109283443068455,0.11082488102300775,SN=2=0.2069;SN=3-4=0.2982;SN=5-8=0.3177;SN=9-12=0.2994;SN>=13=0.2819,0.3019114765695857,
603,203,v11_aug+v12_5f+v14_seed2,3,CW,"0.292,0.429,0.278","0.266,0.022,0.712","0.018,0.405,0.577",1.0,1.0,False,0.315726476864709,0.15208654764380586,0.6112007616519323,0.3093653621337924,0.10772484391611781,SN=2=0.2077;SN=3-4=0.2939;SN=5-8=0.3154;SN=9-12=0.2980;SN>=13=0.2827,0.30189851294997755,
604,204,v11_aug+v13+v14_seed2,3,CW,"0.271,0.233,0.495","0.306,0.004,0.690","0.017,0.453,0.531",1.0,1.0,False,0.31617896258720307,0.15099757779818238,0.6125203673271974,0.3093746896195937,0.10785104022941866,SN=2=0.2077;SN=3-4=0.2945;SN=5-8=0.3155;SN=9-12=0.2976;SN>=13=0.2828,0.3018447422791284,
605,205,v11plus+v13+v14_seed2,3,CW,"0.398,0.283,0.319","0.287,0.099,0.614","0.015,0.533,0.452",1.0,1.0,False,0.3174974377737722,0.15430789021663874,0.6126503468876264,0.3112522005736897,0.11162650784086242,SN=2=0.2067;SN=3-4=0.2969;SN=5-8=0.3183;SN=9-12=0.2963;SN>=13=0.2817,0.3018345194275025,
606,206,v11plus+v12_5f+v13+v14_recvhand,4,CW,"0.354,0.265,0.381,0.000","0.187,0.196,0.017,0.601","0.030,0.223,0.380,0.367",1.0,1.0,False,0.31939038914469964,0.1526801198260142,0.6132915925319521,0.311486522094676,0.1121789934440097,SN=2=0.2059;SN=3-4=0.2984;SN=5-8=0.3181;SN=9-12=0.2997;SN>=13=0.2808,0.30179259814691517,
607,207,v11plus+v12_5f+v14_seed2,3,CW,"0.323,0.440,0.237","0.308,0.212,0.480","0.022,0.326,0.652",1.0,1.0,False,0.3185827169432309,0.15292654560990843,0.6112771595495493,0.3108591369311656,0.11159239487641415,SN=2=0.2058;SN=3-4=0.2977;SN=5-8=0.3174;SN=9-12=0.2967;SN>=13=0.2821,0.3014585122672026,
608,208,v11plus+v12_5f+v13+v14_seed2,4,CW,"0.351,0.230,0.236,0.184","0.264,0.120,0.218,0.397","0.013,0.100,0.481,0.407",1.0,1.0,False,0.31877495083301816,0.15307770821443337,0.6127759366320367,0.31129625094538793,0.11301780805283812,SN=2=0.2057;SN=3-4=0.2976;SN=5-8=0.3187;SN=9-12=0.2982;SN>=13=0.2817,0.3011829196932129,
609,209,v11_aug+v12_5f+v14_recvhand,3,CW,"0.348,0.267,0.384","0.275,0.110,0.615","0.012,0.340,0.648",1.0,1.0,False,0.3144992896477123,0.1541032375859765,0.6124933102025631,0.30993967293398816,0.11084803903617027,SN=2=0.2080;SN=3-4=0.2941;SN=5-8=0.3188;SN=9-12=0.3006;SN>=13=0.2845,0.3009112261901471,
610,210,v11_aug+v13+v14_recvhand,3,CW,"0.382,0.277,0.341","0.278,0.018,0.704","0.018,0.501,0.481",1.0,1.0,False,0.3135199325263278,0.15405035522044816,0.6128624573851628,0.30960060657574295,0.11094190804517517,SN=2=0.2084;SN=3-4=0.2933;SN=5-8=0.3193;SN=9-12=0.2999;SN>=13=0.2839,0.30052522532739945,
611,211,v11plus+v12_5f+v13,3,CW,"0.342,0.396,0.262","0.289,0.569,0.142","0.016,0.501,0.483",1.0,1.0,False,0.31915878890907606,0.15117389506250484,0.6123821304077385,0.31060949967018003,0.11312107237480204,SN=2=0.2048;SN=3-4=0.2986;SN=5-8=0.3179;SN=9-12=0.2957;SN>=13=0.2778,0.30044453625702305,
612,212,v11_aug+v12_5f+v13+v14_seed2,4,CW,"0.285,0.248,0.335,0.132","0.260,0.365,0.029,0.346","0.003,0.184,0.381,0.431",1.0,1.0,False,0.3157989874094908,0.15176619393809093,0.6127024706414254,0.30956656666731774,0.11122385697354076,SN=2=0.2070;SN=3-4=0.2947;SN=5-8=0.3182;SN=9-12=0.2981;SN>=13=0.2826,0.3003502109547914,
613,213,v11_aug+v12_5f+v13,3,CW,"0.336,0.506,0.158","0.266,0.406,0.328","0.018,0.425,0.558",1.0,1.0,False,0.3147344910140658,0.15166233534656795,0.6122490803275623,0.309008546609766,0.11263880210214233,SN=2=0.2058;SN=3-4=0.2945;SN=5-8=0.3184;SN=9-12=0.2964;SN>=13=0.2797,0.2990847183329389,
614,214,v11_aug+v12_5f+v13+v14_recvhand,4,CW,"0.396,0.152,0.178,0.274","0.267,0.356,0.002,0.374","0.014,0.162,0.369,0.454",1.0,1.0,False,0.3130634699408226,0.15235521446833397,0.613233385493968,0.3088141508624563,0.11280996866035847,SN=2=0.2065;SN=3-4=0.2932;SN=5-8=0.3194;SN=9-12=0.3003;SN>=13=0.2797,0.29880473930652107,
615,215,v11+v12_5f+v14_seed2,3,CW,"0.273,0.313,0.414","0.489,0.067,0.444","0.037,0.376,0.587",1.0,1.0,False,0.3154613914643512,0.14455201722636876,0.6115014679683379,0.3063056570699556,0.10863733161043279,SN=2=0.2044;SN=3-4=0.2928;SN=5-8=0.3131;SN=9-12=0.2914;SN>=13=0.2749,0.2983825640389833,
616,216,v11+v13+v14_seed2,3,CW,"0.290,0.471,0.240","0.429,0.254,0.317","0.027,0.548,0.425",1.0,1.0,False,0.31576980351435135,0.14580298333592728,0.6126705051406054,0.3071632157682325,0.11155545488159785,SN=2=0.2042;SN=3-4=0.2931;SN=5-8=0.3157;SN=9-12=0.2938;SN>=13=0.2776,0.2977810611016777,
617,217,v11+v13+v14_recvhand,3,CW,"0.286,0.610,0.104","0.456,0.321,0.223","0.028,0.420,0.552",1.0,1.0,False,0.31635538299715116,0.14455004024765136,0.6130915578444436,0.30698048086680974,0.1112354517876955,SN=2=0.2059;SN=3-4=0.2921;SN=5-8=0.3171;SN=9-12=0.2920;SN>=13=0.2781,0.297758327747206,
618,218,v11_aug+v11plus+v13+v14_recvhand,4,CW,"0.226,0.245,0.182,0.347","0.234,0.091,0.022,0.654","0.012,0.005,0.692,0.291",1.0,1.0,False,0.3100339827582375,0.15190250236547234,0.6124131045799339,0.30725721496547076,0.1124875149593979,SN=2=0.2032;SN=3-4=0.2929;SN=5-8=0.3157;SN=9-12=0.2988;SN>=13=0.2772,0.29740903026001586,
619,219,v11_aug+v11plus+v14_recvhand,3,CW,"0.237,0.235,0.528","0.280,0.069,0.650","0.001,0.058,0.941",1.0,1.0,False,0.30912427024959693,0.15165174677456286,0.6111955616114362,0.30654951913195116,0.11278012709613972,SN=2=0.2033;SN=3-4=0.2913;SN=5-8=0.3161;SN=9-12=0.2985;SN>=13=0.2766,0.29655502835812536,
620,220,v11_aug+v11plus+v12_5f+v13+v14_recvhand,5,CW,"0.268,0.221,0.340,0.160,0.011","0.276,0.055,0.032,0.168,0.469","0.024,0.020,0.449,0.110,0.397",1.0,1.0,False,0.3100757511828644,0.15215538999009307,0.6127079297557358,0.3074340424203302,0.11468798680964654,SN=2=0.2017;SN=3-4=0.2925;SN=5-8=0.3164;SN=9-12=0.2993;SN>=13=0.2790,0.29648562178975096,
621,221,v11_aug+v11plus+v13+v14_seed2,4,CW,"0.203,0.244,0.219,0.335","0.222,0.077,0.106,0.596","0.018,0.054,0.757,0.171",1.0,1.0,False,0.3116109236596144,0.1508591707199703,0.6114394928089821,0.3072759363136303,0.11437645748224612,SN=2=0.2016;SN=3-4=0.2935;SN=5-8=0.3160;SN=9-12=0.2967;SN>=13=0.2764,0.2964832803467513,
622,222,v11_aug+v11plus+v12_5f+v14_recvhand,4,CW,"0.232,0.181,0.376,0.211","0.255,0.105,0.237,0.403","0.023,0.010,0.335,0.632",1.0,1.0,False,0.31210811030653557,0.15108804758077954,0.6124750801518277,0.30777347918529163,0.11544041359421262,SN=2=0.2022;SN=3-4=0.2935;SN=5-8=0.3177;SN=9-12=0.3013;SN>=13=0.2781,0.29644884516242936,
623,223,v11+v11plus+v12_5f+v14_seed2,4,CW,"0.165,0.220,0.550,0.065","0.416,0.082,0.031,0.471","0.012,0.017,0.404,0.567",1.0,1.0,False,0.31352171597609907,0.14446087640633132,0.611421162098994,0.305477269372771,0.11089950645980029,SN=2=0.2019;SN=3-4=0.2924;SN=5-8=0.3128;SN=9-12=0.2928;SN>=13=0.2757,0.2964230889171149,
624,224,v11_aug+v11plus+v12_5f+v13+v14_seed2,5,CW,"0.218,0.211,0.283,0.235,0.053","0.249,0.064,0.135,0.137,0.414","0.013,0.016,0.492,0.428,0.051",1.0,1.0,False,0.3123537251605687,0.15109408199186966,0.6124365350837033,0.307866429877716,0.1159340785378205,SN=2=0.2016;SN=3-4=0.2932;SN=5-8=0.3175;SN=9-12=0.2988;SN>=13=0.2797,0.29629496338304984,
625,225,v11+v11plus+v13+v14_recvhand,4,CW,"0.212,0.194,0.202,0.392","0.403,0.040,0.229,0.328","0.012,0.016,0.350,0.622",1.0,1.0,False,0.31322844842680114,0.14546838245846297,0.6131018795432306,0.3060991082627518,0.11241024466963259,SN=2=0.2022;SN=3-4=0.2919;SN=5-8=0.3146;SN=9-12=0.2935;SN>=13=0.2770,0.29628955870217955,
626,226,v11+v11plus+v13+v14_seed2,4,CW,"0.151,0.225,0.387,0.238","0.397,0.087,0.178,0.338","0.008,0.005,0.410,0.578",1.0,1.0,False,0.314912390787463,0.14473121241916093,0.612610678066205,0.30637957689589057,0.1135003705563665,SN=2=0.2023;SN=3-4=0.2925;SN=5-8=0.3158;SN=9-12=0.2924;SN>=13=0.2760,0.29602496439195136,
627,227,v11+v12_5f+v13+v14_recvhand,4,CW,"0.349,0.269,0.227,0.155","0.511,0.152,0.117,0.220","0.018,0.348,0.278,0.356",1.0,1.0,False,0.31353131371302967,0.14308900289340593,0.6133641307247788,0.30532095278753,0.11141347871881527,SN=2=0.2043;SN=3-4=0.2913;SN=5-8=0.3157;SN=9-12=0.2913;SN>=13=0.2734,0.29600978620236645,
628,228,v11+v12_5f+v13,3,CW,"0.345,0.331,0.324","0.449,0.104,0.447","0.031,0.540,0.429",1.0,1.0,False,0.31368251310674006,0.14406367419036248,0.612468387136595,0.30559215234616,0.11249782681423687,SN=2=0.2032;SN=3-4=0.2911;SN=5-8=0.3157;SN=9-12=0.2909;SN>=13=0.2742,0.29573881171328564,
629,229,v11_aug+v11plus+v14_seed2,3,CW,"0.226,0.239,0.535","0.200,0.080,0.720","0.007,0.035,0.958",1.0,1.0,False,0.30989433950558515,0.15092601233161096,0.6106386840973641,0.3064558775543513,0.1142592693071845,SN=2=0.2008;SN=3-4=0.2916;SN=5-8=0.3150;SN=9-12=0.2963;SN>=13=0.2778,0.2957218156750031,
630,230,v11+v12_5f+v14_recvhand,3,CW,"0.374,0.349,0.277","0.440,0.264,0.296","0.015,0.370,0.615",1.0,1.0,False,0.3110975998207003,0.1435379350482206,0.612642789192911,0.3043827717861506,0.11014361216443047,SN=2=0.2034;SN=3-4=0.2908;SN=5-8=0.3136;SN=9-12=0.2919;SN>=13=0.2725,0.2957065384781794,
631,231,v11+v11plus+v12_5f+v13+v14_recvhand,5,CW,"0.200,0.192,0.267,0.260,0.080","0.434,0.027,0.113,0.198,0.229","0.001,0.030,0.181,0.368,0.421",1.0,1.0,False,0.31482827184437795,0.144417217814583,0.6133115329649086,0.3063605024565661,0.11412748280032659,SN=2=0.2023;SN=3-4=0.2919;SN=5-8=0.3164;SN=9-12=0.2937;SN>=13=0.2762,0.29569233383064686,
632,232,v11+v11plus+v12_5f+v13+v14_seed2,5,CW,"0.190,0.196,0.318,0.237,0.059","0.424,0.073,0.060,0.383,0.060","0.029,0.006,0.487,0.370,0.109",1.0,1.0,False,0.31512665611965607,0.14359272335423584,0.6126627667542806,0.3060203051404129,0.1143381251501337,SN=2=0.2017;SN=3-4=0.2925;SN=5-8=0.3160;SN=9-12=0.2925;SN>=13=0.2735,0.2952468153395901,
633,233,v11+v12_5f+v13+v14_seed2,4,CW,"0.345,0.066,0.429,0.160","0.452,0.015,0.350,0.183","0.019,0.239,0.422,0.320",1.0,1.0,False,0.314154543258628,0.1451227922507298,0.6128967805402021,0.30629029031178356,0.11490577081401088,SN=2=0.2036;SN=3-4=0.2914;SN=5-8=0.3185;SN=9-12=0.2916;SN>=13=0.2749,0.2952329776790222,
634,234,v11+v11plus+v14_recvhand,3,CW,"0.206,0.230,0.564","0.421,0.057,0.522","0.023,0.027,0.950",1.0,1.0,False,0.3112114523798397,0.14457077770947296,0.6115795939873067,0.30462881083318644,0.11167209358156877,SN=2=0.2023;SN=3-4=0.2912;SN=5-8=0.3139;SN=9-12=0.2916;SN>=13=0.2726,0.29518833681664614,
635,235,v11+v11plus+v12_5f+v13,4,CW,"0.142,0.239,0.316,0.303","0.421,0.065,0.097,0.417","0.020,0.015,0.240,0.725",1.0,1.0,False,0.31572633628739044,0.14323576173895106,0.6120780759335647,0.30600045439724954,0.11445653331322739,SN=2=0.2019;SN=3-4=0.2923;SN=5-8=0.3164;SN=9-12=0.2923;SN>=13=0.2731,0.2951677605148799,
636,236,v11+v11plus+v14_seed2,3,CW,"0.232,0.164,0.605","0.453,0.034,0.513","0.083,0.020,0.897",1.0,1.0,False,0.31073868572801977,0.1444415660087268,0.6103028782295514,0.3041326763406089,0.11091945935232406,SN=2=0.2010;SN=3-4=0.2904;SN=5-8=0.3119;SN=9-12=0.2894;SN>=13=0.2726,0.29506851943869095,
637,237,v11_aug+v11plus+v13,3,CW,"0.221,0.250,0.529","0.236,0.084,0.680","0.007,0.045,0.948",1.0,1.0,False,0.3116630261668691,0.15111663077787818,0.6107426494290237,0.30726039266370364,0.11783898877752064,SN=2=0.2002;SN=3-4=0.2937;SN=5-8=0.3180;SN=9-12=0.2947;SN>=13=0.2736,0.2947364710491874,
638,238,v11_aug+v11plus+v12_5f+v14_seed2,4,CW,"0.230,0.253,0.369,0.148","0.232,0.110,0.158,0.500","0.029,0.031,0.380,0.560",1.0,1.0,False,0.3098052099767314,0.14972453371631528,0.6110361272559752,0.3060191229284137,0.11552041049683962,SN=2=0.2002;SN=3-4=0.2922;SN=5-8=0.3157;SN=9-12=0.2964;SN>=13=0.2763,0.29465449045423797,
639,239,v11+v11plus+v12_5f+v14_recvhand,4,CW,"0.216,0.231,0.287,0.266","0.351,0.122,0.208,0.318","0.041,0.002,0.547,0.410",1.0,1.0,False,0.31108296151075066,0.14439423997826514,0.6124558476339439,0.30468205012239513,0.11360586511438187,SN=2=0.2010;SN=3-4=0.2914;SN=5-8=0.3146;SN=9-12=0.2919;SN>=13=0.2728,0.29427469033944825,
640,240,v11_aug+v11plus+v12_5f+v13,4,CW,"0.238,0.248,0.449,0.065","0.252,0.186,0.540,0.022","0.011,0.024,0.641,0.324",1.0,1.0,False,0.30932566056457683,0.14831214748788651,0.6120292174174118,0.3054609667044677,0.11551807634358816,SN=2=0.1999;SN=3-4=0.2926;SN=5-8=0.3154;SN=9-12=0.2977;SN>=13=0.2736,0.2940975013069177,
641,241,v11+v11plus+v13,3,CW,"0.221,0.189,0.591","0.457,0.008,0.535","0.037,0.007,0.957",1.0,1.0,False,0.31409836632995375,0.14422902927586131,0.6109497706929417,0.3055209123809144,0.11612238414442438,SN=2=0.2010;SN=3-4=0.2916;SN=5-8=0.3172;SN=9-12=0.2913;SN>=13=0.2723,0.2938552930829462,
642,242,v11+v11_aug+v13+v14_recvhand,4,CW,"0.208,0.214,0.267,0.311","0.390,0.066,0.223,0.322","0.022,0.033,0.560,0.385",1.0,1.0,False,0.3089355659740984,0.14384498969002296,0.6124852054825644,0.30360926336216143,0.11235540271723804,SN=2=0.2015;SN=3-4=0.2888;SN=5-8=0.3139;SN=9-12=0.2897;SN>=13=0.2716,0.29382713477778644,
643,243,v11+v11_aug+v14_seed2,3,CW,"0.201,0.247,0.552","0.224,0.218,0.559","0.029,0.021,0.950",1.0,1.0,False,0.30644536512723997,0.1439718163667422,0.6107128262376282,0.30230943784511854,0.11049551101429098,SN=2=0.2001;SN=3-4=0.2864;SN=5-8=0.3106;SN=9-12=0.2917;SN>=13=0.2729,0.2934572551122171,
644,244,v11+v11plus+v12_5f,3,CW,"0.211,0.181,0.609","0.403,0.090,0.507","0.038,0.012,0.951",1.0,1.0,False,0.31335810844804407,0.14259778648447477,0.6099750524952854,0.30437736847206465,0.11474704826085774,SN=2=0.1999;SN=3-4=0.2921;SN=5-8=0.3147;SN=9-12=0.2923;SN>=13=0.2710,0.2933994171158798,
645,245,v11+v11_aug+v12_5f+v13+v14_seed2,5,CW,"0.183,0.277,0.375,0.094,0.071","0.314,0.114,0.013,0.259,0.300","0.020,0.003,0.134,0.630,0.213",1.0,1.0,False,0.3073395121384662,0.14467746572307152,0.6125860949314839,0.3033240101309119,0.11300387876106452,SN=2=0.2014;SN=3-4=0.2881;SN=5-8=0.3144;SN=9-12=0.2887;SN>=13=0.2710,0.2932176435246237,
646,246,v11+v11_aug+v12_5f+v13,4,CW,"0.176,0.255,0.385,0.183","0.367,0.098,0.018,0.516","0.008,0.023,0.339,0.631",1.0,1.0,False,0.30861872088925796,0.1436659352137783,0.6121441785348216,0.3033426981481788,0.11349262553168743,SN=2=0.2013;SN=3-4=0.2887;SN=5-8=0.3148;SN=9-12=0.2888;SN>=13=0.2701,0.2929919581565792,
647,247,v11+v11_aug+v13+v14_seed2,4,CW,"0.210,0.244,0.294,0.251","0.266,0.152,0.211,0.371","0.082,0.013,0.375,0.529",1.0,1.0,False,0.30721819789436344,0.14438648952757865,0.6118871294564591,0.3030193008600687,0.11300927605776356,SN=2=0.2002;SN=3-4=0.2872;SN=5-8=0.3132;SN=9-12=0.2911;SN>=13=0.2707,0.29291023560543095,
648,248,v11+v11_aug+v11plus+v12_5f+v14_recvhand,5,CW,"0.120,0.229,0.127,0.453,0.071","0.170,0.253,0.036,0.218,0.323","0.045,0.013,0.027,0.217,0.698",1.0,1.0,False,0.30790423139036477,0.14491987061450692,0.6119690256594891,0.3035234459338465,0.11434607562739801,SN=2=0.2000;SN=3-4=0.2891;SN=5-8=0.3143;SN=9-12=0.2917;SN>=13=0.2730,0.2927459808943915,
649,249,v11_aug+v11plus+v12_5f,3,CW,"0.266,0.241,0.493","0.211,0.202,0.587","0.024,0.008,0.968",1.0,1.0,False,0.30806014970000045,0.14803007212650807,0.609630974417078,0.304362283614019,0.11626169751879853,SN=2=0.1979;SN=3-4=0.2920;SN=5-8=0.3141;SN=9-12=0.2957;SN>=13=0.2726,0.2926270076288638,
650,250,v11+v11_aug+v12_5f+v14_seed2,4,CW,"0.185,0.289,0.460,0.066","0.242,0.180,0.029,0.549","0.023,0.013,0.391,0.573",1.0,1.0,False,0.3066068919160275,0.14401492587362208,0.6114227693467348,0.3025332809852068,0.11289760631481541,SN=2=0.2006;SN=3-4=0.2869;SN=5-8=0.3134;SN=9-12=0.2908;SN>=13=0.2713,0.2924800506020432,
651,251,v11+v11_aug+v11plus+v12_5f+v14_seed2,5,CW,"0.154,0.221,0.091,0.371,0.162","0.206,0.151,0.090,0.072,0.481","0.080,0.017,0.008,0.107,0.788",1.0,1.0,False,0.3072655842034043,0.14500046654715373,0.6105326428748852,0.30301294887520025,0.11501771956580481,SN=2=0.1991;SN=3-4=0.2891;SN=5-8=0.3141;SN=9-12=0.2915;SN>=13=0.2695,0.2918996618665419,
652,252,v11+v11_aug+v11plus+v14_recvhand,4,CW,"0.084,0.270,0.133,0.513","0.348,0.056,0.068,0.528","0.083,0.027,0.023,0.867",1.0,1.0,False,0.3071229006793809,0.14432644229218777,0.6099188565796669,0.3025635085045609,0.1142118974250016,SN=2=0.1995;SN=3-4=0.2887;SN=5-8=0.3137;SN=9-12=0.2895;SN>=13=0.2671,0.29185313256630413,
653,253,v11+v11_aug+v12_5f+v14_recvhand,4,CW,"0.186,0.280,0.387,0.147","0.271,0.233,0.197,0.299","0.044,0.035,0.468,0.454",1.0,1.0,False,0.3069687740328406,0.1428884727775083,0.6119794372915429,0.30233878618244814,0.1139156918970955,SN=2=0.2005;SN=3-4=0.2873;SN=5-8=0.3144;SN=9-12=0.2883;SN>=13=0.2719,0.29177651300814444,
654,254,v11+v11_aug+v14_recvhand,3,CW,"0.199,0.320,0.481","0.241,0.227,0.532","0.018,0.003,0.980",1.0,1.0,False,0.30245859844900386,0.1444710604860713,0.6115348286724072,0.3010788293085115,0.11197931736683758,SN=2=0.1988;SN=3-4=0.2860;SN=5-8=0.3108;SN=9-12=0.2888;SN>=13=0.2735,0.2914847433993367,
655,255,v11+v11_aug+v11plus+v13,4,CW,"0.031,0.218,0.223,0.528","0.252,0.138,0.082,0.527","0.011,0.087,0.043,0.859",1.0,1.0,False,0.3113173652033876,0.143880863419421,0.6084122383889123,0.3037617391269059,0.11770711063916323,SN=2=0.1988;SN=3-4=0.2902;SN=5-8=0.3165;SN=9-12=0.2892;SN>=13=0.2684,0.2913037565815684,
656,256,v11+v11_aug+v13,3,CW,"0.201,0.255,0.545","0.434,0.060,0.505","0.089,0.028,0.883",1.0,1.0,False,0.30777351281141263,0.14301382747580457,0.6098230982774107,0.302279555770369,0.11482452778695457,SN=2=0.1998;SN=3-4=0.2885;SN=5-8=0.3146;SN=9-12=0.2872;SN>=13=0.2665,0.2912628646511358,
657,257,v11+v11_aug+v11plus+v13+v14_seed2,5,CW,"0.102,0.195,0.206,0.466,0.031","0.221,0.233,0.038,0.329,0.179","0.087,0.010,0.003,0.826,0.074",1.0,1.0,False,0.30846340030757435,0.14441169773031376,0.610669044413133,0.30328384809778186,0.11685487930662836,SN=2=0.1987;SN=3-4=0.2893;SN=5-8=0.3156;SN=9-12=0.2902;SN>=13=0.2717,0.29125198121871176,
658,258,v11+v11_aug+v11plus+v13+v14_recvhand,5,CW,"0.173,0.259,0.074,0.147,0.345","0.254,0.166,0.051,0.103,0.426","0.059,0.013,0.017,0.350,0.562",1.0,1.0,False,0.30489168286150814,0.14393481295468258,0.6123333609997765,0.3019972705264316,0.114304678172017,SN=2=0.1986;SN=3-4=0.2875;SN=5-8=0.3129;SN=9-12=0.2878;SN>=13=0.2685,0.2912405042146672,
659,259,v11+v11_aug+v11plus+v12_5f+v13,5,CW,"0.059,0.226,0.165,0.086,0.464","0.278,0.124,0.059,0.169,0.369","0.077,0.026,0.004,0.347,0.547",1.0,1.0,False,0.3110866104058768,0.1437647407007245,0.6113034732808496,0.3042012350988104,0.1190588857966447,SN=2=0.1984;SN=3-4=0.2901;SN=5-8=0.3175;SN=9-12=0.2898;SN>=13=0.2706,0.2910673649747321,
660,260,v11+v11_aug+v12_5f+v13+v14_recvhand,5,CW,"0.211,0.295,0.221,0.018,0.255","0.323,0.210,0.207,0.053,0.207","0.024,0.015,0.298,0.184,0.479",1.0,1.0,False,0.30384394392350206,0.142039141787572,0.6132129735301677,0.3009958289904632,0.1129016381364501,SN=2=0.1987;SN=3-4=0.2863;SN=5-8=0.3116;SN=9-12=0.2876;SN>=13=0.2698,0.29094058269648215,
661,261,v11+v11_aug+v11plus+v14_seed2,4,CW,"0.116,0.178,0.224,0.482","0.226,0.226,0.019,0.529","0.009,0.084,0.023,0.883",1.0,1.0,False,0.30521802805727366,0.14373828001869973,0.609085103414742,0.3013995439133378,0.11406983302963009,SN=2=0.1974;SN=3-4=0.2872;SN=5-8=0.3115;SN=9-12=0.2912;SN>=13=0.2711,0.2907602001727668,
662,262,v11+v11_aug+v12_5f,3,CW,"0.230,0.248,0.523","0.327,0.218,0.455","0.033,0.020,0.948",1.0,1.0,False,0.3060215937747843,0.14021011864046706,0.6098979532832025,0.30047227562274104,0.11397391927944217,SN=2=0.1983;SN=3-4=0.2866;SN=5-8=0.3122;SN=9-12=0.2869;SN>=13=0.2678,0.28988088875726403,
663,263,v11+v11_aug+v11plus+v12_5f,4,CW,"0.110,0.198,0.164,0.528","0.346,0.155,0.001,0.498","0.018,0.057,0.073,0.853",1.0,1.0,False,0.3072026500496147,0.14050479263588106,0.607235018526979,0.30052998077959414,0.11444218609696966,SN=2=0.1982;SN=3-4=0.2875;SN=5-8=0.3127;SN=9-12=0.2883;SN>=13=0.2620,0.28970446050535337,
664,264,v11_aug+v11plus+v14_seed2+v16_avg3,4,CW,"0.286,0.186,0.259,0.268","0.193,0.148,0.498,0.162","0.017,0.022,0.281,0.680",1.0,1.0,False,0.31675641443169716,0.12053828241699108,0.612195671518139,0.29735701304310314,0.11754066413203659,SN=2=0.1913;SN=3-4=0.2817;SN=5-8=0.3088;SN=9-12=0.2823;SN>=13=0.2655,0.2849822537513289,
665,265,v11+v11_aug+v11plus+v13+v16_testhist_aug,5,CW,"0.086,0.234,0.138,0.259,0.283","0.383,0.092,0.033,0.340,0.152","0.006,0.050,0.038,0.462,0.443",1.0,1.0,False,0.3176786065924328,0.11284848240121839,0.611403285180719,0.2944914926336043,0.11683501299278379,SN=2=0.1908;SN=3-4=0.2788;SN=5-8=0.3076;SN=9-12=0.2767;SN>=13=0.2539,0.2824695589114565,
666,266,v11+v11_aug+v13+v14_seed2+v16_testhist_aug,5,CW,"0.237,0.120,0.287,0.123,0.234","0.275,0.128,0.094,0.305,0.198","0.048,0.002,0.577,0.152,0.221",1.0,1.0,False,0.32317342688053674,0.08734470646637242,0.6127829349253311,0.2867638403238299,0.10346108827552081,SN=2=0.1932;SN=3-4=0.2675;SN=5-8=0.2967;SN=9-12=0.2688;SN>=13=0.2510,0.28142886896031355,
667,267,v11_aug+v12_5f+v13+v14_seed2+v16_avg3,5,CW,"0.347,0.116,0.191,0.080,0.266","0.240,0.272,0.041,0.204,0.243","0.002,0.134,0.349,0.155,0.360",1.0,1.0,False,0.3252959499051105,0.07445646206118198,0.6133808372729714,0.2825771322411113,0.09514625090316187,SN=2=0.1956;SN=3-4=0.2631;SN=5-8=0.2907;SN=9-12=0.2681;SN>=13=0.2580,0.2813995795637744,
668,268,v11+v13+v14_recvhand+v16_avg3,4,CW,"0.271,0.304,0.100,0.325","0.403,0.322,0.038,0.238","0.009,0.293,0.315,0.383",1.0,1.0,False,0.330129702441507,0.07225160786424428,0.6137177400791164,0.2836960721381238,0.09759536570745303,SN=2=0.1941;SN=3-4=0.2647;SN=5-8=0.2917;SN=9-12=0.2692;SN>=13=0.2542,0.2812939620586413,
669,269,v11_aug+v13+v14_recvhand+v16_testhist_aug,4,CW,"0.321,0.294,0.057,0.328","0.235,0.278,0.242,0.246","0.020,0.240,0.452,0.288",1.0,1.0,False,0.3272141040252786,0.06940763655423714,0.6133207090458886,0.28131283804098406,0.09377043401652363,SN=2=0.1952;SN=3-4=0.2606;SN=5-8=0.2890;SN=9-12=0.2677;SN>=13=0.2600,0.2808231938069663,
670,270,v11+v13+v14_recvhand+v16_testhist_aug,4,CW,"0.280,0.374,0.039,0.307","0.375,0.176,0.214,0.234","0.017,0.299,0.405,0.278",1.0,1.0,False,0.32989556235951234,0.067012399127979,0.6135684450806813,0.2814768736111328,0.0942377393415757,SN=2=0.1942;SN=3-4=0.2627;SN=5-8=0.2884;SN=9-12=0.2686;SN>=13=0.2514,0.280753576714589,
671,271,v11+v11plus+v12_5f+v13+v16_avg3,5,CW,"0.160,0.152,0.168,0.200,0.320","0.310,0.082,0.251,0.128,0.229","0.009,0.014,0.243,0.282,0.452",1.0,1.0,False,0.32892184286127263,0.07520651013597937,0.6133722667976597,0.28432579455843277,0.1010183787027546,SN=2=0.1921;SN=3-4=0.2661;SN=5-8=0.2931;SN=9-12=0.2696;SN>=13=0.2515,0.2802121779812995,
672,272,v11+v12_5f+v13+v14_seed2+v16_avg3,5,CW,"0.291,0.100,0.271,0.038,0.299","0.385,0.118,0.215,0.039,0.243","0.027,0.032,0.238,0.183,0.520",1.0,1.0,False,0.32935911610778573,0.0680695937738612,0.6134109645048148,0.28165367685362175,0.0961161798661587,SN=2=0.1933;SN=3-4=0.2626;SN=5-8=0.2894;SN=9-12=0.2672;SN>=13=0.2507,0.27999115969478644,
673,273,v11+v11plus+v13+v16_avg3,4,CW,"0.106,0.277,0.298,0.319","0.387,0.004,0.384,0.224","0.016,0.015,0.724,0.244",1.0,1.0,False,0.3255849598814606,0.08008245815252825,0.6123943786586172,0.284745842945319,0.10328926931913673,SN=2=0.1905;SN=3-4=0.2678;SN=5-8=0.2938;SN=9-12=0.2684;SN>=13=0.2510,0.2794967810599947,
674,274,v11+v11plus+v13+v14_seed2+v16_avg3,5,CW,"0.119,0.233,0.238,0.101,0.309","0.232,0.047,0.358,0.110,0.254","0.003,0.013,0.412,0.141,0.431",1.0,1.0,False,0.3278574204385203,0.06421667482588508,0.6134234206748058,0.27951432224072337,0.09514327176307572,SN=2=0.1912;SN=3-4=0.2608;SN=5-8=0.2864;SN=9-12=0.2638;SN>=13=0.2509,0.2783382591334296,
675,275,v11+v11_aug+v13+v16_avg3,4,CW,"0.131,0.212,0.266,0.391","0.375,0.029,0.374,0.222","0.038,0.031,0.291,0.639",1.0,1.0,False,0.3237471789936511,0.08116812572580583,0.6125077614059409,0.28446767416897095,0.10572583257676493,SN=2=0.1903;SN=3-4=0.2659;SN=5-8=0.2960;SN=9-12=0.2686;SN>=13=0.2520,0.27800033065483254,
676,276,v11+v11_aug+v12_5f+v14_recvhand+v16_avg3,5,CW,"0.209,0.164,0.134,0.123,0.370","0.147,0.218,0.192,0.201,0.242","0.021,0.015,0.015,0.539,0.410",1.0,1.0,False,0.3200245774955096,0.06893437744678312,0.6128721066471383,0.27815800330634477,0.0940307686068842,SN=2=0.1908;SN=3-4=0.2571;SN=5-8=0.2848;SN=9-12=0.2642;SN>=13=0.2491,0.2775381917771467,
677,277,v11+v11_aug+v14_seed2+v16_testhist_aug,4,CW,"0.114,0.333,0.276,0.276","0.207,0.170,0.431,0.191","0.010,0.018,0.634,0.339",1.0,1.0,False,0.31547629399939026,0.09116938181135287,0.6115405522235253,0.2849663807690023,0.10800119548600398,SN=2=0.1887;SN=3-4=0.2658;SN=5-8=0.2967;SN=9-12=0.2673;SN>=13=0.2539,0.2773613558002444,
678,278,v11_aug+v11plus+v12_5f+v14_seed2+v16_avg3,5,CW,"0.147,0.246,0.333,0.027,0.247","0.213,0.073,0.320,0.132,0.263","0.019,0.012,0.213,0.138,0.618",1.0,1.0,False,0.3233260629972608,0.06436588599295343,0.6123586561749494,0.27754851083107557,0.09327069624597659,SN=2=0.1912;SN=3-4=0.2589;SN=5-8=0.2845;SN=9-12=0.2646;SN>=13=0.2515,0.2773087354823313,
679,279,v11+v13+v16_avg3,3,CW,"0.305,0.387,0.309","0.389,0.346,0.266","0.014,0.414,0.572",1.0,1.0,False,0.32822078137265887,0.05838150020202143,0.6133032195007215,0.2773015565300164,0.09091933975309796,SN=2=0.1928;SN=3-4=0.2574;SN=5-8=0.2837;SN=9-12=0.2639;SN>=13=0.2499,0.2773015565300164,
680,280,v11+v11plus+v13+v14_recvhand+v16_avg3,5,CW,"0.135,0.229,0.271,0.045,0.319","0.301,0.029,0.117,0.288,0.265","0.016,0.030,0.278,0.226,0.449",1.0,1.0,False,0.3269358538766758,0.0584590264306452,0.613506812740338,0.276859314670996,0.09233511976502226,SN=2=0.1904;SN=3-4=0.2579;SN=5-8=0.2827;SN=9-12=0.2634;SN>=13=0.2484,0.276859314670996,
681,281,v11+v12_5f+v13+v16_avg3,4,CW,"0.307,0.110,0.266,0.318","0.447,0.215,0.072,0.266","0.013,0.091,0.288,0.608",1.0,1.0,False,0.3279384811382274,0.057066620686188965,0.6133738748704763,0.2766768157038618,0.09042444140975742,SN=2=0.1921;SN=3-4=0.2575;SN=5-8=0.2826;SN=9-12=0.2634;SN>=13=0.2485,0.2766768157038618,
682,282,v11+v13+v14_seed2+v16_testhist_aug,4,CW,"0.249,0.189,0.219,0.343","0.392,0.197,0.146,0.264","0.011,0.460,0.173,0.356",1.0,1.0,False,0.3303965663673409,0.05466401204740249,0.6131605952404715,0.27665635041399167,0.08613398532911065,SN=2=0.1939;SN=3-4=0.2571;SN=5-8=0.2800;SN=9-12=0.2632;SN>=13=0.2508,0.27665635041399167,
683,283,v11+v12_5f+v13+v16_testhist_aug,4,CW,"0.307,0.129,0.220,0.344","0.403,0.168,0.176,0.253","0.020,0.160,0.500,0.321",1.0,1.0,False,0.32715334484455055,0.05730641851766448,0.6130527438015947,0.27639445410520497,0.08878563006636575,SN=2=0.1926;SN=3-4=0.2570;SN=5-8=0.2814;SN=9-12=0.2627;SN>=13=0.2477,0.27639445410520497,
684,284,v11+v11plus+v12_5f+v14_recvhand+v16_testhist_aug,5,CW,"0.088,0.233,0.308,0.046,0.324","0.331,0.074,0.094,0.243,0.258","0.036,0.006,0.032,0.412,0.514",1.0,1.0,False,0.329130508975561,0.0555307963610121,0.6125518749109249,0.27637489711681423,0.09110347199443342,SN=2=0.1907;SN=3-4=0.2575;SN=5-8=0.2818;SN=9-12=0.2632;SN>=13=0.2487,0.27637489711681423,
685,285,v11_aug+v12_5f+v13+v16_avg3,4,CW,"0.363,0.253,0.098,0.286","0.234,0.413,0.074,0.279","0.018,0.172,0.343,0.466",1.0,1.0,False,0.32397779699322926,0.05928294318949937,0.6132737152011393,0.2759590391133193,0.08899772141057188,SN=2=0.1928;SN=3-4=0.2567;SN=5-8=0.2818;SN=9-12=0.2627;SN>=13=0.2528,0.2759590391133193,
686,286,v11_aug+v11plus+v13+v14_seed2+v16_testhist_aug,5,CW,"0.146,0.252,0.283,0.051,0.268","0.175,0.104,0.177,0.276,0.268","0.027,0.013,0.508,0.350,0.102",1.0,1.0,False,0.32481739345969624,0.05845767713974322,0.6126695010233053,0.27584392844443684,0.08996279843997804,SN=2=0.1919;SN=3-4=0.2559;SN=5-8=0.2818;SN=9-12=0.2611;SN>=13=0.2509,0.27584392844443684,
687,287,v11+v11plus+v12_5f+v13+v16_testhist_aug,5,CW,"0.163,0.186,0.133,0.217,0.301","0.406,0.039,0.287,0.011,0.256","0.047,0.007,0.233,0.239,0.474",1.0,1.0,False,0.3274195398727768,0.055835777712501575,0.6126583212456421,0.2758337912832398,0.0921073072416449,SN=2=0.1902;SN=3-4=0.2573;SN=5-8=0.2824;SN=9-12=0.2620;SN>=13=0.2473,0.2758337912832398,
688,288,v11+v11_aug+v11plus+v14_seed2+v16_testhist_aug,5,CW,"0.057,0.166,0.207,0.253,0.316","0.187,0.115,0.074,0.412,0.213","0.047,0.012,0.024,0.282,0.636",1.0,1.0,False,0.3184975240819977,0.07916370730997774,0.6109922604486681,0.2812629446465238,0.10400241550630884,SN=2=0.1880;SN=3-4=0.2620;SN=5-8=0.2920;SN=9-12=0.2649;SN>=13=0.2480,0.2756573096676134,
689,289,v11+v14_seed2+v16_avg3,3,CW,"0.262,0.302,0.437","0.265,0.458,0.277","0.021,0.271,0.709",1.0,1.0,False,0.32660701694999866,0.05500630638486979,0.6123865870549006,0.2751226467449275,0.08470165731498724,SN=2=0.1916;SN=3-4=0.2561;SN=5-8=0.2763;SN=9-12=0.2624;SN>=13=0.2503,0.2751226467449275,
690,290,v11_aug+v12_5f+v14_recvhand+v16_testhist_aug,4,CW,"0.343,0.361,0.013,0.283","0.204,0.280,0.243,0.273","0.016,0.174,0.585,0.224",1.0,1.0,False,0.324536026217504,0.05641176546387185,0.6127120147062309,0.2749215196137965,0.08772126933990038,SN=2=0.1925;SN=3-4=0.2557;SN=5-8=0.2802;SN=9-12=0.2621;SN>=13=0.2528,0.2749215196137965,
691,291,v11_aug+v12_5f+v13+v14_recvhand+v16_avg3,5,CW,"0.396,0.050,0.218,0.054,0.281","0.208,0.089,0.200,0.218,0.285","0.017,0.085,0.249,0.291,0.358",1.0,1.0,False,0.32181465461339936,0.05800642741491384,0.6136171414694314,0.27465186110521156,0.08872677254129419,SN=2=0.1922;SN=3-4=0.2541;SN=5-8=0.2809;SN=9-12=0.2628;SN>=13=0.2545,0.27465186110521156,
692,292,v11_aug+v14_recvhand+v16_avg3,3,CW,"0.364,0.364,0.272","0.247,0.456,0.296","0.004,0.414,0.581",1.0,1.0,False,0.323236414619058,0.0565597305535161,0.6128737229707135,0.27449320266317234,0.08541058800614615,SN=2=0.1933;SN=3-4=0.2548;SN=5-8=0.2787;SN=9-12=0.2642;SN>=13=0.2547,0.27449320266317234,
693,293,v11+v11plus+v12_5f+v14_seed2+v16_testhist_aug,5,CW,"0.201,0.195,0.268,0.107,0.230","0.386,0.051,0.191,0.128,0.244","0.017,0.008,0.291,0.311,0.373",1.0,1.0,False,0.32220525526132004,0.06141341922369038,0.6119363914346989,0.275834748080944,0.09576506515017197,SN=2=0.1879;SN=3-4=0.2572;SN=5-8=0.2836;SN=9-12=0.2629;SN>=13=0.2463,0.2743477882801021,
694,294,v11+v11plus+v13+v14_seed2+v16_testhist_aug,5,CW,"0.152,0.233,0.105,0.169,0.341","0.368,0.036,0.065,0.267,0.264","0.002,0.010,0.494,0.083,0.412",1.0,1.0,False,0.3241538044416172,0.05506981792374284,0.6130436060866412,0.27429817016347224,0.09117029177959626,SN=2=0.1885;SN=3-4=0.2557;SN=5-8=0.2797;SN=9-12=0.2607;SN>=13=0.2476,0.27429817016347224,
695,295,v11_aug+v12_5f+v13+v16_testhist_aug,4,CW,"0.397,0.140,0.187,0.276","0.232,0.319,0.176,0.273","0.004,0.239,0.495,0.263",1.0,1.0,False,0.32206136677023406,0.05688945249914899,0.6128928828819231,0.27415890428413786,0.08810538118775163,SN=2=0.1919;SN=3-4=0.2541;SN=5-8=0.2800;SN=9-12=0.2619;SN>=13=0.2514,0.27415890428413786,
696,296,v11+v11_aug+v13+v16_testhist_aug,4,CW,"0.131,0.245,0.249,0.375","0.338,0.023,0.389,0.251","0.014,0.028,0.598,0.360",1.0,1.0,False,0.3214836768665864,0.05954734831470161,0.6124530646531278,0.2749030230031408,0.09492691443771198,SN=2=0.1891;SN=3-4=0.2552;SN=5-8=0.2841;SN=9-12=0.2617;SN>=13=0.2469,0.27383513855852887,
697,297,v11+v11_aug+v12_5f+v14_seed2+v16_testhist_aug,5,CW,"0.217,0.164,0.155,0.140,0.325","0.255,0.111,0.027,0.351,0.255","0.014,0.024,0.355,0.558,0.049",1.0,1.0,False,0.3205793945953978,0.05778342685500778,0.6114074245862198,0.2736266134974062,0.0891886613433123,SN=2=0.1895;SN=3-4=0.2528;SN=5-8=0.2786;SN=9-12=0.2608;SN>=13=0.2463,0.2736266134974062,
698,298,v11+v11_aug+v11plus+v14_recvhand+v16_avg3,5,CW,"0.056,0.243,0.135,0.252,0.314","0.267,0.124,0.009,0.353,0.247","0.101,0.015,0.048,0.391,0.444",1.0,1.0,False,0.318496034774143,0.06695546256152832,0.6091793691547998,0.27601647276522845,0.0977361503328118,SN=2=0.1880;SN=3-4=0.2564;SN=5-8=0.2858;SN=9-12=0.2626;SN>=13=0.2419,0.2735439703730666,
699,299,v11+v12_5f+v14_seed2+v16_avg3,4,CW,"0.335,0.215,0.132,0.318","0.261,0.102,0.357,0.280","0.024,0.180,0.209,0.587",1.0,1.0,False,0.3244166078672603,0.05304042780006716,0.6125862545836593,0.2735000651836629,0.08590900271422147,SN=2=0.1905;SN=3-4=0.2545;SN=5-8=0.2764;SN=9-12=0.2607;SN>=13=0.2471,0.2735000651836629,
700,300,v11_aug+v13+v16_testhist_aug,3,CW,"0.323,0.299,0.378","0.223,0.473,0.304","0.006,0.506,0.489",1.0,1.0,False,0.32616479099266654,0.05116245494069225,0.6127751495096831,0.2734859282752801,0.08585923731955547,SN=2=0.1922;SN=3-4=0.2528;SN=5-8=0.2780;SN=9-12=0.2615;SN>=13=0.2537,0.2734859282752801,
701,301,v11_aug+v12_5f+v13+v14_recvhand+v16_testhist_aug,5,CW,"0.368,0.124,0.213,0.048,0.246","0.213,0.247,0.076,0.179,0.285","0.000,0.053,0.321,0.357,0.268",1.0,1.0,False,0.32387441029385167,0.05301716179971448,0.613514723154976,0.27345957346842165,0.08675571801781767,SN=2=0.1924;SN=3-4=0.2535;SN=5-8=0.2792;SN=9-12=0.2616;SN>=13=0.2512,0.27345957346842165,
702,302,v11_aug+v12_5f+v14_seed2+v16_avg3,4,CW,"0.376,0.329,0.034,0.260","0.230,0.111,0.361,0.299","0.004,0.111,0.213,0.672",1.0,1.0,False,0.3225158314144396,0.05486226707794186,0.6123990667395531,0.27343105274486323,0.08558727362717028,SN=2=0.1918;SN=3-4=0.2535;SN=5-8=0.2774;SN=9-12=0.2614;SN>=13=0.2537,0.27343105274486323,
703,303,v11+v12_5f+v13+v14_recvhand+v16_testhist_aug,5,CW,"0.300,0.105,0.037,0.232,0.325","0.286,0.003,0.162,0.269,0.280","0.020,0.137,0.217,0.336,0.290",1.0,1.0,False,0.32684135620276195,0.04896739664361451,0.6136028985977038,0.27304408085809134,0.08352605862734153,SN=2=0.1921;SN=3-4=0.2538;SN=5-8=0.2756;SN=9-12=0.2611;SN>=13=0.2461,0.27304408085809134,
704,304,v11+v11_aug+v13+v14_seed2+v16_avg3,5,CW,"0.105,0.235,0.182,0.091,0.387","0.249,0.093,0.120,0.250,0.289","0.006,0.027,0.326,0.086,0.555",1.0,1.0,False,0.32400723615081445,0.05144623747562159,0.6131518840897285,0.2728117662685201,0.08858157534372918,SN=2=0.1893;SN=3-4=0.2525;SN=5-8=0.2779;SN=9-12=0.2601;SN>=13=0.2493,0.2728117662685201,
705,305,v11+v11_aug+v14_seed2+v16_avg3,4,CW,"0.151,0.217,0.370,0.262","0.292,0.102,0.330,0.276","0.050,0.011,0.217,0.722",1.0,1.0,False,0.32087194733433716,0.05510132849304128,0.6119779331782824,0.27278489696660785,0.08822602212846786,SN=2=0.1894;SN=3-4=0.2524;SN=5-8=0.2776;SN=9-12=0.2613;SN>=13=0.2460,0.27278489696660785,
706,306,v11+v11_aug+v11plus+v14_seed2+v16_avg3,5,CW,"0.148,0.130,0.137,0.258,0.327","0.243,0.087,0.047,0.352,0.271","0.047,0.024,0.007,0.059,0.864",1.0,1.0,False,0.3176477923202361,0.05732693630584516,0.6110333624268276,0.27219656393579805,0.09107776539490733,SN=2=0.1868;SN=3-4=0.2522;SN=5-8=0.2779;SN=9-12=0.2595;SN>=13=0.2446,0.27219656393579805,
707,307,v11_aug+v11plus+v14_recvhand+v16_testhist_aug,4,CW,"0.181,0.240,0.287,0.293","0.208,0.105,0.390,0.297","0.001,0.037,0.454,0.508",1.0,1.0,False,0.32176641009232543,0.05255523666973323,0.6123049338367061,0.27218964547216473,0.08562836807278748,SN=2=0.1902;SN=3-4=0.2521;SN=5-8=0.2758;SN=9-12=0.2605;SN>=13=0.2505,0.27218964547216473,
708,308,v11_aug+v14_seed2+v16_testhist_aug,3,CW,"0.281,0.263,0.456","0.197,0.501,0.302","0.001,0.531,0.468",1.0,1.0,False,0.3252597531850762,0.04938287300459045,0.611530848919082,0.2721632202596831,0.08404360795224619,SN=2=0.1910;SN=3-4=0.2520;SN=5-8=0.2750;SN=9-12=0.2590;SN>=13=0.2535,0.2721632202596831,
709,309,v11_aug+v12_5f+v16_avg3,3,CW,"0.357,0.316,0.327","0.270,0.400,0.331","0.001,0.304,0.695",1.0,1.0,False,0.3241985602592067,0.04946043029455136,0.6121780784259538,0.271899211906694,0.08503459096299179,SN=2=0.1911;SN=3-4=0.2527;SN=5-8=0.2761;SN=9-12=0.2600;SN>=13=0.2509,0.271899211906694,
710,310,v11+v13+v16_testhist_aug,3,CW,"0.257,0.415,0.328","0.322,0.349,0.329","0.026,0.455,0.518",1.0,1.0,False,0.3310812437503821,0.04200666126428614,0.612895792099343,0.27181432042573594,0.08169499268413133,SN=2=0.1924;SN=3-4=0.2524;SN=5-8=0.2740;SN=9-12=0.2602;SN>=13=0.2473,0.27181432042573594,
711,311,v11_aug+v11plus+v13+v14_recvhand+v16_testhist_aug,5,CW,"0.237,0.235,0.200,0.094,0.234","0.120,0.091,0.305,0.213,0.272","0.024,0.022,0.228,0.301,0.425",1.0,1.0,False,0.31737053265143456,0.055621292518671664,0.6130834407483071,0.2718134182177039,0.09002120941392688,SN=2=0.1877;SN=3-4=0.2535;SN=5-8=0.2777;SN=9-12=0.2584;SN>=13=0.2481,0.2718134182177039,
712,312,v11_aug+v13+v14_seed2+v16_testhist_aug,4,CW,"0.328,0.196,0.212,0.264","0.179,0.234,0.269,0.317","0.002,0.443,0.210,0.345",1.0,1.0,False,0.32585326123435715,0.046993949851766297,0.6130901201497884,0.2717569084644071,0.08317597079324818,SN=2=0.1920;SN=3-4=0.2521;SN=5-8=0.2752;SN=9-12=0.2574;SN>=13=0.2514,0.2717569084644071,
713,313,v11_aug+v13+v14_recvhand+v16_avg3,4,CW,"0.378,0.221,0.168,0.233","0.208,0.277,0.184,0.331","0.012,0.214,0.173,0.601",1.0,1.0,False,0.3233092593913117,0.04832615273575257,0.6134470735365148,0.2713435795581287,0.08299089851948474,SN=2=0.1921;SN=3-4=0.2512;SN=5-8=0.2751;SN=9-12=0.2596;SN>=13=0.2525,0.2713435795581287,
714,314,v11plus+v13+v14_recvhand+v16_avg3,4,CW,"0.321,0.177,0.062,0.439","0.181,0.179,0.271,0.369","0.022,0.312,0.254,0.412",1.0,1.0,False,0.3307924834054515,0.04070586801536985,0.6136927873104181,0.27133789803041214,0.08322141016908227,SN=2=0.1903;SN=3-4=0.2544;SN=5-8=0.2735;SN=9-12=0.2566;SN>=13=0.2475,0.27133789803041214,
715,315,v11_aug+v11plus+v14_seed2+v16_testhist_aug,4,CW,"0.251,0.187,0.315,0.247","0.246,0.039,0.422,0.293","0.054,0.006,0.525,0.415",1.0,1.0,False,0.31939025497042156,0.05233103172888527,0.610965223538392,0.27088155938740116,0.08783592364863232,SN=2=0.1884;SN=3-4=0.2516;SN=5-8=0.2762;SN=9-12=0.2586;SN>=13=0.2500,0.27088155938740116,
716,316,v11+v12_5f+v16_testhist_aug,3,CW,"0.365,0.324,0.311","0.366,0.352,0.282","0.027,0.487,0.486",1.0,1.0,False,0.32247941960765036,0.04865608404548484,0.6113466903409309,0.2707235395294403,0.08572399434504696,SN=2=0.1885;SN=3-4=0.2525;SN=5-8=0.2742;SN=9-12=0.2583;SN>=13=0.2442,0.2707235395294403,
717,317,v11+v11_aug+v11plus+v14_recvhand+v16_testhist_aug,5,CW,"0.044,0.110,0.276,0.283,0.287","0.320,0.041,0.054,0.302,0.283","0.049,0.014,0.011,0.472,0.455",1.0,1.0,False,0.3202821810122348,0.04960742169784861,0.6121779142358612,0.27039142393120563,0.08959115668923895,SN=2=0.1868;SN=3-4=0.2523;SN=5-8=0.2764;SN=9-12=0.2581;SN>=13=0.2421,0.27039142393120563,
718,318,v11plus+v13+v14_seed2+v16_testhist_aug,4,CW,"0.330,0.193,0.078,0.399","0.126,0.031,0.463,0.380","0.016,0.379,0.191,0.414",1.0,1.0,False,0.33064687782052965,0.038559184614651174,0.613152718653943,0.27031296870486093,0.0824925198606169,SN=2=0.1900;SN=3-4=0.2538;SN=5-8=0.2725;SN=9-12=0.2541;SN>=13=0.2452,0.27031296870486093,
719,319,v11plus+v12_5f+v13+v14_seed2+v16_avg3,5,CW,"0.349,0.160,0.139,0.040,0.313","0.180,0.072,0.022,0.333,0.393","0.006,0.041,0.343,0.204,0.407",1.0,1.0,False,0.3298440679365427,0.03918944851022887,0.6134331854473994,0.2703000436681885,0.08294694496728483,SN=2=0.1899;SN=3-4=0.2534;SN=5-8=0.2728;SN=9-12=0.2545;SN>=13=0.2458,0.2703000436681885,
720,320,v11+v13+v14_seed2+v16_avg3,4,CW,"0.283,0.401,0.019,0.298","0.290,0.072,0.278,0.361","0.013,0.367,0.147,0.473",1.0,1.0,False,0.32954348019142937,0.039432191758653694,0.6134589294638306,0.27028205467279937,0.08117227710471636,SN=2=0.1918;SN=3-4=0.2515;SN=5-8=0.2729;SN=9-12=0.2572;SN>=13=0.2458,0.27028205467279937,
721,321,v11_aug+v11plus+v13+v14_seed2+v16_avg3,5,CW,"0.209,0.240,0.235,0.096,0.219","0.207,0.055,0.033,0.380,0.325","0.013,0.018,0.392,0.244,0.333",1.0,1.0,False,0.3195004440839513,0.04932282932311721,0.6132789655712616,0.2701851024770797,0.08496970248702934,SN=2=0.1891;SN=3-4=0.2516;SN=5-8=0.2741;SN=9-12=0.2559;SN>=13=0.2469,0.2701851024770797,
722,322,v11plus+v13+v16_avg3,3,CW,"0.284,0.357,0.359","0.137,0.413,0.450","0.006,0.429,0.565",1.0,1.0,False,0.3345222643006921,0.0341349610759605,0.613270996163701,0.27011708938340123,0.08047258241919689,SN=2=0.1911;SN=3-4=0.2537;SN=5-8=0.2716;SN=9-12=0.2539;SN>=13=0.2475,0.27011708938340123,
723,323,v11+v11plus+v12_5f+v14_seed2+v16_avg3,5,CW,"0.151,0.206,0.288,0.117,0.238","0.275,0.064,0.034,0.295,0.332","0.010,0.008,0.197,0.223,0.562",1.0,1.0,False,0.32510373793623876,0.043888682157989314,0.6125604705510498,0.2701090621479012,0.08455368160386276,SN=2=0.1889;SN=3-4=0.2515;SN=5-8=0.2734;SN=9-12=0.2584;SN>=13=0.2455,0.2701090621479012,
724,324,v11plus+v13+v14_recvhand+v16_testhist_aug,4,CW,"0.286,0.141,0.134,0.439","0.172,0.197,0.234,0.397","0.015,0.256,0.417,0.312",1.0,1.0,False,0.3320554277451572,0.03637060173410219,0.613507142358137,0.2700718402633312,0.0816751784522316,SN=2=0.1908;SN=3-4=0.2529;SN=5-8=0.2724;SN=9-12=0.2535;SN>=13=0.2477,0.2700718402633312,
725,325,v11plus+v14_seed2+v16_testhist_aug,3,CW,"0.322,0.286,0.392","0.158,0.481,0.361","0.021,0.467,0.513",1.0,1.0,False,0.32933092752286774,0.03996822324080866,0.611647044349952,0.27004906917546095,0.08238646074298528,SN=2=0.1895;SN=3-4=0.2538;SN=5-8=0.2719;SN=9-12=0.2545;SN>=13=0.2470,0.27004906917546095,
726,326,v11plus+v13+v14_seed2+v16_avg3,4,CW,"0.319,0.140,0.120,0.421","0.198,0.066,0.314,0.421","0.014,0.352,0.193,0.442",1.0,1.0,False,0.33068119522472134,0.03771062168039998,0.6134465731280164,0.2700460413876518,0.08279762484787545,SN=2=0.1897;SN=3-4=0.2530;SN=5-8=0.2725;SN=9-12=0.2551;SN>=13=0.2464,0.2700460413876518,
727,327,v11+v12_5f+v14_recvhand+v16_avg3,4,CW,"0.271,0.259,0.133,0.337","0.332,0.005,0.300,0.363","0.030,0.227,0.453,0.290",1.0,1.0,False,0.3288155228306306,0.039669820986141455,0.613162475588316,0.27002663264437204,0.07993049169218855,SN=2=0.1914;SN=3-4=0.2517;SN=5-8=0.2714;SN=9-12=0.2588;SN>=13=0.2438,0.27002663264437204,
728,328,v11+v12_5f+v13+v14_recvhand+v16_avg3,5,CW,"0.274,0.159,0.182,0.019,0.365","0.327,0.091,0.067,0.154,0.361","0.012,0.015,0.348,0.168,0.458",1.0,1.0,False,0.328941365430113,0.0392730120686993,0.6136731595812057,0.2700203829157661,0.08001537644690998,SN=2=0.1911;SN=3-4=0.2520;SN=5-8=0.2711;SN=9-12=0.2577;SN>=13=0.2450,0.2700203829157661,
729,329,v11plus+v12_5f+v14_seed2+v16_testhist_aug,4,CW,"0.335,0.052,0.241,0.372","0.214,0.092,0.322,0.372","0.014,0.162,0.400,0.424",1.0,1.0,False,0.32951037612305006,0.03952304154335389,0.6118134712231764,0.2699760613111969,0.0825018342394534,SN=2=0.1895;SN=3-4=0.2532;SN=5-8=0.2720;SN=9-12=0.2538;SN>=13=0.2467,0.2699760613111969,
730,330,v11+v11_aug+v14_recvhand+v16_testhist_aug,4,CW,"0.214,0.231,0.284,0.270","0.231,0.052,0.453,0.263","0.055,0.022,0.540,0.383",1.0,1.0,False,0.3147504599390635,0.05384177581758522,0.6120637839698246,0.2698496510966244,0.0890578909232475,SN=2=0.1869;SN=3-4=0.2505;SN=5-8=0.2760;SN=9-12=0.2572;SN>=13=0.2400,0.2698496510966244,
731,331,v11_aug+v11plus+v12_5f+v14_recvhand+v16_avg3,5,CW,"0.196,0.252,0.261,0.004,0.287","0.210,0.053,0.242,0.168,0.326","0.023,0.002,0.233,0.178,0.565",1.0,1.0,False,0.31889341021361356,0.04920353898730573,0.6127732188322123,0.2697934234468102,0.08723971655383328,SN=2=0.1877;SN=3-4=0.2509;SN=5-8=0.2749;SN=9-12=0.2577;SN>=13=0.2477,0.2697934234468102,
732,332,v11plus+v12_5f+v13+v16_testhist_aug,4,CW,"0.308,0.285,0.128,0.279","0.169,0.157,0.273,0.402","0.010,0.327,0.420,0.243",1.0,1.0,False,0.33226155534220536,0.03568913644279682,0.6129340908823285,0.2697670948904666,0.08055116681137925,SN=2=0.1913;SN=3-4=0.2528;SN=5-8=0.2718;SN=9-12=0.2534;SN>=13=0.2444,0.2697670948904666,
733,333,v11+v11plus+v12_5f+v16_avg3,4,CW,"0.131,0.237,0.318,0.315","0.298,0.087,0.276,0.339","0.045,0.015,0.289,0.651",1.0,1.0,False,0.3257657178790021,0.04258401812305143,0.6120436339676041,0.26974862119434223,0.08593389853148614,SN=2=0.1881;SN=3-4=0.2515;SN=5-8=0.2740;SN=9-12=0.2585;SN>=13=0.2424,0.26974862119434223,
734,334,v11_aug+v13+v14_seed2+v16_avg3,4,CW,"0.257,0.183,0.068,0.492","0.180,0.154,0.283,0.382","0.008,0.365,0.201,0.426",1.0,1.0,False,0.3270048935443764,0.04058045265477499,0.6133643398815048,0.2697070064559615,0.08085883925271187,SN=2=0.1909;SN=3-4=0.2508;SN=5-8=0.2718;SN=9-12=0.2559;SN>=13=0.2493,0.2697070064559615,
735,335,v11+v12_5f+v13+v14_seed2+v16_testhist_aug,5,CW,"0.299,0.125,0.223,0.096,0.258","0.379,0.099,0.000,0.163,0.359","0.029,0.147,0.297,0.160,0.367",1.0,1.0,False,0.3280313204598195,0.03954244788688322,0.6131980000537818,0.26966910734943744,0.08103316779757316,SN=2=0.1913;SN=3-4=0.2510;SN=5-8=0.2724;SN=9-12=0.2562;SN>=13=0.2430,0.26966910734943744,
736,336,v11+v11plus+v14_seed2+v16_testhist_aug,4,CW,"0.199,0.147,0.349,0.305","0.282,0.078,0.307,0.333","0.049,0.003,0.513,0.435",1.0,1.0,False,0.3250650860535107,0.042992255144102,0.6117316018351112,0.26956925684606736,0.08319063039698882,SN=2=0.1886;SN=3-4=0.2510;SN=5-8=0.2718;SN=9-12=0.2572;SN>=13=0.2457,0.26956925684606736,
737,337,v11plus+v13+v16_testhist_aug,3,CW,"0.305,0.348,0.347","0.173,0.389,0.438","0.028,0.490,0.482",1.0,1.0,False,0.3331842161691123,0.033969356625993645,0.6128084524584435,0.2694231196097311,0.08086875508063601,SN=2=0.1910;SN=3-4=0.2529;SN=5-8=0.2718;SN=9-12=0.2527;SN>=13=0.2441,0.2694231196097311,
738,338,v11plus+v14_seed2+v16_avg3,3,CW,"0.354,0.274,0.371","0.141,0.467,0.392","0.020,0.354,0.626",1.0,1.0,False,0.3278945681295401,0.03920450772543642,0.6123551867310326,0.2693106676881971,0.08260926485130754,SN=2=0.1887;SN=3-4=0.2528;SN=5-8=0.2713;SN=9-12=0.2539;SN>=13=0.2454,0.2693106676881971,
739,339,v11+v11plus+v14_recvhand+v16_avg3,4,CW,"0.109,0.286,0.294,0.311","0.315,0.032,0.323,0.330","0.007,0.045,0.710,0.238",1.0,1.0,False,0.3238307876442144,0.04312358420715244,0.6122596107705375,0.2692336708946542,0.08617813819138223,SN=2=0.1882;SN=3-4=0.2510;SN=5-8=0.2744;SN=9-12=0.2580;SN>=13=0.2418,0.2692336708946542,
740,340,v11_aug+v11plus+v16_avg3,3,CW,"0.205,0.209,0.586","0.281,0.356,0.363","0.001,0.120,0.879",1.0,1.0,False,0.3170948841986199,0.05261663264337283,0.6066554943311877,0.26921570560303465,0.08644272544083481,SN=2=0.1873;SN=3-4=0.2525;SN=5-8=0.2737;SN=9-12=0.2584;SN>=13=0.2457,0.26921570560303465,
741,341,v11plus+v12_5f+v14_recvhand+v16_testhist_aug,4,CW,"0.302,0.163,0.139,0.397","0.158,0.032,0.394,0.417","0.030,0.286,0.439,0.246",1.0,1.0,False,0.33107417580805537,0.035076482432505135,0.6127357228480214,0.26900740786582844,0.08084382340222673,SN=2=0.1903;SN=3-4=0.2519;SN=5-8=0.2711;SN=9-12=0.2535;SN>=13=0.2453,0.26900740786582844,
742,342,v11_aug+v11plus+v12_5f+v13+v16_avg3,5,CW,"0.186,0.234,0.081,0.215,0.284","0.141,0.129,0.252,0.116,0.362","0.004,0.027,0.346,0.286,0.338",1.0,1.0,False,0.32242152550036535,0.043428865432183536,0.6130550053344783,0.2689511574399152,0.0847587908948288,SN=2=0.1880;SN=3-4=0.2510;SN=5-8=0.2727;SN=9-12=0.2547;SN>=13=0.2434,0.2689511574399152,
743,343,v11+v11plus+v13+v14_recvhand+v16_testhist_aug,5,CW,"0.207,0.176,0.143,0.221,0.253","0.302,0.089,0.047,0.224,0.337","0.035,0.010,0.454,0.254,0.247",1.0,1.0,False,0.32364203365903255,0.04166393403039713,0.6133480557721436,0.26879199823020056,0.08415189865729814,SN=2=0.1884;SN=3-4=0.2506;SN=5-8=0.2725;SN=9-12=0.2560;SN>=13=0.2412,0.26879199823020056,
744,344,v11plus+v12_5f+v13+v14_recvhand+v16_avg3,5,CW,"0.313,0.057,0.059,0.205,0.367","0.126,0.057,0.177,0.193,0.447","0.013,0.147,0.285,0.290,0.265",1.0,1.0,False,0.3308234540338339,0.034275030156143305,0.6137312119174694,0.26878563605948474,0.07976269276116094,SN=2=0.1906;SN=3-4=0.2518;SN=5-8=0.2704;SN=9-12=0.2524;SN>=13=0.2451,0.26878563605948474,
745,345,v11_aug+v11plus+v12_5f+v14_seed2+v16_testhist_aug,5,CW,"0.316,0.110,0.288,0.021,0.265","0.206,0.051,0.147,0.266,0.330","0.024,0.031,0.133,0.434,0.377",1.0,1.0,False,0.3205779397913033,0.04492829383425444,0.6115182190706261,0.2685061372643483,0.08663396764007741,SN=2=0.1875;SN=3-4=0.2493;SN=5-8=0.2742;SN=9-12=0.2547;SN>=13=0.2454,0.2685061372643483,
746,346,v11+v14_recvhand+v16_avg3,3,CW,"0.284,0.414,0.301","0.310,0.312,0.378","0.019,0.523,0.458",1.0,1.0,False,0.32737717378485176,0.03738610670872566,0.6129612676429598,0.2684975657260229,0.07590678684541646,SN=2=0.1917;SN=3-4=0.2500;SN=5-8=0.2677;SN=9-12=0.2559;SN>=13=0.2426,0.2684975657260229,
747,347,v11_aug+v13+v16_avg3,3,CW,"0.260,0.307,0.433","0.207,0.342,0.451","0.003,0.401,0.596",1.0,1.0,False,0.32844940519913535,0.035973835277846596,0.6132387295101985,0.2684170420928325,0.08029293124282705,SN=2=0.1908;SN=3-4=0.2495;SN=5-8=0.2711;SN=9-12=0.2541;SN>=13=0.2471,0.2684170420928325,
748,348,v11plus+v12_5f+v13+v16_avg3,4,CW,"0.314,0.085,0.170,0.431","0.115,0.166,0.246,0.473","0.016,0.214,0.334,0.436",1.0,1.0,False,0.33125344007300206,0.03295115196800558,0.6133747156227596,0.26835677994095497,0.08009672498137602,SN=2=0.1895;SN=3-4=0.2518;SN=5-8=0.2695;SN=9-12=0.2523;SN>=13=0.2454,0.26835677994095497,
749,349,v11+v12_5f+v16_avg3,3,CW,"0.315,0.356,0.329","0.343,0.291,0.366","0.030,0.367,0.603",1.0,1.0,False,0.3257958141032876,0.03890174516129991,0.6122989495616221,0.2683388136181594,0.08035335515086417,SN=2=0.1894;SN=3-4=0.2502;SN=5-8=0.2698;SN=9-12=0.2561;SN>=13=0.2430,0.2683388136181594,
750,350,v11+v11_aug+v12_5f+v16_avg3,4,CW,"0.224,0.185,0.387,0.204","0.204,0.178,0.305,0.313","0.033,0.019,0.301,0.647",1.0,1.0,False,0.3174047725067473,0.0471838729021381,0.6120790363218451,0.2682512654279232,0.08475085559194029,SN=2=0.1884;SN=3-4=0.2488;SN=5-8=0.2732;SN=9-12=0.2575;SN>=13=0.2408,0.2682512654279232,
751,351,v11plus+v12_5f+v13+v14_seed2+v16_testhist_aug,5,CW,"0.305,0.012,0.345,0.006,0.331","0.179,0.072,0.186,0.072,0.492","0.004,0.178,0.393,0.195,0.229",1.0,1.0,False,0.3331406428040567,0.029966866703930693,0.613130196558676,0.26786904311493015,0.08002017061668576,SN=2=0.1907;SN=3-4=0.2516;SN=5-8=0.2708;SN=9-12=0.2502;SN>=13=0.2415,0.26786904311493015,
752,352,v11+v11plus+v16_avg3,3,CW,"0.112,0.239,0.648","0.480,0.164,0.356","0.016,0.035,0.949",1.0,1.0,False,0.3197449470340042,0.044382536065653413,0.6109752036557803,0.26784603397101914,0.08468424304279998,SN=2=0.1867;SN=3-4=0.2509;SN=5-8=0.2713;SN=9-12=0.2557;SN>=13=0.2438,0.26784603397101914,
753,353,v11+v11_aug+v11plus+v13+v16_avg3,5,CW,"0.107,0.132,0.115,0.273,0.374","0.356,0.004,0.037,0.214,0.389","0.009,0.003,0.042,0.117,0.829",1.0,1.0,False,0.32463336604963344,0.03877312729436868,0.6119839026020014,0.26775937785800114,0.08460965864161005,SN=2=0.1876;SN=3-4=0.2486;SN=5-8=0.2722;SN=9-12=0.2551;SN>=13=0.2410,0.26775937785800114,
754,354,v11_aug+v14_recvhand+v16_testhist_aug,3,CW,"0.358,0.398,0.244","0.203,0.427,0.370","0.016,0.571,0.413",1.0,1.0,False,0.32314865962666145,0.039805237065089226,0.6124575571910891,0.2676730701149181,0.0804724127042944,SN=2=0.1905;SN=3-4=0.2494;SN=5-8=0.2710;SN=9-12=0.2540;SN>=13=0.2433,0.2676730701149181,
755,355,v11+v11_aug+v12_5f+v13+v16_testhist_aug,5,CW,"0.164,0.229,0.104,0.275,0.227","0.230,0.167,0.209,0.049,0.346","0.026,0.000,0.162,0.385,0.426",1.0,1.0,False,0.3204718433014111,0.04191373391878111,0.6130917525623423,0.26757258140054535,0.08409698737227372,SN=2=0.1886;SN=3-4=0.2478;SN=5-8=0.2727;SN=9-12=0.2545;SN>=13=0.2413,0.26757258140054535,
756,356,v11_aug+v11plus+v13+v14_recvhand+v16_avg3,5,CW,"0.234,0.188,0.212,0.049,0.317","0.078,0.149,0.090,0.311,0.373","0.007,0.022,0.485,0.229,0.257",1.0,1.0,False,0.3215975982911535,0.040558167034664534,0.6133560169289457,0.2675335095161164,0.08458631050574811,SN=2=0.1873;SN=3-4=0.2498;SN=5-8=0.2719;SN=9-12=0.2532;SN>=13=0.2418,0.2675335095161164,
757,357,v11+v11plus+v13+v16_testhist_aug,4,CW,"0.206,0.173,0.343,0.278","0.320,0.018,0.290,0.372","0.005,0.005,0.598,0.392",1.0,1.0,False,0.32498374082353626,0.03744039673293502,0.6127569895903944,0.2675210529406674,0.08348008765377474,SN=2=0.1878;SN=3-4=0.2495;SN=5-8=0.2713;SN=9-12=0.2545;SN>=13=0.2409,0.2675210529406674,
758,358,v11_aug+v11plus+v12_5f+v14_recvhand+v16_testhist_aug,5,CW,"0.180,0.209,0.224,0.091,0.296","0.117,0.078,0.152,0.273,0.380","0.012,0.010,0.297,0.478,0.203",1.0,1.0,False,0.32461167359076254,0.03754171576157615,0.6128014430266253,0.26742164434626053,0.08323576683543071,SN=2=0.1882;SN=3-4=0.2496;SN=5-8=0.2714;SN=9-12=0.2527;SN>=13=0.2416,0.26742164434626053,
759,359,v11plus+v12_5f+v13+v14_recvhand+v16_testhist_aug,5,CW,"0.312,0.176,0.271,0.021,0.221","0.129,0.038,0.226,0.108,0.500","0.011,0.192,0.265,0.359,0.173",1.0,1.0,False,0.33191597305238146,0.02929240639164718,0.613576702027173,0.2671986921830461,0.07777696074456525,SN=2=0.1910;SN=3-4=0.2510;SN=5-8=0.2688;SN=9-12=0.2502;SN>=13=0.2401,0.2671986921830461,
760,360,v11plus+v14_recvhand+v16_testhist_aug,3,CW,"0.264,0.288,0.448","0.141,0.363,0.496","0.012,0.572,0.416",1.0,1.0,False,0.33133953874086897,0.02999879693614031,0.612545606397213,0.26704445555024636,0.07818505136160009,SN=2=0.1907;SN=3-4=0.2505;SN=5-8=0.2689;SN=9-12=0.2487;SN>=13=0.2437,0.26704445555024636,
761,361,v11plus+v12_5f+v16_testhist_aug,3,CW,"0.329,0.336,0.334","0.159,0.363,0.478","0.012,0.383,0.605",1.0,1.0,False,0.3308814630468848,0.031161881926876567,0.6110962385690033,0.26703658570330524,0.08115288401632847,SN=2=0.1894;SN=3-4=0.2515;SN=5-8=0.2705;SN=9-12=0.2496;SN>=13=0.2417,0.26703658570330524,
762,362,v11_aug+v12_5f+v13+v14_seed2+v16_testhist_aug,5,CW,"0.370,0.094,0.236,0.022,0.279","0.165,0.229,0.051,0.155,0.400","0.010,0.136,0.308,0.276,0.270",1.0,1.0,False,0.32456819105459744,0.03642942438303266,0.6130514711221079,0.2670093403994736,0.0824674922268486,SN=2=0.1893;SN=3-4=0.2483;SN=5-8=0.2717;SN=9-12=0.2533;SN>=13=0.2419,0.2670093403994736,
763,363,v11+v12_5f+v14_recvhand+v16_testhist_aug,4,CW,"0.308,0.172,0.150,0.370","0.322,0.159,0.142,0.378","0.035,0.283,0.474,0.208",1.0,1.0,False,0.3253594834998168,0.035685768756949454,0.6129352884799135,0.26700515859868923,0.07778703035036119,SN=2=0.1900;SN=3-4=0.2491;SN=5-8=0.2678;SN=9-12=0.2546;SN>=13=0.2406,0.26700515859868923,
764,364,v11plus+v14_recvhand+v16_avg3,3,CW,"0.318,0.308,0.375","0.147,0.338,0.515","0.015,0.486,0.499",1.0,1.0,False,0.33035256940241703,0.03047401628719733,0.612946335420366,0.26691990135991894,0.07899945879428066,SN=2=0.1896;SN=3-4=0.2503;SN=5-8=0.2686;SN=9-12=0.2511;SN>=13=0.2427,0.26691990135991894,
765,365,v11+v12_5f+v14_seed2+v16_testhist_aug,4,CW,"0.359,0.336,0.058,0.247","0.319,0.040,0.274,0.367","0.026,0.237,0.374,0.363",1.0,1.0,False,0.3233093527664869,0.037976117891851055,0.6119854079528757,0.26691126985391034,0.07991047605729745,SN=2=0.1884;SN=3-4=0.2493;SN=5-8=0.2683;SN=9-12=0.2530;SN>=13=0.2416,0.26691126985391034,
766,366,v11_aug+v12_5f+v14_seed2+v16_testhist_aug,4,CW,"0.344,0.171,0.232,0.253","0.205,0.001,0.393,0.401","0.005,0.186,0.521,0.289",1.0,1.0,False,0.32374826458033007,0.0375283596973926,0.6116506251791074,0.26684077474691054,0.0803978007496444,SN=2=0.1897;SN=3-4=0.2478;SN=5-8=0.2701;SN=9-12=0.2536;SN>=13=0.2428,0.26684077474691054,
767,367,v11_aug+v11plus+v12_5f+v16_testhist_aug,4,CW,"0.191,0.249,0.233,0.326","0.225,0.005,0.419,0.351","0.008,0.006,0.571,0.415",1.0,1.0,False,0.3192385595825407,0.04226457702041653,0.6110481057070536,0.2668108757825936,0.08528312488415518,SN=2=0.1860;SN=3-4=0.2490;SN=5-8=0.2713;SN=9-12=0.2532;SN>=13=0.2423,0.2668108757825936,
768,368,v11+v11plus+v14_seed2+v16_avg3,4,CW,"0.151,0.231,0.265,0.353","0.267,0.069,0.273,0.391","0.065,0.004,0.531,0.400",1.0,1.0,False,0.32318617163903635,0.037569460442638807,0.6118637633086054,0.26667500549439116,0.0836588236570589,SN=2=0.1866;SN=3-4=0.2488;SN=5-8=0.2703;SN=9-12=0.2541;SN>=13=0.2398,0.26667500549439116,
769,369,v11+v11_aug+v12_5f+v13+v16_avg3,5,CW,"0.214,0.204,0.346,0.010,0.226","0.396,0.013,0.173,0.084,0.334","0.008,0.027,0.193,0.519,0.254",1.0,1.0,False,0.31688648247864687,0.04336807318772362,0.6128195806688663,0.2666657384003215,0.0851652708547582,SN=2=0.1877;SN=3-4=0.2476;SN=5-8=0.2729;SN=9-12=0.2544;SN>=13=0.2374,0.2666657384003215,
770,370,v11plus+v12_5f+v14_seed2+v16_avg3,4,CW,"0.348,0.150,0.103,0.399","0.159,0.259,0.084,0.499","0.011,0.170,0.145,0.674",1.0,1.0,False,0.32866281107556217,0.03138401065635128,0.6124515696157017,0.26650904261590574,0.08066841321788099,SN=2=0.1880;SN=3-4=0.2506;SN=5-8=0.2686;SN=9-12=0.2503;SN>=13=0.2404,0.26650904261590574,
771,371,v11+v11_aug+v12_5f+v14_seed2+v16_avg3,5,CW,"0.178,0.237,0.106,0.217,0.262","0.317,0.079,0.074,0.175,0.356","0.023,0.015,0.234,0.312,0.415",1.0,1.0,False,0.3178065379661305,0.0421572697588682,0.6123863943996914,0.26646280196993777,0.08466726947727113,SN=2=0.1862;SN=3-4=0.2469;SN=5-8=0.2709;SN=9-12=0.2535;SN>=13=0.2410,0.26646280196993777,
772,372,v11+v11plus+v16_testhist_aug,3,CW,"0.190,0.190,0.620","0.429,0.212,0.359","0.025,0.004,0.972",1.0,1.0,False,0.3175669792200173,0.04371315897644506,0.6095921653246841,0.2664304883435218,0.0850550576584703,SN=2=0.1850;SN=3-4=0.2488;SN=5-8=0.2700;SN=9-12=0.2549;SN>=13=0.2436,0.2664304883435218,
773,373,v11_aug+v12_5f+v16_testhist_aug,3,CW,"0.373,0.323,0.303","0.195,0.416,0.389","0.022,0.471,0.507",1.0,1.0,False,0.32284951010411106,0.037211164916572545,0.6110689380469956,0.26623805761767255,0.0820366322085142,SN=2=0.1878;SN=3-4=0.2485;SN=5-8=0.2698;SN=9-12=0.2527;SN>=13=0.2422,0.26623805761767255,
774,374,v11+v14_seed2+v16_testhist_aug,3,CW,"0.328,0.429,0.243","0.291,0.332,0.377","0.030,0.530,0.440",1.0,1.0,False,0.32326811066960287,0.03639018884368782,0.6117984412290953,0.26622300805113536,0.0775470060808175,SN=2=0.1893;SN=3-4=0.2483;SN=5-8=0.2668;SN=9-12=0.2513;SN>=13=0.2419,0.26622300805113536,
775,375,v11_aug+v12_5f+v14_recvhand+v16_avg3,4,CW,"0.343,0.218,0.165,0.274","0.193,0.155,0.179,0.473","0.020,0.106,0.402,0.472",1.0,1.0,False,0.325238656270334,0.03349915060497004,0.6129872600072195,0.26609257475156556,0.07970311169755445,SN=2=0.1896;SN=3-4=0.2482;SN=5-8=0.2693;SN=9-12=0.2526;SN>=13=0.2405,0.26609257475156556,
776,376,v11+v11_aug+v14_recvhand+v16_avg3,4,CW,"0.181,0.232,0.299,0.289","0.309,0.013,0.322,0.356","0.007,0.008,0.451,0.534",1.0,1.0,False,0.3181484260563326,0.04043568847752198,0.6129313479176908,0.26601991539708003,0.08395242211939735,SN=2=0.1867;SN=3-4=0.2471;SN=5-8=0.2706;SN=9-12=0.2540;SN>=13=0.2404,0.26601991539708003,
777,377,v11+v11_aug+v13+v14_recvhand+v16_testhist_aug,5,CW,"0.172,0.264,0.310,0.061,0.193","0.249,0.144,0.023,0.211,0.373","0.036,0.002,0.176,0.462,0.325",1.0,1.0,False,0.31698721925657597,0.04032653885745716,0.6133319890702665,0.26559190105966657,0.08373591235213318,SN=2=0.1868;SN=3-4=0.2464;SN=5-8=0.2706;SN=9-12=0.2529;SN>=13=0.2396,0.26559190105966657,
778,378,v11plus+v12_5f+v16_avg3,3,CW,"0.303,0.254,0.443","0.167,0.280,0.553","0.021,0.266,0.714",1.0,1.0,False,0.3298791362334218,0.02769148241383442,0.612190560173296,0.2654663594935617,0.07912996701448938,SN=2=0.1884;SN=3-4=0.2501;SN=5-8=0.2676;SN=9-12=0.2483;SN>=13=0.2400,0.2654663594935617,
779,379,v11+v11plus+v14_recvhand+v16_testhist_aug,4,CW,"0.221,0.179,0.275,0.326","0.314,0.001,0.310,0.376","0.034,0.021,0.683,0.263",1.0,1.0,False,0.3210977397332852,0.03629222524850308,0.6124272950593455,0.26544144500458444,0.08247559307024405,SN=2=0.1867;SN=3-4=0.2482;SN=5-8=0.2692;SN=9-12=0.2520;SN>=13=0.2384,0.26544144500458444,
780,380,v11_aug+v11plus+v14_recvhand+v16_avg3,4,CW,"0.221,0.220,0.217,0.342","0.055,0.140,0.414,0.392","0.026,0.006,0.526,0.441",1.0,1.0,False,0.3190859230950163,0.0378986313420506,0.6127053010641024,0.26533488198764726,0.08373351495046821,SN=2=0.1861;SN=3-4=0.2478;SN=5-8=0.2699;SN=9-12=0.2505;SN>=13=0.2405,0.26533488198764726,
781,381,v11+v11_aug+v13+v14_recvhand+v16_avg3,5,CW,"0.136,0.226,0.299,0.019,0.321","0.298,0.001,0.129,0.153,0.419","0.024,0.014,0.186,0.307,0.469",1.0,1.0,False,0.32330851652854514,0.03323531214644625,0.6135029340588034,0.2653181182817572,0.0821737624065646,SN=2=0.1881;SN=3-4=0.2466;SN=5-8=0.2703;SN=9-12=0.2520;SN>=13=0.2394,0.2653181182817572,
782,382,v11_aug+v14_seed2+v16_avg3,3,CW,"0.382,0.341,0.278","0.191,0.358,0.450","0.001,0.378,0.621",1.0,1.0,False,0.3209698200978123,0.03535971917708319,0.6122567873610051,0.2649831731821592,0.08184128474949459,SN=2=0.1875;SN=3-4=0.2465;SN=5-8=0.2693;SN=9-12=0.2515;SN>=13=0.2426,0.2649831731821592,
783,383,v11+v14_recvhand+v16_testhist_aug,3,CW,"0.337,0.408,0.255","0.305,0.281,0.414","0.035,0.563,0.403",1.0,1.0,False,0.32386872095177044,0.03212932722732812,0.6126276135729438,0.2649247419862282,0.07410045489682271,SN=2=0.1905;SN=3-4=0.2475;SN=5-8=0.2646;SN=9-12=0.2507;SN>=13=0.2390,0.2649247419862282,
784,384,v11_aug+v11plus+v13+v16_testhist_aug,4,CW,"0.185,0.253,0.264,0.299","0.122,0.124,0.334,0.421","0.008,0.003,0.660,0.328",1.0,1.0,False,0.32079849006017136,0.03517088022634439,0.6125212835739202,0.26489200482939035,0.08374458117625952,SN=2=0.1860;SN=3-4=0.2470;SN=5-8=0.2697;SN=9-12=0.2500;SN>=13=0.2387,0.26489200482939035,
785,385,v11plus+v12_5f+v14_recvhand+v16_avg3,4,CW,"0.379,0.258,0.004,0.359","0.110,0.033,0.297,0.560","0.013,0.271,0.365,0.350",1.0,1.0,False,0.32697166481219725,0.028395017205486935,0.6130873012781732,0.2647641330627083,0.07906227965561652,SN=2=0.1879;SN=3-4=0.2490;SN=5-8=0.2670;SN=9-12=0.2475;SN>=13=0.2371,0.2647641330627083,
786,386,v11+v11_aug+v12_5f+v16_testhist_aug,4,CW,"0.195,0.236,0.357,0.213","0.266,0.055,0.338,0.341","0.010,0.025,0.477,0.487",1.0,1.0,False,0.31611285807993333,0.04002632330464098,0.6111326751558126,0.2646822075849923,0.08234882927622661,SN=2=0.1863;SN=3-4=0.2460;SN=5-8=0.2686;SN=9-12=0.2526;SN>=13=0.2373,0.2646822075849923,
787,387,v11+v11plus+v12_5f+v14_recvhand+v16_avg3,5,CW,"0.192,0.192,0.120,0.213,0.283","0.138,0.097,0.084,0.232,0.448","0.019,0.007,0.110,0.554,0.310",1.0,1.0,False,0.3236147902585177,0.03155057507431929,0.6130659854437875,0.2646793432218923,0.07948286374378316,SN=2=0.1881;SN=3-4=0.2469;SN=5-8=0.2676;SN=9-12=0.2503;SN>=13=0.2373,0.2646793432218923,
788,388,v11+v11plus+v12_5f+v16_testhist_aug,4,CW,"0.190,0.167,0.300,0.343","0.211,0.079,0.283,0.427","0.020,0.005,0.457,0.518",1.0,1.0,False,0.3248561927626386,0.03106035737363196,0.6113311017705045,0.2646328404086091,0.0794718091976574,SN=2=0.1874;SN=3-4=0.2479;SN=5-8=0.2669;SN=9-12=0.2495;SN>=13=0.2373,0.2646328404086091,
789,389,v11_aug+v11plus+v12_5f+v16_avg3,4,CW,"0.242,0.171,0.377,0.210","0.104,0.089,0.371,0.436","0.058,0.025,0.447,0.470",1.0,1.0,False,0.3205497279660996,0.03513822351915392,0.6107529455504597,0.26442576970419335,0.08131048874516836,SN=2=0.1877;SN=3-4=0.2471;SN=5-8=0.2690;SN=9-12=0.2495;SN>=13=0.2344,0.26442576970419335,
790,390,v11+v11_aug+v11plus+v16_testhist_aug,4,CW,"0.091,0.184,0.138,0.587","0.320,0.181,0.100,0.399","0.075,0.017,0.003,0.905",1.0,1.0,False,0.31451542913524266,0.04105495594973102,0.6087782164552017,0.2639837973250298,0.08743472792361545,SN=2=0.1835;SN=3-4=0.2454;SN=5-8=0.2709;SN=9-12=0.2514;SN>=13=0.2380,0.2639837973250298,
791,391,v11_aug+v11plus+v13+v16_avg3,4,CW,"0.200,0.221,0.322,0.257","0.064,0.119,0.302,0.516","0.007,0.005,0.392,0.596",1.0,1.0,False,0.3224905351726293,0.03050329373296896,0.6132584855387043,0.2638492286699802,0.08183365541304582,SN=2=0.1866;SN=3-4=0.2468;SN=5-8=0.2685;SN=9-12=0.2478;SN>=13=0.2350,0.2638492286699802,
792,392,v11+v11_aug+v16_avg3,3,CW,"0.110,0.295,0.594","0.424,0.149,0.428","0.003,0.007,0.991",1.0,1.0,False,0.314836900399073,0.03866610458030047,0.6112012034800458,0.2636414426877586,0.08502274244551958,SN=2=0.1841;SN=3-4=0.2445;SN=5-8=0.2691;SN=9-12=0.2519;SN>=13=0.2420,0.2636414426877586,
793,393,v11+v11_aug+v12_5f+v14_recvhand+v16_testhist_aug,5,CW,"0.174,0.206,0.114,0.287,0.220","0.212,0.080,0.162,0.112,0.434","0.040,0.015,0.066,0.526,0.353",1.0,1.0,False,0.3212466230089014,0.03135751721425225,0.6125937780377273,0.2635604116968069,0.07701937935855202,SN=2=0.1887;SN=3-4=0.2456;SN=5-8=0.2657;SN=9-12=0.2490;SN>=13=0.2357,0.2635604116968069,
794,394,v11+v11_aug+v11plus,3,CW,"0.296,0.425,0.279","0.452,0.277,0.271","0.525,0.282,0.193",1.0,1.0,False,0.25812520874557515,0.1179484481886695,0.5655252779508897,0.2635345183638758,0.09045035816882957,SN=2=0.1793;SN=3-4=0.2578;SN=5-8=0.2698;SN=9-12=0.2483;SN>=13=0.2257,0.2635345183638758,
795,395,v11_aug+v11plus+v12_5f+v13+v16_testhist_aug,5,CW,"0.205,0.239,0.086,0.235,0.233","0.096,0.134,0.103,0.204,0.464","0.005,0.002,0.073,0.521,0.399",1.0,1.0,False,0.3204060619857455,0.031900553678037825,0.612882718772622,0.26349919002003774,0.08261226646446768,SN=2=0.1858;SN=3-4=0.2468;SN=5-8=0.2684;SN=9-12=0.2489;SN>=13=0.2350,0.26349919002003774,
796,396,v11+v11_aug+v11plus+v12_5f+v16_avg3,5,CW,"0.088,0.229,0.123,0.308,0.252","0.188,0.114,0.067,0.205,0.426","0.007,0.016,0.037,0.797,0.143",1.0,1.0,False,0.3180584275541335,0.03518388682220641,0.6103143921629306,0.2633598041831221,0.08372113688437005,SN=2=0.1847;SN=3-4=0.2452;SN=5-8=0.2685;SN=9-12=0.2508;SN>=13=0.2344,0.2633598041831221,
797,397,v11+v11_aug+v11plus+v12_5f+v16_testhist_aug,5,CW,"0.122,0.151,0.132,0.316,0.279","0.130,0.051,0.098,0.278,0.444","0.064,0.009,0.002,0.366,0.559",1.0,1.0,False,0.3212620152158756,0.031182237662374674,0.6109001324801178,0.2631577276473237,0.08116569164569862,SN=2=0.1860;SN=3-4=0.2460;SN=5-8=0.2671;SN=9-12=0.2484;SN>=13=0.2328,0.2631577276473237,
798,398,v11+v11_aug+v11plus+v16_avg3,4,CW,"0.114,0.183,0.153,0.550","0.336,0.209,0.060,0.395","0.142,0.042,0.017,0.798",1.0,1.0,False,0.3128094503465219,0.042339279257925036,0.6052247831179239,0.26310444846536357,0.08535612266992854,SN=2=0.1825;SN=3-4=0.2446;SN=5-8=0.2679;SN=9-12=0.2505;SN>=13=0.2345,0.26310444846536357,
799,399,v11_aug+v11plus+v16_testhist_aug,3,CW,"0.226,0.213,0.560","0.195,0.310,0.495","0.073,0.030,0.896",1.0,1.0,False,0.31502385569512736,0.03594619980391543,0.607511794343655,0.26189038106834817,0.08522987698318729,SN=2=0.1829;SN=3-4=0.2442;SN=5-8=0.2681;SN=9-12=0.2483;SN>=13=0.2359,0.26189038106834817,
800,400,v11+v11_aug+v16_testhist_aug,3,CW,"0.179,0.189,0.632","0.426,0.130,0.444","0.023,0.030,0.947",1.0,1.0,False,0.31454490884944264,0.035122769324678796,0.6093188308993464,0.26173083744951786,0.0819091115206079,SN=2=0.1846;SN=3-4=0.2427;SN=5-8=0.2665;SN=9-12=0.2495;SN>=13=0.2373,0.26173083744951786,
