rank,subset,n_models,calibration,w_a,w_p,w_s,t_a,t_p,f1_a,f1_p,auc,oof_ov,sn_spread,sn_buckets,spread_penalised_score,file
1,v11+v11plus+v12_5f+v13+v14_seed0+v16_avg3,6,THR,"0.211,0.140,0.071,0.384,0.041,0.153","0.122,0.032,0.112,0.113,0.065,0.557","0.033,0.026,0.266,0.331,0.009,0.335",0.5,0.5,0.41724454668465505,0.23490112468710542,0.6149587519174102,0.38385001893218623,0.09131903801816349,SN=2=0.2821;SN=3-4=0.3559;SN=5-8=0.3734;SN=9-12=0.3542;SN>=13=0.3444,0.38385001893218623,submission_zoo_v3_top1_thr_v11_v11plus_v125f_v13_v14s0_v16_avg3.csv
2,v11+v11plus+v13+v14_avg3+v16_avg3,5,THR,"0.141,0.214,0.334,0.112,0.200","0.096,0.085,0.171,0.166,0.481","0.022,0.003,0.299,0.586,0.090",0.5,0.5,0.41679660172601796,0.23556117618245778,0.6143736064799055,0.3838178324593714,0.09490839798351103,SN=2=0.2784;SN=3-4=0.3563;SN=5-8=0.3733;SN=9-12=0.3546;SN>=13=0.3454,0.38322503261326746,submission_zoo_v3_top2_thr_v11_v11plus_v13_v14avg3_v16_avg3.csv
3,v11+v11plus+v12_5f+v13+v14_avg3+v16_avg3,6,THR,"0.062,0.249,0.039,0.257,0.027,0.365","0.098,0.038,0.022,0.081,0.424,0.337","0.013,0.031,0.489,0.371,0.040,0.057",0.5,0.5,0.4163137061894079,0.23413194945176627,0.6152393280334157,0.3832261278631528,0.0939168685010347,SN=2=0.2782;SN=3-4=0.3562;SN=5-8=0.3721;SN=9-12=0.3524;SN>=13=0.3418,0.383129092758287,submission_zoo_v3_top3_thr_v11_v11plus_v125f_v13_v14avg3_v16_avg3.csv
4,v11+v12_5f+v13+v14_seed1+v16_avg3,5,THR,"0.245,0.051,0.347,0.026,0.331","0.165,0.016,0.089,0.232,0.499","0.048,0.290,0.262,0.330,0.070",0.5,0.5,0.4166882414634009,0.23331119710239712,0.6155629995108158,0.3831123753284824,0.09377224250597044,SN=2=0.2786;SN=3-4=0.3587;SN=5-8=0.3723;SN=9-12=0.3560;SN>=13=0.3436,0.3830876532211488,submission_zoo_v3_top4_thr_v11_v125f_v13_v14s1_v16_avg3.csv
5,v11+v12_5f+v13+v14_seed0+v16_avg3,5,THR,"0.308,0.056,0.384,0.009,0.244","0.258,0.013,0.046,0.324,0.359","0.018,0.440,0.282,0.033,0.227",0.5,0.5,0.41674342513562906,0.23368098005056112,0.6150616611519918,0.38318209430487443,0.09412552719431311,SN=2=0.2787;SN=3-4=0.3576;SN=5-8=0.3728;SN=9-12=0.3587;SN>=13=0.3469,0.38298072985336945,submission_zoo_v3_top5_thr_v11_v125f_v13_v14s0_v16_avg3.csv
6,v11+v13+v14_avg3+v16_avg3,4,THR,"0.259,0.410,0.024,0.307","0.142,0.159,0.161,0.538","0.009,0.292,0.638,0.061",0.5,0.5,0.41714337814185093,0.23331085972610185,0.6141997547491762,0.3830216460970164,0.09385994659513591,SN=2=0.2783;SN=3-4=0.3587;SN=5-8=0.3721;SN=9-12=0.3531;SN>=13=0.3464,0.3829530719451,
7,v11+v12_5f+v13+v16_avg3,4,THR,"0.247,0.003,0.430,0.321","0.219,0.161,0.108,0.512","0.032,0.362,0.345,0.261",0.5,0.5,0.4158604879206216,0.23392494863518637,0.6150032292808407,0.38291482047849135,0.09059614626827106,SN=2=0.2810;SN=3-4=0.3579;SN=5-8=0.3716;SN=9-12=0.3550;SN>=13=0.3410,0.38291482047849135,
8,v11+v11plus+v13+v16_avg3,4,THR,"0.124,0.187,0.352,0.337","0.288,0.022,0.234,0.457","0.001,0.045,0.373,0.581",0.5,0.5,0.41650324837448083,0.2335191295285029,0.6132280282765241,0.3826545568164983,0.09249752792908461,SN=2=0.2790;SN=3-4=0.3555;SN=5-8=0.3715;SN=9-12=0.3568;SN>=13=0.3418,0.3826545568164983,
9,v11+v12_5f+v13+v14_avg3+v16_avg3,5,THR,"0.225,0.023,0.398,0.042,0.312","0.245,0.066,0.136,0.120,0.433","0.030,0.371,0.255,0.327,0.018",0.5,0.5,0.4173056774467125,0.23259614752916855,0.6154384229595399,0.3830484145822604,0.09452301735368274,SN=2=0.2794;SN=3-4=0.3583;SN=5-8=0.3739;SN=9-12=0.3553;SN>=13=0.3427,0.3826483050510706,
10,v11plus+v13+v14_avg3+v16_avg3,4,THR,"0.182,0.365,0.085,0.367","0.042,0.132,0.215,0.611","0.028,0.283,0.647,0.041",0.5,0.5,0.41571227140424066,0.23349346686519185,0.6146083232304447,0.382603959953862,0.09353962395920834,SN=2=0.2785;SN=3-4=0.3559;SN=5-8=0.3721;SN=9-12=0.3507;SN>=13=0.3454,0.382603959953862,
11,v11+v13+v14_seed1+v16_avg3,4,THR,"0.245,0.359,0.051,0.346","0.267,0.220,0.224,0.289","0.019,0.321,0.595,0.065",0.5,0.5,0.4166266400546709,0.23295074902292273,0.6147465193086493,0.38278025949276734,0.09422918192388641,SN=2=0.2794;SN=3-4=0.3576;SN=5-8=0.3736;SN=9-12=0.3527;SN>=13=0.3433,0.3825270676764757,
12,v11+v11plus+v12_5f+v13+v14_seed1+v16_avg3,6,THR,"0.029,0.256,0.044,0.357,0.034,0.280","0.197,0.033,0.010,0.178,0.082,0.500","0.003,0.052,0.448,0.310,0.111,0.076",0.5,0.5,0.4153308640212804,0.23293428616871048,0.6154523527149853,0.3823965306189935,0.09158810228881187,SN=2=0.2802;SN=3-4=0.3554;SN=5-8=0.3718;SN=9-12=0.3535;SN>=13=0.3411,0.3823965306189935,
13,v11+v11plus+v13+v14_seed1+v16_avg3,5,THR,"0.179,0.131,0.325,0.083,0.282","0.112,0.045,0.168,0.112,0.563","0.024,0.023,0.301,0.525,0.127",0.5,0.5,0.41741545281792675,0.23377823994091287,0.6150846238377585,0.3834944018710876,0.09607612148026967,SN=2=0.2782;SN=3-4=0.3566;SN=5-8=0.3743;SN=9-12=0.3555;SN>=13=0.3460,0.3823177402766043,
14,v11+v11plus+v12_5f+v13+v16_avg3,5,THR,"0.153,0.142,0.067,0.367,0.270","0.262,0.057,0.147,0.069,0.465","0.033,0.002,0.275,0.352,0.338",0.5,0.5,0.4177499143006546,0.2324139373587649,0.6148686998396792,0.38303928063170367,0.0951838175189546,SN=2=0.2799;SN=3-4=0.3574;SN=5-8=0.3751;SN=9-12=0.3558;SN>=13=0.3414,0.38230877101787797,
15,v11+v13+v14_seed0+v16_avg3,4,THR,"0.201,0.377,0.015,0.407","0.257,0.113,0.185,0.445","0.034,0.337,0.224,0.405",0.5,0.5,0.41646355294020837,0.23325378983496944,0.6133492851351485,0.38255679413710086,0.0942913506010819,SN=2=0.2779;SN=3-4=0.3581;SN=5-8=0.3722;SN=9-12=0.3544;SN>=13=0.3455,0.3822725179822115,
16,v11+v11plus+v13+v14_seed2+v16_avg3,5,THR,"0.080,0.220,0.246,0.112,0.343","0.093,0.037,0.098,0.278,0.494","0.012,0.020,0.290,0.259,0.420",0.5,0.5,0.415637967720307,0.23331090461785808,0.613776719388089,0.3823348928128838,0.09387865947122553,SN=2=0.2764;SN=3-4=0.3560;SN=5-8=0.3702;SN=9-12=0.3543;SN>=13=0.3421,0.3822569622229226,
17,v11+v13+v14_seed2+v16_avg3,4,THR,"0.223,0.366,0.034,0.377","0.281,0.246,0.182,0.291","0.036,0.405,0.348,0.211",0.5,0.5,0.41647155537559644,0.23239121096409776,0.6134934539373754,0.3822437973233528,0.09327840492351347,SN=2=0.2769;SN=3-4=0.3585;SN=5-8=0.3702;SN=9-12=0.3547;SN>=13=0.3415,0.3822437973233528,
18,v11plus+v12_5f+v13+v14_avg3+v16_avg3,5,THR,"0.235,0.060,0.320,0.008,0.378","0.046,0.024,0.204,0.106,0.620","0.042,0.412,0.274,0.230,0.042",0.5,0.5,0.4142753022783989,0.23347326776556715,0.6155809886394052,0.3822156257454675,0.08816579744551573,SN=2=0.2800;SN=3-4=0.3554;SN=5-8=0.3681;SN=9-12=0.3510;SN>=13=0.3457,0.3822156257454675,
19,v11plus+v13+v16_avg3,3,THR,"0.223,0.401,0.376","0.097,0.252,0.651","0.028,0.362,0.611",0.5,0.5,0.41603440866423796,0.23289957113017187,0.6132032285593944,0.38221423762964285,0.08850711973194464,SN=2=0.2795;SN=3-4=0.3541;SN=5-8=0.3681;SN=9-12=0.3514;SN>=13=0.3428,0.38221423762964285,
20,v11plus+v12_5f+v13+v14_seed1+v16_avg3,5,THR,"0.175,0.065,0.329,0.058,0.373","0.132,0.040,0.088,0.209,0.531","0.041,0.316,0.375,0.245,0.023",0.5,0.5,0.4153938277011181,0.23216766774500625,0.6158305497419612,0.38219070812684197,0.09336965627229066,SN=2=0.2797;SN=3-4=0.3554;SN=5-8=0.3731;SN=9-12=0.3508;SN>=13=0.3435,0.38219070812684197,
21,v11+v11plus+v12_5f+v14_avg3+v16_avg3,5,THR,"0.190,0.149,0.252,0.134,0.275","0.177,0.056,0.119,0.183,0.466","0.026,0.004,0.249,0.556,0.165",0.5,0.5,0.41291558976701037,0.23547204013050163,0.614000226245697,0.3821550972081442,0.09165914340659587,SN=2=0.2791;SN=3-4=0.3525;SN=5-8=0.3708;SN=9-12=0.3546;SN>=13=0.3439,0.3821550972081442,
22,v11plus+v13+v14_seed0+v16_avg3,4,THR,"0.294,0.326,0.126,0.254","0.078,0.097,0.259,0.567","0.040,0.353,0.117,0.490",0.5,0.5,0.4138955995399974,0.2346114702760323,0.6135239351267552,0.38210761495176293,0.09189318526769175,SN=2=0.2782;SN=3-4=0.3540;SN=5-8=0.3701;SN=9-12=0.3525;SN>=13=0.3431,0.38210761495176293,
23,v11plus+v12_5f+v13+v14_seed0+v16_avg3,5,THR,"0.289,0.065,0.274,0.050,0.322","0.101,0.142,0.104,0.078,0.575","0.026,0.400,0.272,0.087,0.214",0.5,0.5,0.4139612155944659,0.23452087314248757,0.6152967475365084,0.3824521850020831,0.09455417718308085,SN=2=0.2780;SN=3-4=0.3563;SN=5-8=0.3725;SN=9-12=0.3528;SN>=13=0.3414,0.38203649555619423,
24,v11plus+v13+v14_seed1+v16_avg3,4,THR,"0.271,0.293,0.051,0.385","0.060,0.176,0.151,0.614","0.024,0.361,0.606,0.008",0.5,0.5,0.41385656821899575,0.2335298452801025,0.6150049458511306,0.38195555456986546,0.09271931538190081,SN=2=0.2775;SN=3-4=0.3548;SN=5-8=0.3703;SN=9-12=0.3525;SN>=13=0.3412,0.38195555456986546,
25,v11plus+v12_5f+v13+v16_avg3,4,THR,"0.253,0.127,0.252,0.368","0.099,0.105,0.171,0.624","0.037,0.411,0.260,0.292",0.5,0.5,0.4150787553091877,0.2336210964337012,0.6152179103021637,0.38252352275758833,0.09494706398264469,SN=2=0.2778;SN=3-4=0.3571;SN=5-8=0.3727;SN=9-12=0.3533;SN>=13=0.3409,0.38191138991191753,
26,v11+v13+v16_avg3,3,THR,"0.222,0.377,0.401","0.277,0.277,0.446","0.017,0.354,0.629",0.5,0.5,0.4166492189555248,0.23167199135516917,0.6128810347928279,0.3819046910828432,0.0932597690036931,SN=2=0.2779;SN=3-4=0.3568;SN=5-8=0.3712;SN=9-12=0.3534;SN>=13=0.3413,0.3819046910828432,
27,v11plus+v12_5f+v13+v14_seed2+v16_avg3,5,THR,"0.217,0.015,0.313,0.107,0.348","0.058,0.002,0.028,0.294,0.618","0.018,0.460,0.364,0.087,0.070",0.5,0.5,0.41441401426372043,0.23167790047231512,0.6152425726441655,0.3814852804232473,0.09082357191248341,SN=2=0.2782;SN=3-4=0.3564;SN=5-8=0.3691;SN=9-12=0.3502;SN>=13=0.3426,0.3814852804232473,
28,v11plus+v13+v14_seed2+v16_avg3,4,THR,"0.294,0.259,0.121,0.326","0.070,0.051,0.265,0.614","0.024,0.335,0.268,0.373",0.5,0.5,0.41388498219258363,0.23143860204284056,0.6137684797681899,0.3808831296478077,0.09265774987956227,SN=2=0.2754;SN=3-4=0.3558;SN=5-8=0.3680;SN=9-12=0.3506;SN>=13=0.3421,0.3808831296478077,
29,v11plus+v12_5f+v14_seed0+v16_avg3,4,THR,"0.278,0.216,0.191,0.316","0.133,0.100,0.279,0.487","0.029,0.513,0.250,0.208",0.5,0.5,0.4099798317358388,0.23488498532153868,0.6137270015554461,0.38069132713404025,0.09355064348805248,SN=2=0.2775;SN=3-4=0.3533;SN=5-8=0.3710;SN=9-12=0.3511;SN>=13=0.3414,0.38069132713404025,
30,v11+v11plus+v12_5f+v13+v14_seed2+v16_avg3,6,THR,"0.205,0.129,0.054,0.325,0.005,0.282","0.153,0.117,0.028,0.101,0.270,0.331","0.016,0.023,0.290,0.429,0.105,0.137",0.5,0.5,0.4168699692456975,0.2338346257061808,0.6151031657671624,0.3833024711341838,0.09899168958539195,SN=2=0.2774;SN=3-4=0.3563;SN=5-8=0.3764;SN=9-12=0.3546;SN>=13=0.3441,0.3806680254871394,
31,v11+v11plus+v13+v14_seed0+v16_avg3,5,THR,"0.060,0.189,0.346,0.001,0.404","0.242,0.028,0.252,0.168,0.309","0.012,0.029,0.438,0.432,0.089",0.5,0.5,0.4156024156581138,0.23181760727092043,0.6132864551972201,0.3816253002110578,0.09591723930927898,SN=2=0.2756;SN=3-4=0.3583;SN=5-8=0.3715;SN=9-12=0.3532;SN>=13=0.3402,0.38052807970206987,
32,v11+v12_5f+v13+v14_seed2+v16_avg3,5,THR,"0.212,0.067,0.317,0.005,0.399","0.297,0.118,0.134,0.018,0.433","0.018,0.365,0.226,0.242,0.148",0.5,0.5,0.4154199331541035,0.23071332400564132,0.6150488122458997,0.3814630653130779,0.09564658907710888,SN=2=0.2764;SN=3-4=0.3579;SN=5-8=0.3721;SN=9-12=0.3538;SN>=13=0.3396,0.380501169920175,
33,v11plus+v14_avg3+v16_avg3,3,THR,"0.279,0.365,0.356","0.089,0.362,0.549","0.041,0.811,0.149",0.5,0.5,0.40920852124798607,0.23531402349495786,0.6131521621402873,0.3804394503252351,0.09191780016349005,SN=2=0.2774;SN=3-4=0.3510;SN=5-8=0.3693;SN=9-12=0.3545;SN>=13=0.3420,0.3804394503252351,
34,v11plus+v14_seed2+v16_avg3,3,THR,"0.276,0.393,0.331","0.113,0.323,0.564","0.034,0.470,0.495",0.5,0.5,0.4087535473024249,0.23543561228442908,0.6118688098849947,0.38004942581174056,0.09328970086177968,SN=2=0.2773;SN=3-4=0.3512;SN=5-8=0.3706;SN=9-12=0.3536;SN>=13=0.3434,0.38004942581174056,
35,v11plus+v12_5f+v14_avg3+v16_avg3,4,THR,"0.279,0.195,0.166,0.360","0.103,0.017,0.301,0.580","0.028,0.392,0.462,0.118",0.5,0.5,0.40989033103044376,0.23261782456189456,0.6143165487725697,0.3798665719914493,0.09207792751515026,SN=2=0.2762;SN=3-4=0.3531;SN=5-8=0.3683;SN=9-12=0.3533;SN>=13=0.3410,0.3798665719914493,
36,v11+v11plus+v12_5f+v14_seed0+v16_avg3,5,THR,"0.154,0.240,0.245,0.113,0.247","0.070,0.147,0.033,0.261,0.489","0.014,0.051,0.506,0.236,0.193",0.5,0.5,0.4119511352732524,0.2346501491111011,0.6135115676524171,0.38134282728422486,0.0971329727608174,SN=2=0.2771;SN=3-4=0.3532;SN=5-8=0.3742;SN=9-12=0.3543;SN>=13=0.3432,0.3796377400494677,
37,v11+v14_avg3+v16_avg3,3,THR,"0.313,0.334,0.353","0.268,0.320,0.412","0.034,0.924,0.042",0.5,0.5,0.410100105035542,0.23240959664323402,0.6128902372762348,0.3795819281267574,0.09184240831047591,SN=2=0.2768;SN=3-4=0.3513;SN=5-8=0.3686;SN=9-12=0.3516;SN>=13=0.3452,0.3795819281267574,
38,v11plus+v12_5f+v14_seed1+v16_avg3,4,THR,"0.316,0.228,0.138,0.318","0.128,0.118,0.318,0.437","0.022,0.420,0.492,0.066",0.5,0.5,0.41051377762847563,0.23264608807668602,0.6145418856483958,0.38017232341174384,0.09497315036599785,SN=2=0.2759;SN=3-4=0.3540;SN=5-8=0.3708;SN=9-12=0.3530;SN>=13=0.3440,0.3795471473743965,
39,v11+v12_5f+v14_avg3+v16_avg3,4,THR,"0.223,0.285,0.124,0.368","0.282,0.174,0.089,0.455","0.034,0.339,0.475,0.153",0.5,0.5,0.4091324500327255,0.23183631901282614,0.6140356442763789,0.3791946364734965,0.09039102335481725,SN=2=0.2777;SN=3-4=0.3531;SN=5-8=0.3681;SN=9-12=0.3538;SN>=13=0.3404,0.3791946364734965,
40,v11plus+v12_5f+v14_seed2+v16_avg3,4,THR,"0.261,0.331,0.029,0.380","0.107,0.002,0.328,0.563","0.023,0.430,0.290,0.257",0.5,0.5,0.40966271982186087,0.23193193578676677,0.6137995517118726,0.37939777258582563,0.0941385603546459,SN=2=0.2756;SN=3-4=0.3523;SN=5-8=0.3698;SN=9-12=0.3534;SN>=13=0.3422,0.3791898915541543,
41,v11+v11plus+v14_avg3+v16_avg3,4,THR,"0.217,0.196,0.290,0.298","0.103,0.047,0.322,0.528","0.008,0.043,0.739,0.210",0.5,0.5,0.4114579237733003,0.2339335210971643,0.6131141079922893,0.38077939954664375,0.09690984977045691,SN=2=0.2759;SN=3-4=0.3527;SN=5-8=0.3728;SN=9-12=0.3557;SN>=13=0.3442,0.37918587380706686,
42,v11plus+v14_seed1+v16_avg3,3,THR,"0.312,0.352,0.336","0.057,0.384,0.559","0.044,0.786,0.170",0.5,0.5,0.409671366405987,0.23246090234470085,0.6132904675410411,0.37951100100848334,0.09464549718293586,SN=2=0.2757;SN=3-4=0.3517;SN=5-8=0.3703;SN=9-12=0.3545;SN>=13=0.3444,0.379049651562667,
43,v11plus+v12_5f+v16_avg3,3,THR,"0.277,0.316,0.407","0.092,0.272,0.636","0.034,0.431,0.535",0.5,0.5,0.40883734821189416,0.23162828790706524,0.6134367180096182,0.37887359804950743,0.09087875427004083,SN=2=0.2763;SN=3-4=0.3539;SN=5-8=0.3672;SN=9-12=0.3498;SN>=13=0.3400,0.37887359804950743,
44,v11+v11plus+v12_5f+v16_avg3,4,THR,"0.230,0.211,0.335,0.223","0.367,0.029,0.235,0.369","0.015,0.051,0.374,0.560",0.5,0.5,0.4118393780576687,0.2315994356316823,0.6131068151469192,0.3799968885051243,0.09615145779842843,SN=2=0.2762;SN=3-4=0.3508;SN=5-8=0.3724;SN=9-12=0.3570;SN>=13=0.3417,0.37878255875156164,
45,v11+v12_5f+v14_seed1+v16_avg3,4,THR,"0.270,0.356,0.009,0.365","0.298,0.176,0.076,0.449","0.016,0.408,0.558,0.019",0.5,0.5,0.4097939585472911,0.22985741232506435,0.6143422226575543,0.3787289928804531,0.09372279829130314,SN=2=0.2749;SN=3-4=0.3545;SN=5-8=0.3687;SN=9-12=0.3549;SN>=13=0.3406,0.3787289928804531,
46,v11+v11plus+v12_5f+v14_seed1+v16_avg3,5,THR,"0.164,0.210,0.109,0.257,0.260","0.271,0.016,0.105,0.188,0.420","0.036,0.026,0.361,0.280,0.297",0.5,0.5,0.41139143740060985,0.23110820542768376,0.614144964350255,0.37982885000136846,0.0964215353485976,SN=2=0.2751;SN=3-4=0.3510;SN=5-8=0.3715;SN=9-12=0.3571;SN>=13=0.3407,0.37847948147272126,
47,v11+v14_seed2+v16_avg3,3,THR,"0.314,0.325,0.362","0.049,0.312,0.639","0.026,0.520,0.454",0.5,0.5,0.40978219304088676,0.2306306016782611,0.6115262478836474,0.37847036746438867,0.09237904253864643,SN=2=0.2752;SN=3-4=0.3512;SN=5-8=0.3676;SN=9-12=0.3528;SN>=13=0.3474,0.37847036746438867,
48,v11+v12_5f+v14_seed0+v16_avg3,4,THR,"0.262,0.299,0.087,0.352","0.299,0.093,0.195,0.413","0.012,0.377,0.247,0.364",0.5,0.5,0.41006633628665107,0.23155049912275477,0.6133914036067458,0.3793250148851115,0.09549312496980777,SN=2=0.2752;SN=3-4=0.3532;SN=5-8=0.3707;SN=9-12=0.3552;SN>=13=0.3433,0.3784398515458592,
49,v11+v12_5f+v14_seed2+v16_avg3,4,THR,"0.282,0.255,0.096,0.368","0.282,0.078,0.243,0.398","0.033,0.528,0.300,0.139",0.5,0.5,0.4100653171279037,0.2316930666442009,0.613534513836667,0.37941025627617525,0.09572197743488364,SN=2=0.2756;SN=3-4=0.3535;SN=5-8=0.3713;SN=9-12=0.3555;SN>=13=0.3411,0.378410666704385,
50,v11+v11plus+v13+v14_avg3,4,THR,"0.138,0.071,0.344,0.446","0.396,0.050,0.105,0.448","0.041,0.032,0.103,0.823",0.5,0.5,0.40998719189363025,0.23172844690512565,0.6138266793804914,0.37945159139560064,0.0958461618677432,SN=2=0.2766;SN=3-4=0.3535;SN=5-8=0.3725;SN=9-12=0.3519;SN>=13=0.3452,0.3783899096073806,
51,v11plus+v14_seed0+v16_avg3,3,THR,"0.303,0.345,0.352","0.143,0.312,0.545","0.035,0.392,0.574",0.5,0.5,0.4096429180146799,0.23274981184190552,0.611709426271698,0.37929897719697375,0.09576651440973177,SN=2=0.2750;SN=3-4=0.3538;SN=5-8=0.3708;SN=9-12=0.3533;SN>=13=0.3443,0.3782771191377594,
52,v11plus+v12_5f+v13+v14_seed2,4,THR,"0.270,0.243,0.284,0.203","0.142,0.006,0.295,0.557","0.031,0.381,0.316,0.271",0.5,0.5,0.4086207682918302,0.2293529440138932,0.6154191982798766,0.3782733245782647,0.09255613766453702,SN=2=0.2753;SN=3-4=0.3529;SN=5-8=0.3679;SN=9-12=0.3481;SN>=13=0.3429,0.3782733245782647,
53,v11+v11plus+v12_5f+v13+v14_seed0,5,THR,"0.171,0.144,0.078,0.385,0.221","0.309,0.103,0.083,0.204,0.302","0.011,0.025,0.584,0.151,0.229",0.5,0.5,0.4112177742046221,0.23305901904895326,0.6147020840240869,0.3806511341062475,0.09853380720198834,SN=2=0.2768;SN=3-4=0.3539;SN=5-8=0.3753;SN=9-12=0.3575;SN>=13=0.3447,0.3782456296509049,
54,v11plus+v12_5f+v13,3,THR,"0.179,0.480,0.341","0.481,0.203,0.316","0.047,0.610,0.343",0.5,0.5,0.4087022130737913,0.23070994862548858,0.6148544817202268,0.3787357610237574,0.09535402118940944,SN=2=0.2769;SN=3-4=0.3550;SN=5-8=0.3723;SN=9-12=0.3486;SN>=13=0.3412,0.3779201495747042,
55,v11+v14_seed1+v16_avg3,3,THR,"0.342,0.383,0.275","0.278,0.410,0.312","0.040,0.762,0.198",0.5,0.5,0.40946644552605344,0.23238614069576607,0.6129543126661472,0.37933189702195724,0.0965866934294472,SN=2=0.2760;SN=3-4=0.3514;SN=5-8=0.3726;SN=9-12=0.3555;SN>=13=0.3471,0.3778999494528852,
56,v11+v11plus+v12_5f+v14_seed2+v16_avg3,5,THR,"0.189,0.142,0.263,0.093,0.314","0.299,0.020,0.181,0.100,0.399","0.031,0.024,0.406,0.396,0.144",0.5,0.5,0.41200923528159605,0.23092225382134024,0.6137019415268883,0.3799129839465522,0.09846348184410902,SN=2=0.2745;SN=3-4=0.3538;SN=5-8=0.3730;SN=9-12=0.3575;SN>=13=0.3411,0.37754264217014927,
57,v11+v11plus+v13+v14_seed1+v16_avg3,5,TEMP,"0.179,0.131,0.325,0.083,0.282","0.112,0.045,0.168,0.112,0.563","0.024,0.023,0.301,0.525,0.127",0.5,0.5,0.4082802082814603,0.22807602760367965,0.6150846238377585,0.3775594191216077,0.09396968933863209,SN=2=0.2763;SN=3-4=0.3489;SN=5-8=0.3703;SN=9-12=0.3502;SN>=13=0.3465,0.37743597359794323,
58,v11+v11plus+v13+v14_seed1+v16_avg3,5,NONE,"0.179,0.131,0.325,0.083,0.282","0.112,0.045,0.168,0.112,0.563","0.024,0.023,0.301,0.525,0.127",1.0,1.0,0.4082802082814603,0.22807602760367965,0.6150846238377585,0.3775594191216077,0.09396968933863209,SN=2=0.2763;SN=3-4=0.3489;SN=5-8=0.3703;SN=9-12=0.3502;SN>=13=0.3465,0.37743597359794323,
59,v11+v11plus+v12_5f+v13+v14_seed2+v16_avg3,6,TEMP,"0.205,0.129,0.054,0.325,0.005,0.282","0.153,0.117,0.028,0.101,0.270,0.331","0.016,0.023,0.290,0.429,0.105,0.137",0.5,0.5,0.40744694312666907,0.2285141723881355,0.6151031657671624,0.3774050793593543,0.09315401911122556,SN=2=0.2759;SN=3-4=0.3494;SN=5-8=0.3690;SN=9-12=0.3499;SN>=13=0.3430,0.3774050793593543,
60,v11+v11plus+v12_5f+v13+v14_seed2+v16_avg3,6,NONE,"0.205,0.129,0.054,0.325,0.005,0.282","0.153,0.117,0.028,0.101,0.270,0.331","0.016,0.023,0.290,0.429,0.105,0.137",1.0,1.0,0.40744694312666907,0.2285141723881355,0.6151031657671624,0.3774050793593543,0.09315401911122556,SN=2=0.2759;SN=3-4=0.3494;SN=5-8=0.3690;SN=9-12=0.3499;SN>=13=0.3430,0.3774050793593543,
61,v11+v12_5f+v16_avg3,3,THR,"0.282,0.378,0.340","0.317,0.235,0.448","0.020,0.479,0.501",0.5,0.5,0.4096448786721675,0.22862397321430286,0.6132186393259766,0.3779512686197835,0.09514547685660363,SN=2=0.2730;SN=3-4=0.3547;SN=5-8=0.3681;SN=9-12=0.3543;SN>=13=0.3385,0.37723992933713324,
62,v11+v11plus+v14_seed1+v16_avg3,4,THR,"0.166,0.217,0.287,0.331","0.307,0.021,0.462,0.211","0.018,0.057,0.748,0.177",0.5,0.5,0.4119205980741073,0.2294165496754837,0.6131492116690753,0.3791647014336515,0.09763418706651561,SN=2=0.2733;SN=3-4=0.3505;SN=5-8=0.3709;SN=9-12=0.3590;SN>=13=0.3448,0.37720900704604526,
63,v11+v11plus+v13+v14_avg3+v16_avg3,5,TEMP,"0.141,0.214,0.334,0.112,0.200","0.096,0.085,0.171,0.166,0.481","0.022,0.003,0.299,0.586,0.090",0.5,0.5,0.4069756067134605,0.22848814887655639,0.6143736064799055,0.37706022353198787,0.09237547276078872,SN=2=0.2749;SN=3-4=0.3488;SN=5-8=0.3673;SN=9-12=0.3508;SN>=13=0.3454,0.37706022353198787,
64,v11+v11plus+v13+v14_avg3+v16_avg3,5,NONE,"0.141,0.214,0.334,0.112,0.200","0.096,0.085,0.171,0.166,0.481","0.022,0.003,0.299,0.586,0.090",1.0,1.0,0.4069756067134605,0.22848814887655639,0.6143736064799055,0.37706022353198787,0.09237547276078872,SN=2=0.2749;SN=3-4=0.3488;SN=5-8=0.3673;SN=9-12=0.3508;SN>=13=0.3454,0.37706022353198787,
65,v11+v12_5f+v13+v14_seed1,4,THR,"0.188,0.294,0.329,0.189","0.369,0.009,0.209,0.413","0.003,0.359,0.283,0.356",0.5,0.5,0.4083327038114529,0.23190102172372812,0.6156751409315346,0.3792285184003794,0.09816999798342663,SN=2=0.2770;SN=3-4=0.3538;SN=5-8=0.3751;SN=9-12=0.3502;SN>=13=0.3432,0.37700491855431767,
66,v11+v11plus+v14_seed0+v16_avg3,4,THR,"0.282,0.159,0.354,0.204","0.136,0.103,0.223,0.538","0.000,0.019,0.429,0.552",0.5,0.5,0.4105024471701023,0.2316955435046876,0.6115632830629804,0.379191852882512,0.09812779802259841,SN=2=0.2749;SN=3-4=0.3501;SN=5-8=0.3730;SN=9-12=0.3538;SN>=13=0.3462,0.37698935301686437,
67,v11+v14_seed0+v16_avg3,3,THR,"0.349,0.292,0.359","0.278,0.323,0.400","0.027,0.416,0.557",0.5,0.5,0.4102823313558777,0.23199752000974785,0.6114154880524265,0.3791950381567355,0.09813708548839106,SN=2=0.2744;SN=3-4=0.3523;SN=5-8=0.3725;SN=9-12=0.3522;SN>=13=0.3468,0.37698789455819154,
68,v11+v11plus+v13+v14_seed2+v16_avg3,5,TEMP,"0.080,0.220,0.246,0.112,0.343","0.093,0.037,0.098,0.278,0.494","0.012,0.020,0.290,0.259,0.420",0.5,0.5,0.40744023429774395,0.2281376882332884,0.613776719388089,0.3769865128900307,0.09132589873466351,SN=2=0.2760;SN=3-4=0.3466;SN=5-8=0.3673;SN=9-12=0.3497;SN>=13=0.3466,0.3769865128900307,
69,v11+v11plus+v13+v14_seed2+v16_avg3,5,NONE,"0.080,0.220,0.246,0.112,0.343","0.093,0.037,0.098,0.278,0.494","0.012,0.020,0.290,0.259,0.420",1.0,1.0,0.40744023429774395,0.2281376882332884,0.613776719388089,0.3769865128900307,0.09132589873466351,SN=2=0.2760;SN=3-4=0.3466;SN=5-8=0.3673;SN=9-12=0.3497;SN>=13=0.3466,0.3769865128900307,
70,v11+v11plus+v13+v14_seed0+v16_avg3,5,TEMP,"0.060,0.189,0.346,0.001,0.404","0.242,0.028,0.252,0.168,0.309","0.012,0.029,0.438,0.432,0.089",0.5,0.5,0.40715168474903446,0.22866197142247935,0.6132864551972201,0.37698275350804955,0.09250191147805176,SN=2=0.2759;SN=3-4=0.3471;SN=5-8=0.3684;SN=9-12=0.3511;SN>=13=0.3445,0.37698275350804955,
71,v11+v11plus+v13+v14_seed0+v16_avg3,5,NONE,"0.060,0.189,0.346,0.001,0.404","0.242,0.028,0.252,0.168,0.309","0.012,0.029,0.438,0.432,0.089",1.0,1.0,0.40715168474903446,0.22866197142247935,0.6132864551972201,0.37698275350804955,0.09250191147805176,SN=2=0.2759;SN=3-4=0.3471;SN=5-8=0.3684;SN=9-12=0.3511;SN>=13=0.3445,0.37698275350804955,
72,v11plus+v13+v14_avg3,3,THR,"0.304,0.283,0.413","0.122,0.235,0.643","0.047,0.264,0.690",0.5,0.5,0.4080508369451748,0.23027992702045852,0.6146221927553536,0.3782567441373241,0.09637874783742406,SN=2=0.2733;SN=3-4=0.3503;SN=5-8=0.3697;SN=9-12=0.3509;SN>=13=0.3477,0.3769287693642636,
73,v11+v11plus+v12_5f+v13+v14_avg3+v16_avg3,6,TEMP,"0.062,0.249,0.039,0.257,0.027,0.365","0.098,0.038,0.022,0.081,0.424,0.337","0.013,0.031,0.489,0.371,0.040,0.057",0.5,0.5,0.40665326045328953,0.2280143614366325,0.6152393280334157,0.376914914362652,0.08682561143642131,SN=2=0.2780;SN=3-4=0.3465;SN=5-8=0.3648;SN=9-12=0.3471;SN>=13=0.3440,0.376914914362652,
74,v11+v11plus+v12_5f+v13+v14_avg3+v16_avg3,6,NONE,"0.062,0.249,0.039,0.257,0.027,0.365","0.098,0.038,0.022,0.081,0.424,0.337","0.013,0.031,0.489,0.371,0.040,0.057",1.0,1.0,0.40665326045328953,0.2280143614366325,0.6152393280334157,0.376914914362652,0.08682561143642131,SN=2=0.2780;SN=3-4=0.3465;SN=5-8=0.3648;SN=9-12=0.3471;SN>=13=0.3440,0.376914914362652,
75,v11+v11plus+v12_5f+v13+v14_seed1+v16_avg3,6,TEMP,"0.029,0.256,0.044,0.357,0.034,0.280","0.197,0.033,0.010,0.178,0.082,0.500","0.003,0.052,0.448,0.310,0.111,0.076",0.5,0.5,0.40672886886772275,0.22779079973724564,0.6154523527149853,0.3768983379849844,0.09359675962831049,SN=2=0.2756;SN=3-4=0.3496;SN=5-8=0.3692;SN=9-12=0.3479;SN>=13=0.3452,0.3768983379849844,
76,v11+v11plus+v12_5f+v13+v14_seed1+v16_avg3,6,NONE,"0.029,0.256,0.044,0.357,0.034,0.280","0.197,0.033,0.010,0.178,0.082,0.500","0.003,0.052,0.448,0.310,0.111,0.076",1.0,1.0,0.40672886886772275,0.22779079973724564,0.6154523527149853,0.3768983379849844,0.09359675962831049,SN=2=0.2756;SN=3-4=0.3496;SN=5-8=0.3692;SN=9-12=0.3479;SN>=13=0.3452,0.3768983379849844,
77,v11+v11plus+v14_seed2+v16_avg3,4,THR,"0.187,0.217,0.285,0.311","0.130,0.138,0.473,0.259","0.004,0.042,0.494,0.460",0.5,0.5,0.41132613804189355,0.2336360126620564,0.6119040179338749,0.380365663868355,0.10065970828919468,SN=2=0.2748;SN=3-4=0.3525;SN=5-8=0.3754;SN=9-12=0.3565;SN>=13=0.3450,0.37689720886940925,
78,v11plus+v12_5f+v13+v14_avg3+v16_avg3,5,TEMP,"0.235,0.060,0.320,0.008,0.378","0.046,0.024,0.204,0.106,0.620","0.042,0.412,0.274,0.230,0.042",0.5,0.5,0.4060719008537308,0.22823350266089504,0.6155809886394052,0.3768383591337314,0.08426635273740335,SN=2=0.2799;SN=3-4=0.3460;SN=5-8=0.3641;SN=9-12=0.3459;SN>=13=0.3473,0.3768383591337314,
79,v11plus+v12_5f+v13+v14_avg3+v16_avg3,5,NONE,"0.235,0.060,0.320,0.008,0.378","0.046,0.024,0.204,0.106,0.620","0.042,0.412,0.274,0.230,0.042",1.0,1.0,0.4060719008537308,0.22823350266089504,0.6155809886394052,0.3768383591337314,0.08426635273740335,SN=2=0.2799;SN=3-4=0.3460;SN=5-8=0.3641;SN=9-12=0.3459;SN>=13=0.3473,0.3768383591337314,
80,v11plus+v12_5f+v13+v14_avg3,4,THR,"0.289,0.007,0.287,0.416","0.271,0.015,0.216,0.497","0.040,0.329,0.184,0.447",0.5,0.5,0.40866995620724234,0.22975992717100394,0.6155091732130165,0.37847378799390186,0.09707211469152921,SN=2=0.2745;SN=3-4=0.3540;SN=5-8=0.3715;SN=9-12=0.3487;SN>=13=0.3425,0.3767991297937888,
81,v11+v11plus+v13+v14_seed1,4,THR,"0.051,0.216,0.364,0.369","0.376,0.014,0.278,0.333","0.010,0.017,0.330,0.643",0.5,0.5,0.4104971453295489,0.2269897816081246,0.6150282315540896,0.3780004170858873,0.0961451365068563,SN=2=0.2738;SN=3-4=0.3532;SN=5-8=0.3700;SN=9-12=0.3528;SN>=13=0.3440,0.3767892479781107,
82,v11+v13+v14_seed0+v16_avg3,4,TEMP,"0.201,0.377,0.015,0.407","0.257,0.113,0.185,0.445","0.034,0.337,0.224,0.405",0.5,0.5,0.4052154267708827,0.229969796068293,0.6133492851351485,0.37674394616269996,0.09212769017770078,SN=2=0.2759;SN=3-4=0.3492;SN=5-8=0.3680;SN=9-12=0.3532;SN>=13=0.3459,0.37674394616269996,
83,v11+v13+v14_seed0+v16_avg3,4,NONE,"0.201,0.377,0.015,0.407","0.257,0.113,0.185,0.445","0.034,0.337,0.224,0.405",1.0,1.0,0.4052154267708827,0.229969796068293,0.6133492851351485,0.37674394616269996,0.09212769017770078,SN=2=0.2759;SN=3-4=0.3492;SN=5-8=0.3680;SN=9-12=0.3532;SN>=13=0.3459,0.37674394616269996,
84,v11+v13+v14_seed1+v16_avg3,4,TEMP,"0.245,0.359,0.051,0.346","0.267,0.220,0.224,0.289","0.019,0.321,0.595,0.065",0.5,0.5,0.4054044147331538,0.2290464963916206,0.6147465193086493,0.3767296683116397,0.09096026910622168,SN=2=0.2761;SN=3-4=0.3496;SN=5-8=0.3671;SN=9-12=0.3517;SN>=13=0.3424,0.3767296683116397,
85,v11+v13+v14_seed1+v16_avg3,4,NONE,"0.245,0.359,0.051,0.346","0.267,0.220,0.224,0.289","0.019,0.321,0.595,0.065",1.0,1.0,0.4054044147331538,0.2290464963916206,0.6147465193086493,0.3767296683116397,0.09096026910622168,SN=2=0.2761;SN=3-4=0.3496;SN=5-8=0.3671;SN=9-12=0.3517;SN>=13=0.3424,0.3767296683116397,
86,v11+v13+v14_avg3+v16_avg3,4,TEMP,"0.259,0.410,0.024,0.307","0.142,0.159,0.161,0.538","0.009,0.292,0.638,0.061",0.5,0.5,0.40537428275358417,0.22919689183105763,0.6141997547491762,0.37666842078369195,0.09070814469555771,SN=2=0.2768;SN=3-4=0.3479;SN=5-8=0.3675;SN=9-12=0.3484;SN>=13=0.3479,0.37666842078369195,
87,v11+v13+v14_avg3+v16_avg3,4,NONE,"0.259,0.410,0.024,0.307","0.142,0.159,0.161,0.538","0.009,0.292,0.638,0.061",1.0,1.0,0.40537428275358417,0.22919689183105763,0.6141997547491762,0.37666842078369195,0.09070814469555771,SN=2=0.2768;SN=3-4=0.3479;SN=5-8=0.3675;SN=9-12=0.3484;SN>=13=0.3479,0.37666842078369195,
88,v11+v11plus+v12_5f+v13+v14_seed2,5,THR,"0.143,0.185,0.114,0.340,0.217","0.411,0.039,0.100,0.157,0.292","0.004,0.015,0.581,0.198,0.202",0.5,0.5,0.4113072698804686,0.22894837071042123,0.6149347224085793,0.37908920071807184,0.09873258640359117,SN=2=0.2736;SN=3-4=0.3561;SN=5-8=0.3724;SN=9-12=0.3546;SN>=13=0.3414,0.3765843066619278,
89,v11+v12_5f+v13+v16_avg3,4,TEMP,"0.247,0.003,0.430,0.321","0.219,0.161,0.108,0.512","0.032,0.362,0.345,0.261",0.5,0.5,0.40565125734479496,0.22813442699802572,0.6150032292808407,0.37651491959329647,0.09230402061159693,SN=2=0.2765;SN=3-4=0.3499;SN=5-8=0.3688;SN=9-12=0.3529;SN>=13=0.3444,0.37651491959329647,
90,v11+v12_5f+v13+v16_avg3,4,NONE,"0.247,0.003,0.430,0.321","0.219,0.161,0.108,0.512","0.032,0.362,0.345,0.261",1.0,1.0,0.40565125734479496,0.22813442699802572,0.6150032292808407,0.37651491959329647,0.09230402061159693,SN=2=0.2765;SN=3-4=0.3499;SN=5-8=0.3688;SN=9-12=0.3529;SN>=13=0.3444,0.37651491959329647,
91,v11+v13+v14_avg3,3,THR,"0.210,0.389,0.401","0.367,0.185,0.448","0.033,0.297,0.669",0.5,0.5,0.4087540296252155,0.2281634136316418,0.6143848997054968,0.3776439572438423,0.09608164260726776,SN=2=0.2731;SN=3-4=0.3545;SN=5-8=0.3691;SN=9-12=0.3498;SN>=13=0.3429,0.37646453508586,
92,v11plus+v13+v14_seed1,3,THR,"0.271,0.323,0.407","0.231,0.278,0.491","0.031,0.342,0.627",0.5,0.5,0.4099382507581388,0.22848778401795594,0.6150968448611345,0.3783897828826648,0.09757736875387052,SN=2=0.2726;SN=3-4=0.3540;SN=5-8=0.3702;SN=9-12=0.3501;SN>=13=0.3457,0.37646249765138107,
93,v11+v11plus+v16_avg3,3,THR,"0.267,0.153,0.580","0.106,0.106,0.787","0.002,0.048,0.950",0.5,0.5,0.4055946700270502,0.23034935021854355,0.6102666920532602,0.37643094650888953,0.09256849923212479,SN=2=0.2755;SN=3-4=0.3484;SN=5-8=0.3680;SN=9-12=0.3519;SN>=13=0.3410,0.37643094650888953,
94,v11+v12_5f+v13+v14_seed0+v16_avg3,5,TEMP,"0.308,0.056,0.384,0.009,0.244","0.258,0.013,0.046,0.324,0.359","0.018,0.440,0.282,0.033,0.227",0.5,0.5,0.4050795250360137,0.22838180559975232,0.6150616611519918,0.3763968644847048,0.09167518040126776,SN=2=0.2759;SN=3-4=0.3490;SN=5-8=0.3676;SN=9-12=0.3526;SN>=13=0.3450,0.3763968644847048,
95,v11+v12_5f+v13+v14_seed0+v16_avg3,5,NONE,"0.308,0.056,0.384,0.009,0.244","0.258,0.013,0.046,0.324,0.359","0.018,0.440,0.282,0.033,0.227",1.0,1.0,0.4050795250360137,0.22838180559975232,0.6150616611519918,0.3763968644847048,0.09167518040126776,SN=2=0.2759;SN=3-4=0.3490;SN=5-8=0.3676;SN=9-12=0.3526;SN>=13=0.3450,0.3763968644847048,
96,v11plus+v12_5f+v13+v14_seed0+v16_avg3,5,TEMP,"0.289,0.065,0.274,0.050,0.322","0.101,0.142,0.104,0.078,0.575","0.026,0.400,0.272,0.087,0.214",0.5,0.5,0.40588966360972584,0.22743810432613057,0.6152967475365084,0.3763904566816443,0.08758956306968807,SN=2=0.2783;SN=3-4=0.3449;SN=5-8=0.3659;SN=9-12=0.3484;SN>=13=0.3459,0.3763904566816443,
97,v11plus+v12_5f+v13+v14_seed0+v16_avg3,5,NONE,"0.289,0.065,0.274,0.050,0.322","0.101,0.142,0.104,0.078,0.575","0.026,0.400,0.272,0.087,0.214",1.0,1.0,0.40588966360972584,0.22743810432613057,0.6152967475365084,0.3763904566816443,0.08758956306968807,SN=2=0.2783;SN=3-4=0.3449;SN=5-8=0.3659;SN=9-12=0.3484;SN>=13=0.3459,0.3763904566816443,
98,v11plus+v13+v14_seed2,3,THR,"0.269,0.331,0.400","0.271,0.235,0.494","0.043,0.403,0.554",0.5,0.5,0.41001283874508837,0.22997845565631203,0.6136265155686136,0.3787218208742829,0.09838822444248296,SN=2=0.2742;SN=3-4=0.3541;SN=5-8=0.3725;SN=9-12=0.3489;SN>=13=0.3430,0.376389107798693,
99,v11+v12_5f+v13+v14_seed1+v16_avg3,5,TEMP,"0.245,0.051,0.347,0.026,0.331","0.165,0.016,0.089,0.232,0.499","0.048,0.290,0.262,0.330,0.070",0.5,0.5,0.40530397756619446,0.22788580921256013,0.6155629995108158,0.376388514613665,0.09141480055746548,SN=2=0.2769;SN=3-4=0.3486;SN=5-8=0.3683;SN=9-12=0.3486;SN>=13=0.3436,0.376388514613665,
100,v11+v12_5f+v13+v14_seed1+v16_avg3,5,NONE,"0.245,0.051,0.347,0.026,0.331","0.165,0.016,0.089,0.232,0.499","0.048,0.290,0.262,0.330,0.070",1.0,1.0,0.40530397756619446,0.22788580921256013,0.6155629995108158,0.376388514613665,0.09141480055746548,SN=2=0.2769;SN=3-4=0.3486;SN=5-8=0.3683;SN=9-12=0.3486;SN>=13=0.3436,0.376388514613665,
101,v11+v13+v14_seed2+v16_avg3,4,TEMP,"0.223,0.366,0.034,0.377","0.281,0.246,0.182,0.291","0.036,0.405,0.348,0.211",0.5,0.5,0.40537462199283375,0.22884497478156982,0.6134934539373754,0.3763865294972365,0.0902854492118858,SN=2=0.2766;SN=3-4=0.3485;SN=5-8=0.3668;SN=9-12=0.3518;SN>=13=0.3408,0.3763865294972365,
102,v11+v13+v14_seed2+v16_avg3,4,NONE,"0.223,0.366,0.034,0.377","0.281,0.246,0.182,0.291","0.036,0.405,0.348,0.211",1.0,1.0,0.40537462199283375,0.22884497478156982,0.6134934539373754,0.3763865294972365,0.0902854492118858,SN=2=0.2766;SN=3-4=0.3485;SN=5-8=0.3668;SN=9-12=0.3518;SN>=13=0.3408,0.3763865294972365,
103,v11+v12_5f+v13+v14_avg3+v16_avg3,5,TEMP,"0.225,0.023,0.398,0.042,0.312","0.245,0.066,0.136,0.120,0.433","0.030,0.371,0.255,0.327,0.018",0.5,0.5,0.40528639034052627,0.22861529459483476,0.6154384229595399,0.3766483585660524,0.09425016865151364,SN=2=0.2758;SN=3-4=0.3500;SN=5-8=0.3701;SN=9-12=0.3523;SN>=13=0.3448,0.37638467338594717,
104,v11+v12_5f+v13+v14_avg3+v16_avg3,5,NONE,"0.225,0.023,0.398,0.042,0.312","0.245,0.066,0.136,0.120,0.433","0.030,0.371,0.255,0.327,0.018",1.0,1.0,0.40528639034052627,0.22861529459483476,0.6154384229595399,0.3766483585660524,0.09425016865151364,SN=2=0.2758;SN=3-4=0.3500;SN=5-8=0.3701;SN=9-12=0.3523;SN>=13=0.3448,0.37638467338594717,
105,v11+v11plus+v12_5f+v13+v14_seed0+v16_avg3,6,TEMP,"0.211,0.140,0.071,0.384,0.041,0.153","0.122,0.032,0.112,0.113,0.065,0.557","0.033,0.026,0.266,0.331,0.009,0.335",0.5,0.5,0.4048950023995914,0.22844039949359246,0.6149587519174102,0.3763259111407556,0.09312455362348349,SN=2=0.2751;SN=3-4=0.3486;SN=5-8=0.3682;SN=9-12=0.3489;SN>=13=0.3440,0.3763259111407556,
106,v11+v11plus+v12_5f+v13+v14_seed0+v16_avg3,6,NONE,"0.211,0.140,0.071,0.384,0.041,0.153","0.122,0.032,0.112,0.113,0.065,0.557","0.033,0.026,0.266,0.331,0.009,0.335",1.0,1.0,0.4048950023995914,0.22844039949359246,0.6149587519174102,0.3763259111407556,0.09312455362348349,SN=2=0.2751;SN=3-4=0.3486;SN=5-8=0.3682;SN=9-12=0.3489;SN>=13=0.3440,0.3763259111407556,
107,v11plus+v12_5f+v13+v14_seed2+v16_avg3,5,TEMP,"0.217,0.015,0.313,0.107,0.348","0.058,0.002,0.028,0.294,0.618","0.018,0.460,0.364,0.087,0.070",0.5,0.5,0.40563512943909147,0.22754632147602286,0.6152425726441655,0.3763210948948788,0.08818466461303742,SN=2=0.2776;SN=3-4=0.3467;SN=5-8=0.3658;SN=9-12=0.3476;SN>=13=0.3485,0.3763210948948788,
108,v11plus+v12_5f+v13+v14_seed2+v16_avg3,5,NONE,"0.217,0.015,0.313,0.107,0.348","0.058,0.002,0.028,0.294,0.618","0.018,0.460,0.364,0.087,0.070",1.0,1.0,0.40563512943909147,0.22754632147602286,0.6152425726441655,0.3763210948948788,0.08818466461303742,SN=2=0.2776;SN=3-4=0.3467;SN=5-8=0.3658;SN=9-12=0.3476;SN>=13=0.3485,0.3763210948948788,
109,v11+v11plus+v13+v16_avg3,4,TEMP,"0.124,0.187,0.352,0.337","0.288,0.022,0.234,0.457","0.001,0.045,0.373,0.581",0.5,0.5,0.4083651140650383,0.22704296339806235,0.6132280282765241,0.3768088366405451,0.09470072858060224,SN=2=0.2747;SN=3-4=0.3493;SN=5-8=0.3694;SN=9-12=0.3513;SN>=13=0.3445,0.3763198714958955,
110,v11+v11plus+v13+v16_avg3,4,NONE,"0.124,0.187,0.352,0.337","0.288,0.022,0.234,0.457","0.001,0.045,0.373,0.581",1.0,1.0,0.4083651140650383,0.22704296339806235,0.6132280282765241,0.3768088366405451,0.09470072858060224,SN=2=0.2747;SN=3-4=0.3493;SN=5-8=0.3694;SN=9-12=0.3513;SN>=13=0.3445,0.3763198714958955,
111,v11plus+v13+v14_seed1+v16_avg3,4,TEMP,"0.271,0.293,0.051,0.385","0.060,0.176,0.151,0.614","0.024,0.361,0.606,0.008",0.5,0.5,0.4053925768436434,0.22776832284044865,0.6150049458511306,0.37626534904386294,0.08484661898965207,SN=2=0.2787;SN=3-4=0.3447;SN=5-8=0.3635;SN=9-12=0.3474;SN>=13=0.3466,0.37626534904386294,
112,v11plus+v13+v14_seed1+v16_avg3,4,NONE,"0.271,0.293,0.051,0.385","0.060,0.176,0.151,0.614","0.024,0.361,0.606,0.008",1.0,1.0,0.4053925768436434,0.22776832284044865,0.6150049458511306,0.37626534904386294,0.08484661898965207,SN=2=0.2787;SN=3-4=0.3447;SN=5-8=0.3635;SN=9-12=0.3474;SN>=13=0.3466,0.37626534904386294,
113,v11plus+v13+v14_avg3+v16_avg3,4,TEMP,"0.182,0.365,0.085,0.367","0.042,0.132,0.215,0.611","0.028,0.283,0.647,0.041",0.5,0.5,0.40477443210489455,0.22834710460399815,0.6146083232304447,0.37617027932964603,0.08903808997895502,SN=2=0.2770;SN=3-4=0.3463;SN=5-8=0.3660;SN=9-12=0.3459;SN>=13=0.3498,0.37617027932964603,
114,v11plus+v13+v14_avg3+v16_avg3,4,NONE,"0.182,0.365,0.085,0.367","0.042,0.132,0.215,0.611","0.028,0.283,0.647,0.041",1.0,1.0,0.40477443210489455,0.22834710460399815,0.6146083232304447,0.37617027932964603,0.08903808997895502,SN=2=0.2770;SN=3-4=0.3463;SN=5-8=0.3660;SN=9-12=0.3459;SN>=13=0.3498,0.37617027932964603,
115,v11plus+v12_5f+v13+v16_avg3,4,TEMP,"0.253,0.127,0.252,0.368","0.099,0.105,0.171,0.624","0.037,0.411,0.260,0.292",0.5,0.5,0.4055809842430605,0.2271188347009599,0.6152179103021637,0.3761235096380409,0.08751790951554661,SN=2=0.2785;SN=3-4=0.3456;SN=5-8=0.3660;SN=9-12=0.3458;SN>=13=0.3469,0.3761235096380409,
116,v11plus+v12_5f+v13+v16_avg3,4,NONE,"0.253,0.127,0.252,0.368","0.099,0.105,0.171,0.624","0.037,0.411,0.260,0.292",1.0,1.0,0.4055809842430605,0.2271188347009599,0.6152179103021637,0.3761235096380409,0.08751790951554661,SN=2=0.2785;SN=3-4=0.3456;SN=5-8=0.3660;SN=9-12=0.3458;SN>=13=0.3469,0.3761235096380409,
117,v11+v13+v16_avg3,3,TEMP,"0.222,0.377,0.401","0.277,0.277,0.446","0.017,0.354,0.629",0.5,0.5,0.40655391525237,0.2271570173007945,0.6128810347928279,0.3760605799798314,0.09251843131512816,SN=2=0.2756;SN=3-4=0.3479;SN=5-8=0.3681;SN=9-12=0.3514;SN>=13=0.3439,0.3760605799798314,
118,v11+v13+v16_avg3,3,NONE,"0.222,0.377,0.401","0.277,0.277,0.446","0.017,0.354,0.629",1.0,1.0,0.40655391525237,0.2271570173007945,0.6128810347928279,0.3760605799798314,0.09251843131512816,SN=2=0.2756;SN=3-4=0.3479;SN=5-8=0.3681;SN=9-12=0.3514;SN>=13=0.3439,0.3760605799798314,
119,v11+v13+v14_seed2,3,THR,"0.217,0.307,0.476","0.349,0.247,0.405","0.039,0.369,0.592",0.5,0.5,0.408986198627581,0.22838609844837382,0.6132858112255252,0.377606081075487,0.09701602958057282,SN=2=0.2715;SN=3-4=0.3547;SN=5-8=0.3685;SN=9-12=0.3514;SN>=13=0.3396,0.3759594654308521,
120,v11plus+v13+v14_seed2+v16_avg3,4,TEMP,"0.294,0.259,0.121,0.326","0.070,0.051,0.265,0.614","0.024,0.335,0.268,0.373",0.5,0.5,0.40516286638860544,0.2278175924142361,0.6137684797681899,0.37594587947477465,0.08869915594406608,SN=2=0.2764;SN=3-4=0.3452;SN=5-8=0.3651;SN=9-12=0.3483;SN>=13=0.3474,0.37594587947477465,
121,v11plus+v13+v14_seed2+v16_avg3,4,NONE,"0.294,0.259,0.121,0.326","0.070,0.051,0.265,0.614","0.024,0.335,0.268,0.373",1.0,1.0,0.40516286638860544,0.2278175924142361,0.6137684797681899,0.37594587947477465,0.08869915594406608,SN=2=0.2764;SN=3-4=0.3452;SN=5-8=0.3651;SN=9-12=0.3483;SN>=13=0.3474,0.37594587947477465,
122,v11+v12_5f+v13+v14_seed2+v16_avg3,5,TEMP,"0.212,0.067,0.317,0.005,0.399","0.297,0.118,0.134,0.018,0.433","0.018,0.365,0.226,0.242,0.148",0.5,0.5,0.40458532046552226,0.2277482613629657,0.6150488122458997,0.3759431951805751,0.09311633741025904,SN=2=0.2755;SN=3-4=0.3482;SN=5-8=0.3686;SN=9-12=0.3504;SN>=13=0.3431,0.3759431951805751,
123,v11+v12_5f+v13+v14_seed2+v16_avg3,5,NONE,"0.212,0.067,0.317,0.005,0.399","0.297,0.118,0.134,0.018,0.433","0.018,0.365,0.226,0.242,0.148",1.0,1.0,0.40458532046552226,0.2277482613629657,0.6150488122458997,0.3759431951805751,0.09311633741025904,SN=2=0.2755;SN=3-4=0.3482;SN=5-8=0.3686;SN=9-12=0.3504;SN>=13=0.3431,0.3759431951805751,
124,v11plus+v12_5f+v13+v14_seed1,4,THR,"0.285,0.248,0.335,0.132","0.285,0.008,0.228,0.480","0.044,0.278,0.270,0.408",0.5,0.5,0.4088355244739681,0.22928916420895865,0.6160102091815443,0.3784519173094795,0.09874159381986697,SN=2=0.2742;SN=3-4=0.3538;SN=5-8=0.3729;SN=9-12=0.3499;SN>=13=0.3437,0.37594251954519764,
125,v11+v12_5f+v13+v14_seed0,4,THR,"0.259,0.411,0.296,0.035","0.397,0.065,0.216,0.321","0.032,0.420,0.293,0.255",0.5,0.5,0.4081504721350419,0.22801994705003525,0.6149807645283446,0.3774643205796998,0.09711903008937472,SN=2=0.2724;SN=3-4=0.3537;SN=5-8=0.3696;SN=9-12=0.3514;SN>=13=0.3431,0.375766204680664,
126,v11+v11plus+v12_5f+v13,4,THR,"0.229,0.166,0.264,0.341","0.386,0.089,0.173,0.352","0.033,0.004,0.686,0.277",0.5,0.5,0.41037124833585603,0.22756064214215269,0.6144997267480823,0.37807270154081996,0.09863983194075682,SN=2=0.2744;SN=3-4=0.3505;SN=5-8=0.3730;SN=9-12=0.3538;SN>=13=0.3402,0.3756141847160931,
127,v11plus+v13+v14_seed0+v16_avg3,4,TEMP,"0.294,0.326,0.126,0.254","0.078,0.097,0.259,0.567","0.040,0.353,0.117,0.490",0.5,0.5,0.40444392549559527,0.227799549864128,0.6135239351267552,0.3756021771692404,0.09029848524483686,SN=2=0.2757;SN=3-4=0.3456;SN=5-8=0.3660;SN=9-12=0.3479;SN>=13=0.3480,0.3756021771692404,
128,v11plus+v13+v14_seed0+v16_avg3,4,NONE,"0.294,0.326,0.126,0.254","0.078,0.097,0.259,0.567","0.040,0.353,0.117,0.490",1.0,1.0,0.40444392549559527,0.227799549864128,0.6135239351267552,0.3756021771692404,0.09029848524483686,SN=2=0.2757;SN=3-4=0.3456;SN=5-8=0.3660;SN=9-12=0.3479;SN>=13=0.3480,0.3756021771692404,
129,v11+v11plus+v13+v14_seed2,4,THR,"0.144,0.218,0.367,0.271","0.283,0.074,0.277,0.365","0.029,0.031,0.380,0.560",0.5,0.5,0.4098690006965119,0.22986677022972266,0.613651080964204,0.3786245245633347,0.09984521497319437,SN=2=0.2737;SN=3-4=0.3528;SN=5-8=0.3735;SN=9-12=0.3546;SN>=13=0.3407,0.37556331622238903,
130,v11plus+v12_5f+v13+v14_seed1+v16_avg3,5,TEMP,"0.175,0.065,0.329,0.058,0.373","0.132,0.040,0.088,0.209,0.531","0.041,0.316,0.375,0.245,0.023",0.5,0.5,0.403935807937092,0.2268880564909011,0.6158305497419612,0.3754956557195895,0.0923800998540747,SN=2=0.2756;SN=3-4=0.3472;SN=5-8=0.3679;SN=9-12=0.3456;SN>=13=0.3469,0.3754956557195895,
131,v11plus+v12_5f+v13+v14_seed1+v16_avg3,5,NONE,"0.175,0.065,0.329,0.058,0.373","0.132,0.040,0.088,0.209,0.531","0.041,0.316,0.375,0.245,0.023",1.0,1.0,0.403935807937092,0.2268880564909011,0.6158305497419612,0.3754956557195895,0.0923800998540747,SN=2=0.2756;SN=3-4=0.3472;SN=5-8=0.3679;SN=9-12=0.3456;SN>=13=0.3469,0.3754956557195895,
132,v11+v12_5f+v14_seed2,3,THR,"0.273,0.607,0.120","0.411,0.132,0.457","0.017,0.529,0.454",0.5,0.5,0.40336371002909904,0.2297283095529135,0.6134213196191736,0.3759210717566397,0.094670797204494,SN=2=0.2718;SN=3-4=0.3523;SN=5-8=0.3664;SN=9-12=0.3533;SN>=13=0.3445,0.37544707230004426,
133,v11+v11plus+v12_5f+v13+v16_avg3,5,TEMP,"0.153,0.142,0.067,0.367,0.270","0.262,0.057,0.147,0.069,0.465","0.033,0.002,0.275,0.352,0.338",0.5,0.5,0.40850514506971236,0.22790113931260758,0.6148686998396792,0.37753625372086386,0.09792239567582761,SN=2=0.2748;SN=3-4=0.3510;SN=5-8=0.3727;SN=9-12=0.3526;SN>=13=0.3455,0.3754364550286016,
134,v11+v11plus+v12_5f+v13+v16_avg3,5,NONE,"0.153,0.142,0.067,0.367,0.270","0.262,0.057,0.147,0.069,0.465","0.033,0.002,0.275,0.352,0.338",1.0,1.0,0.40850514506971236,0.22790113931260758,0.6148686998396792,0.37753625372086386,0.09792239567582761,SN=2=0.2748;SN=3-4=0.3510;SN=5-8=0.3727;SN=9-12=0.3526;SN>=13=0.3455,0.3754364550286016,
135,v11+v11plus+v13+v14_seed0,4,THR,"0.255,0.090,0.360,0.294","0.334,0.052,0.243,0.370","0.038,0.001,0.470,0.491",0.5,0.5,0.4106068564505502,0.2301052977747385,0.6126725335895636,0.3788193684080282,0.10068257765457006,SN=2=0.2730;SN=3-4=0.3513;SN=5-8=0.3737;SN=9-12=0.3567;SN>=13=0.3443,0.3753394787263947,
136,v11+v11plus+v12_5f+v14_seed1+v16_avg3,5,TEMP,"0.164,0.210,0.109,0.257,0.260","0.271,0.016,0.105,0.188,0.420","0.036,0.026,0.361,0.280,0.297",0.5,0.5,0.4026661908783738,0.22852184449801446,0.614144964350255,0.3753042070206063,0.09179894978010272,SN=2=0.2754;SN=3-4=0.3458;SN=5-8=0.3672;SN=9-12=0.3556;SN>=13=0.3433,0.3753042070206063,
137,v11+v11plus+v12_5f+v14_seed1+v16_avg3,5,NONE,"0.164,0.210,0.109,0.257,0.260","0.271,0.016,0.105,0.188,0.420","0.036,0.026,0.361,0.280,0.297",1.0,1.0,0.4026661908783738,0.22852184449801446,0.614144964350255,0.3753042070206063,0.09179894978010272,SN=2=0.2754;SN=3-4=0.3458;SN=5-8=0.3672;SN=9-12=0.3556;SN>=13=0.3433,0.3753042070206063,
138,v11+v11plus+v12_5f+v14_avg3+v16_avg3,5,TEMP,"0.190,0.149,0.252,0.134,0.275","0.177,0.056,0.119,0.183,0.466","0.026,0.004,0.249,0.556,0.165",0.5,0.5,0.4028499470985981,0.2281527147217662,0.614000226245697,0.3752011099772851,0.0914136005850722,SN=2=0.2749;SN=3-4=0.3452;SN=5-8=0.3663;SN=9-12=0.3509;SN>=13=0.3459,0.3752011099772851,
139,v11+v11plus+v12_5f+v14_avg3+v16_avg3,5,NONE,"0.190,0.149,0.252,0.134,0.275","0.177,0.056,0.119,0.183,0.466","0.026,0.004,0.249,0.556,0.165",1.0,1.0,0.4028499470985981,0.2281527147217662,0.614000226245697,0.3752011099772851,0.0914136005850722,SN=2=0.2749;SN=3-4=0.3452;SN=5-8=0.3663;SN=9-12=0.3509;SN>=13=0.3459,0.3752011099772851,
140,v11plus+v13+v16_avg3,3,TEMP,"0.223,0.401,0.376","0.097,0.252,0.651","0.028,0.362,0.611",0.5,0.5,0.40554022606561174,0.2257901039065679,0.6132032285593944,0.37517277770075075,0.08502165610691126,SN=2=0.2780;SN=3-4=0.3454;SN=5-8=0.3630;SN=9-12=0.3459;SN>=13=0.3489,0.37517277770075075,
141,v11plus+v13+v16_avg3,3,NONE,"0.223,0.401,0.376","0.097,0.252,0.651","0.028,0.362,0.611",1.0,1.0,0.40554022606561174,0.2257901039065679,0.6132032285593944,0.37517277770075075,0.08502165610691126,SN=2=0.2780;SN=3-4=0.3454;SN=5-8=0.3630;SN=9-12=0.3459;SN>=13=0.3489,0.37517277770075075,
142,v11+v11plus+v12_5f+v13+v14_avg3,5,THR,"0.193,0.152,0.064,0.380,0.212","0.339,0.076,0.033,0.159,0.393","0.038,0.003,0.277,0.411,0.271",0.5,0.5,0.4110680810876415,0.2304860417475286,0.6151425020830195,0.37965014955067194,0.10284224690299743,SN=2=0.2738;SN=3-4=0.3515;SN=5-8=0.3766;SN=9-12=0.3564;SN>=13=0.3434,0.37509042524482483,
143,v11+v11plus+v12_5f+v14_seed2+v16_avg3,5,TEMP,"0.189,0.142,0.263,0.093,0.314","0.299,0.020,0.181,0.100,0.399","0.031,0.024,0.406,0.396,0.144",0.5,0.5,0.4028883757081903,0.22747187898756902,0.6137019415268883,0.37488449018368136,0.09216956040044116,SN=2=0.2742;SN=3-4=0.3463;SN=5-8=0.3663;SN=9-12=0.3532;SN>=13=0.3433,0.37488449018368136,
144,v11+v11plus+v12_5f+v14_seed2+v16_avg3,5,NONE,"0.189,0.142,0.263,0.093,0.314","0.299,0.020,0.181,0.100,0.399","0.031,0.024,0.406,0.396,0.144",1.0,1.0,0.4028883757081903,0.22747187898756902,0.6137019415268883,0.37488449018368136,0.09216956040044116,SN=2=0.2742;SN=3-4=0.3463;SN=5-8=0.3663;SN=9-12=0.3532;SN>=13=0.3433,0.37488449018368136,
145,v11+v11plus+v12_5f+v13+v14_seed1,5,THR,"0.161,0.157,0.093,0.335,0.254","0.324,0.046,0.115,0.112,0.402","0.030,0.037,0.297,0.249,0.386",0.5,0.5,0.41073965521642236,0.2274414455045044,0.6158154537418127,0.3784355310367332,0.10091401843502679,SN=2=0.2731;SN=3-4=0.3520;SN=5-8=0.3740;SN=9-12=0.3562;SN>=13=0.3432,0.3748399209648714,
146,v11+v11plus+v12_5f+v14_seed0+v16_avg3,5,TEMP,"0.154,0.240,0.245,0.113,0.247","0.070,0.147,0.033,0.261,0.489","0.014,0.051,0.506,0.236,0.193",0.5,0.5,0.4025285588520044,0.22770734050289,0.6135115676524171,0.3747966732724412,0.09236853848314558,SN=2=0.2744;SN=3-4=0.3444;SN=5-8=0.3668;SN=9-12=0.3513;SN>=13=0.3448,0.3747966732724412,
147,v11+v11plus+v12_5f+v14_seed0+v16_avg3,5,NONE,"0.154,0.240,0.245,0.113,0.247","0.070,0.147,0.033,0.261,0.489","0.014,0.051,0.506,0.236,0.193",1.0,1.0,0.4025285588520044,0.22770734050289,0.6135115676524171,0.3747966732724412,0.09236853848314558,SN=2=0.2744;SN=3-4=0.3444;SN=5-8=0.3668;SN=9-12=0.3513;SN>=13=0.3448,0.3747966732724412,
148,v11+v11plus+v14_avg3+v16_avg3,4,TEMP,"0.217,0.196,0.290,0.298","0.103,0.047,0.322,0.528","0.008,0.043,0.739,0.210",0.5,0.5,0.4024894022767782,0.22742189653840628,0.6131141079922893,0.3745873411245316,0.08998087562517748,SN=2=0.2746;SN=3-4=0.3434;SN=5-8=0.3646;SN=9-12=0.3490;SN>=13=0.3471,0.3745873411245316,
149,v11+v11plus+v14_avg3+v16_avg3,4,NONE,"0.217,0.196,0.290,0.298","0.103,0.047,0.322,0.528","0.008,0.043,0.739,0.210",1.0,1.0,0.4024894022767782,0.22742189653840628,0.6131141079922893,0.3745873411245316,0.08998087562517748,SN=2=0.2746;SN=3-4=0.3434;SN=5-8=0.3646;SN=9-12=0.3490;SN>=13=0.3471,0.3745873411245316,
150,v11+v12_5f+v14_seed1,3,THR,"0.260,0.577,0.163","0.415,0.108,0.476","0.022,0.326,0.652",0.5,0.5,0.40280723362415277,0.22757169779557476,0.6143027254519079,0.37501211765827264,0.09465674982362282,SN=2=0.2713;SN=3-4=0.3506;SN=5-8=0.3660;SN=9-12=0.3496;SN>=13=0.3437,0.3745451418921128,
151,v11+v12_5f+v13,3,THR,"0.275,0.446,0.279","0.484,0.177,0.339","0.017,0.646,0.337",0.5,0.5,0.40823716814595273,0.22568789308945872,0.614606803853281,0.37649138526482084,0.09786038266020858,SN=2=0.2718;SN=3-4=0.3526;SN=5-8=0.3696;SN=9-12=0.3513;SN>=13=0.3390,0.3744225930803681,
152,v11+v11plus+v14_seed1+v16_avg3,4,TEMP,"0.166,0.217,0.287,0.331","0.307,0.021,0.462,0.211","0.018,0.057,0.748,0.177",0.5,0.5,0.4028753525630703,0.2265992782582079,0.6131492116690753,0.37441969466232633,0.09138630354857868,SN=2=0.2745;SN=3-4=0.3449;SN=5-8=0.3659;SN=9-12=0.3529;SN>=13=0.3420,0.37441969466232633,
153,v11+v11plus+v14_seed1+v16_avg3,4,NONE,"0.166,0.217,0.287,0.331","0.307,0.021,0.462,0.211","0.018,0.057,0.748,0.177",1.0,1.0,0.4028753525630703,0.2265992782582079,0.6131492116690753,0.37441969466232633,0.09138630354857868,SN=2=0.2745;SN=3-4=0.3449;SN=5-8=0.3659;SN=9-12=0.3529;SN>=13=0.3420,0.37441969466232633,
154,v11plus+v12_5f+v14_seed2+v16_avg3,4,TEMP,"0.261,0.331,0.029,0.380","0.107,0.002,0.328,0.563","0.023,0.430,0.290,0.257",0.5,0.5,0.400487887163609,0.22799971045091882,0.6137995517118726,0.3741549493881857,0.0872432817845214,SN=2=0.2757;SN=3-4=0.3448;SN=5-8=0.3629;SN=9-12=0.3472;SN>=13=0.3443,0.3741549493881857,
155,v11plus+v12_5f+v14_seed2+v16_avg3,4,NONE,"0.261,0.331,0.029,0.380","0.107,0.002,0.328,0.563","0.023,0.430,0.290,0.257",1.0,1.0,0.400487887163609,0.22799971045091882,0.6137995517118726,0.3741549493881857,0.0872432817845214,SN=2=0.2757;SN=3-4=0.3448;SN=5-8=0.3629;SN=9-12=0.3472;SN>=13=0.3443,0.3741549493881857,
156,v11+v11plus+v14_seed2+v16_avg3,4,TEMP,"0.187,0.217,0.285,0.311","0.130,0.138,0.473,0.259","0.004,0.042,0.494,0.460",0.5,0.5,0.4020895327476621,0.2273034049720093,0.6119040179338749,0.3741379786746436,0.0914401127425139,SN=2=0.2742;SN=3-4=0.3437;SN=5-8=0.3657;SN=9-12=0.3505;SN>=13=0.3431,0.3741379786746436,
157,v11+v11plus+v14_seed2+v16_avg3,4,NONE,"0.187,0.217,0.285,0.311","0.130,0.138,0.473,0.259","0.004,0.042,0.494,0.460",1.0,1.0,0.4020895327476621,0.2273034049720093,0.6119040179338749,0.3741379786746436,0.0914401127425139,SN=2=0.2742;SN=3-4=0.3437;SN=5-8=0.3657;SN=9-12=0.3505;SN>=13=0.3431,0.3741379786746436,
158,v11+v12_5f+v13+v14_seed2,4,THR,"0.207,0.379,0.320,0.094","0.464,0.062,0.204,0.270","0.011,0.429,0.338,0.222",0.5,0.5,0.40811601028281397,0.22618578130149505,0.6151072750573949,0.37674217164520263,0.09898615614093653,SN=2=0.2731;SN=3-4=0.3542;SN=5-8=0.3720;SN=9-12=0.3492;SN>=13=0.3396,0.37411049272038593,
159,v11+v11plus+v12_5f+v16_avg3,4,TEMP,"0.230,0.211,0.335,0.223","0.367,0.029,0.235,0.369","0.015,0.051,0.374,0.560",0.5,0.5,0.4021719065120309,0.22711596999584974,0.6131068151469192,0.3743365136325361,0.09422514702630047,SN=2=0.2725;SN=3-4=0.3458;SN=5-8=0.3667;SN=9-12=0.3538;SN>=13=0.3438,0.37408533926503745,
160,v11+v11plus+v12_5f+v16_avg3,4,NONE,"0.230,0.211,0.335,0.223","0.367,0.029,0.235,0.369","0.015,0.051,0.374,0.560",1.0,1.0,0.4021719065120309,0.22711596999584974,0.6131068151469192,0.3743365136325361,0.09422514702630047,SN=2=0.2725;SN=3-4=0.3458;SN=5-8=0.3667;SN=9-12=0.3538;SN>=13=0.3438,0.37408533926503745,
161,v11+v12_5f+v14_seed0,3,THR,"0.290,0.497,0.213","0.420,0.104,0.476","0.018,0.515,0.467",0.5,0.5,0.4038362006813007,0.229690565761143,0.6132950260850698,0.37606971179399146,0.09772712971397624,SN=2=0.2704;SN=3-4=0.3513;SN=5-8=0.3681;SN=9-12=0.3573;SN>=13=0.3489,0.3740675460826549,
162,v11+v12_5f+v14_seed1+v16_avg3,4,TEMP,"0.270,0.356,0.009,0.365","0.298,0.176,0.076,0.449","0.016,0.408,0.558,0.019",0.5,0.5,0.4000386795052067,0.22788821039407076,0.6143422226575543,0.37403920049122186,0.09267762713250383,SN=2=0.2736;SN=3-4=0.3475;SN=5-8=0.3663;SN=9-12=0.3507;SN>=13=0.3435,0.37403920049122186,
163,v11+v12_5f+v14_seed1+v16_avg3,4,NONE,"0.270,0.356,0.009,0.365","0.298,0.176,0.076,0.449","0.016,0.408,0.558,0.019",1.0,1.0,0.4000386795052067,0.22788821039407076,0.6143422226575543,0.37403920049122186,0.09267762713250383,SN=2=0.2736;SN=3-4=0.3475;SN=5-8=0.3663;SN=9-12=0.3507;SN>=13=0.3435,0.37403920049122186,
164,v11plus+v12_5f+v14_avg3+v16_avg3,4,TEMP,"0.279,0.195,0.166,0.360","0.103,0.017,0.301,0.580","0.028,0.392,0.462,0.118",0.5,0.5,0.4003887006704483,0.22742707829133338,0.6143165487725697,0.3739896213392266,0.08447875914573638,SN=2=0.2763;SN=3-4=0.3446;SN=5-8=0.3607;SN=9-12=0.3474;SN>=13=0.3449,0.3739896213392266,
165,v11plus+v12_5f+v14_avg3+v16_avg3,4,NONE,"0.279,0.195,0.166,0.360","0.103,0.017,0.301,0.580","0.028,0.392,0.462,0.118",1.0,1.0,0.4003887006704483,0.22742707829133338,0.6143165487725697,0.3739896213392266,0.08447875914573638,SN=2=0.2763;SN=3-4=0.3446;SN=5-8=0.3607;SN=9-12=0.3474;SN>=13=0.3449,0.3739896213392266,
166,v11+v12_5f+v14_avg3+v16_avg3,4,TEMP,"0.223,0.285,0.124,0.368","0.282,0.174,0.089,0.455","0.034,0.339,0.475,0.153",0.5,0.5,0.39975428624959586,0.2278041051806073,0.6140356442763789,0.3738304854273571,0.0931677847705985,SN=2=0.2728;SN=3-4=0.3460;SN=5-8=0.3660;SN=9-12=0.3503;SN>=13=0.3445,0.3738304854273571,
167,v11+v12_5f+v14_avg3+v16_avg3,4,NONE,"0.223,0.285,0.124,0.368","0.282,0.174,0.089,0.455","0.034,0.339,0.475,0.153",1.0,1.0,0.39975428624959586,0.2278041051806073,0.6140356442763789,0.3738304854273571,0.0931677847705985,SN=2=0.2728;SN=3-4=0.3460;SN=5-8=0.3660;SN=9-12=0.3503;SN>=13=0.3445,0.3738304854273571,
168,v11+v12_5f+v14_seed0+v16_avg3,4,TEMP,"0.262,0.299,0.087,0.352","0.299,0.093,0.195,0.413","0.012,0.377,0.247,0.364",0.5,0.5,0.3991995405570794,0.2283988164259744,0.6133914036067458,0.3737176235145707,0.09199080802784187,SN=2=0.2733;SN=3-4=0.3463;SN=5-8=0.3653;SN=9-12=0.3496;SN>=13=0.3443,0.3737176235145707,
169,v11+v12_5f+v14_seed0+v16_avg3,4,NONE,"0.262,0.299,0.087,0.352","0.299,0.093,0.195,0.413","0.012,0.377,0.247,0.364",1.0,1.0,0.3991995405570794,0.2283988164259744,0.6133914036067458,0.3737176235145707,0.09199080802784187,SN=2=0.2733;SN=3-4=0.3463;SN=5-8=0.3653;SN=9-12=0.3496;SN>=13=0.3443,0.3737176235145707,
170,v11plus+v12_5f+v14_seed1+v16_avg3,4,TEMP,"0.316,0.228,0.138,0.318","0.128,0.118,0.318,0.437","0.022,0.420,0.492,0.066",0.5,0.5,0.4003146380006168,0.22662281140030296,0.6145418856483958,0.37368335689004706,0.0874752135107002,SN=2=0.2749;SN=3-4=0.3452;SN=5-8=0.3623;SN=9-12=0.3469;SN>=13=0.3425,0.37368335689004706,
171,v11plus+v12_5f+v14_seed1+v16_avg3,4,NONE,"0.316,0.228,0.138,0.318","0.128,0.118,0.318,0.437","0.022,0.420,0.492,0.066",1.0,1.0,0.4003146380006168,0.22662281140030296,0.6145418856483958,0.37368335689004706,0.0874752135107002,SN=2=0.2749;SN=3-4=0.3452;SN=5-8=0.3623;SN=9-12=0.3469;SN>=13=0.3425,0.37368335689004706,
172,v11plus+v12_5f+v14_seed0+v16_avg3,4,TEMP,"0.278,0.216,0.191,0.316","0.133,0.100,0.279,0.487","0.029,0.513,0.250,0.208",0.5,0.5,0.40035633767397266,0.2269669385429784,0.6137270015554461,0.3736747107978697,0.08868458635054938,SN=2=0.2743;SN=3-4=0.3453;SN=5-8=0.3630;SN=9-12=0.3460;SN>=13=0.3450,0.3736747107978697,
173,v11plus+v12_5f+v14_seed0+v16_avg3,4,NONE,"0.278,0.216,0.191,0.316","0.133,0.100,0.279,0.487","0.029,0.513,0.250,0.208",1.0,1.0,0.40035633767397266,0.2269669385429784,0.6137270015554461,0.3736747107978697,0.08868458635054938,SN=2=0.2743;SN=3-4=0.3453;SN=5-8=0.3630;SN=9-12=0.3460;SN>=13=0.3450,0.3736747107978697,
174,v11+v12_5f+v16_avg3,3,TEMP,"0.282,0.378,0.340","0.317,0.235,0.448","0.020,0.479,0.501",0.5,0.5,0.40032340532014127,0.22719480088729754,0.6132186393259766,0.3736510103481709,0.09168196346140373,SN=2=0.2735;SN=3-4=0.3480;SN=5-8=0.3651;SN=9-12=0.3491;SN>=13=0.3426,0.3736510103481709,
175,v11+v12_5f+v16_avg3,3,NONE,"0.282,0.378,0.340","0.317,0.235,0.448","0.020,0.479,0.501",1.0,1.0,0.40032340532014127,0.22719480088729754,0.6132186393259766,0.3736510103481709,0.09168196346140373,SN=2=0.2735;SN=3-4=0.3480;SN=5-8=0.3651;SN=9-12=0.3491;SN>=13=0.3426,0.3736510103481709,
176,v11+v12_5f+v14_seed2+v16_avg3,4,TEMP,"0.282,0.255,0.096,0.368","0.282,0.078,0.243,0.398","0.033,0.528,0.300,0.139",0.5,0.5,0.39998182919179087,0.22723700458126048,0.613534513836667,0.373594436276554,0.09043883016488657,SN=2=0.2740;SN=3-4=0.3462;SN=5-8=0.3644;SN=9-12=0.3501;SN>=13=0.3427,0.373594436276554,
177,v11+v12_5f+v14_seed2+v16_avg3,4,NONE,"0.282,0.255,0.096,0.368","0.282,0.078,0.243,0.398","0.033,0.528,0.300,0.139",1.0,1.0,0.39998182919179087,0.22723700458126048,0.613534513836667,0.373594436276554,0.09043883016488657,SN=2=0.2740;SN=3-4=0.3462;SN=5-8=0.3644;SN=9-12=0.3501;SN>=13=0.3427,0.373594436276554,
178,v11+v11plus+v13+v14_seed1,4,TEMP,"0.051,0.216,0.364,0.369","0.376,0.014,0.278,0.333","0.010,0.017,0.330,0.643",0.5,0.5,0.400330147405244,0.22608032227540895,0.6150282315540896,0.3735698341830791,0.0933268031448879,SN=2=0.2727;SN=3-4=0.3480;SN=5-8=0.3660;SN=9-12=0.3501;SN>=13=0.3423,0.3735698341830791,
179,v11+v11plus+v13+v14_seed1,4,NONE,"0.051,0.216,0.364,0.369","0.376,0.014,0.278,0.333","0.010,0.017,0.330,0.643",1.0,1.0,0.400330147405244,0.22608032227540895,0.6150282315540896,0.3735698341830791,0.0933268031448879,SN=2=0.2727;SN=3-4=0.3480;SN=5-8=0.3660;SN=9-12=0.3501;SN>=13=0.3423,0.3735698341830791,
180,v11plus+v13+v14_seed0,3,THR,"0.275,0.357,0.368","0.271,0.101,0.628","0.035,0.387,0.578",0.5,0.5,0.40903830739173735,0.22804612275081043,0.6131166760408483,0.3774571072651888,0.10151118828896499,SN=2=0.2715;SN=3-4=0.3518;SN=5-8=0.3730;SN=9-12=0.3511;SN>=13=0.3491,0.37356291226635785,
181,v11+v14_avg3+v16_avg3,3,TEMP,"0.313,0.334,0.353","0.268,0.320,0.412","0.034,0.924,0.042",0.5,0.5,0.3991865403839136,0.22826934801828416,0.6128902372762348,0.37356040281612607,0.09107936453140614,SN=2=0.2744;SN=3-4=0.3451;SN=5-8=0.3655;SN=9-12=0.3521;SN>=13=0.3442,0.37356040281612607,
182,v11+v14_avg3+v16_avg3,3,NONE,"0.313,0.334,0.353","0.268,0.320,0.412","0.034,0.924,0.042",1.0,1.0,0.3991865403839136,0.22826934801828416,0.6128902372762348,0.37356040281612607,0.09107936453140614,SN=2=0.2744;SN=3-4=0.3451;SN=5-8=0.3655;SN=9-12=0.3521;SN>=13=0.3442,0.37356040281612607,
183,v11plus+v12_5f+v14_avg3,3,THR,"0.257,0.158,0.585","0.257,0.066,0.677","0.044,0.362,0.594",0.5,0.5,0.40237511559420913,0.22830218435999314,0.614376502083574,0.37514622039839574,0.09691095381516096,SN=2=0.2710;SN=3-4=0.3501;SN=5-8=0.3679;SN=9-12=0.3475;SN>=13=0.3454,0.37355214263646686,
184,v11+v12_5f+v13+v14_avg3,4,THR,"0.273,0.218,0.340,0.170","0.364,0.065,0.204,0.367","0.031,0.357,0.321,0.291",0.5,0.5,0.410245423176561,0.2262085451546192,0.6154355875864079,0.3776687048497536,0.10202766170854632,SN=2=0.2720;SN=3-4=0.3530;SN=5-8=0.3740;SN=9-12=0.3511;SN>=13=0.3414,0.373516273141132,
185,v11plus+v12_5f+v14_seed1,3,THR,"0.258,0.636,0.106","0.212,0.033,0.756","0.047,0.366,0.587",0.5,0.5,0.40249374979434227,0.22639890625775738,0.614553687120706,0.3744677998449811,0.09562984102539207,SN=2=0.2704;SN=3-4=0.3497;SN=5-8=0.3661;SN=9-12=0.3493;SN>=13=0.3459,0.3735142784779366,
186,v11plus+v12_5f+v13+v14_seed0,4,THR,"0.302,0.117,0.288,0.293","0.268,0.071,0.046,0.615","0.029,0.394,0.342,0.235",0.5,0.5,0.4086927104447768,0.22766587166203736,0.6152177646762774,0.37758698577798117,0.10191396238610578,SN=2=0.2711;SN=3-4=0.3532;SN=5-8=0.3730;SN=9-12=0.3502;SN>=13=0.3476,0.3734914037305799,
187,v11+v13+v14_seed0,3,THR,"0.268,0.397,0.336","0.365,0.117,0.518","0.038,0.406,0.556",0.5,0.5,0.4093757782610774,0.22585324917034916,0.6128179565070708,0.37665520227398475,0.10008363624185501,SN=2=0.2706;SN=3-4=0.3513;SN=5-8=0.3707;SN=9-12=0.3523;SN>=13=0.3438,0.3734747832987088,
188,v11plus+v14_seed1+v16_avg3,3,TEMP,"0.312,0.352,0.336","0.057,0.384,0.559","0.044,0.786,0.170",0.5,0.5,0.4004818215723379,0.22625844046987562,0.6132904675410411,0.37335419832509364,0.08523076791377665,SN=2=0.2749;SN=3-4=0.3427;SN=5-8=0.3601;SN=9-12=0.3485;SN>=13=0.3471,0.37335419832509364,
189,v11plus+v14_seed1+v16_avg3,3,NONE,"0.312,0.352,0.336","0.057,0.384,0.559","0.044,0.786,0.170",1.0,1.0,0.4004818215723379,0.22625844046987562,0.6132904675410411,0.37335419832509364,0.08523076791377665,SN=2=0.2749;SN=3-4=0.3427;SN=5-8=0.3601;SN=9-12=0.3485;SN>=13=0.3471,0.37335419832509364,
190,v11plus+v14_avg3+v16_avg3,3,TEMP,"0.279,0.365,0.356","0.089,0.362,0.549","0.041,0.811,0.149",0.5,0.5,0.39935584721307665,0.2273486941378285,0.6131521621402873,0.3733122489684196,0.08513455904017503,SN=2=0.2745;SN=3-4=0.3435;SN=5-8=0.3596;SN=9-12=0.3469;SN>=13=0.3464,0.3733122489684196,
191,v11plus+v14_avg3+v16_avg3,3,NONE,"0.279,0.365,0.356","0.089,0.362,0.549","0.041,0.811,0.149",1.0,1.0,0.39935584721307665,0.2273486941378285,0.6131521621402873,0.3733122489684196,0.08513455904017503,SN=2=0.2745;SN=3-4=0.3435;SN=5-8=0.3596;SN=9-12=0.3469;SN>=13=0.3464,0.3733122489684196,
192,v11+v14_seed1+v16_avg3,3,TEMP,"0.342,0.383,0.275","0.278,0.410,0.312","0.040,0.762,0.198",0.5,0.5,0.3995588521804994,0.22714912333175294,0.6129543126661472,0.37327405273813036,0.09272144168744617,SN=2=0.2739;SN=3-4=0.3449;SN=5-8=0.3666;SN=9-12=0.3526;SN>=13=0.3414,0.37327405273813036,
193,v11+v14_seed1+v16_avg3,3,NONE,"0.342,0.383,0.275","0.278,0.410,0.312","0.040,0.762,0.198",1.0,1.0,0.3995588521804994,0.22714912333175294,0.6129543126661472,0.37327405273813036,0.09272144168744617,SN=2=0.2739;SN=3-4=0.3449;SN=5-8=0.3666;SN=9-12=0.3526;SN>=13=0.3414,0.37327405273813036,
194,v11+v12_5f+v14_avg3,3,THR,"0.278,0.661,0.061","0.418,0.128,0.453","0.021,0.411,0.567",0.5,0.5,0.40287415931900533,0.22829645965778206,0.6141657261462126,0.37530139281995745,0.0977803308351306,SN=2=0.2697;SN=3-4=0.3508;SN=5-8=0.3675;SN=9-12=0.3533;SN>=13=0.3447,0.3732726265480437,
195,v11plus+v12_5f+v14_seed2,3,THR,"0.254,0.466,0.280","0.320,0.012,0.668","0.027,0.500,0.473",0.5,0.5,0.40269134394601785,0.2290242437865074,0.6136849948816254,0.3754232340693352,0.09808968387404976,SN=2=0.2714;SN=3-4=0.3518;SN=5-8=0.3695;SN=9-12=0.3484;SN>=13=0.3427,0.3732397912779619,
196,v11plus+v14_seed2+v16_avg3,3,TEMP,"0.276,0.393,0.331","0.113,0.323,0.564","0.034,0.470,0.495",0.5,0.5,0.3991289346565111,0.22798608302829523,0.6118688098849947,0.3732197690509215,0.0873984653841996,SN=2=0.2739;SN=3-4=0.3441;SN=5-8=0.3613;SN=9-12=0.3470;SN>=13=0.3464,0.3732197690509215,
197,v11plus+v14_seed2+v16_avg3,3,NONE,"0.276,0.393,0.331","0.113,0.323,0.564","0.034,0.470,0.495",1.0,1.0,0.3991289346565111,0.22798608302829523,0.6118688098849947,0.3732197690509215,0.0873984653841996,SN=2=0.2739;SN=3-4=0.3441;SN=5-8=0.3613;SN=9-12=0.3470;SN>=13=0.3464,0.3732197690509215,
198,v11+v13+v14_seed1,3,THR,"0.314,0.344,0.342","0.379,0.265,0.356","0.030,0.269,0.701",0.5,0.5,0.40958280656442986,0.22660442474634376,0.6147467734320087,0.37742424721071116,0.10213670186770585,SN=2=0.2710;SN=3-4=0.3529;SN=5-8=0.3731;SN=9-12=0.3541;SN>=13=0.3428,0.3732172954225098,
199,v11+v11plus+v14_seed0+v16_avg3,4,TEMP,"0.282,0.159,0.354,0.204","0.136,0.103,0.223,0.538","0.000,0.019,0.429,0.552",0.5,0.5,0.40206419180840497,0.22762112032734177,0.6115632830629804,0.37418678146689477,0.09567494556474343,SN=2=0.2733;SN=3-4=0.3447;SN=5-8=0.3690;SN=9-12=0.3519;SN>=13=0.3476,0.3732107078301746,
200,v11+v11plus+v14_seed0+v16_avg3,4,NONE,"0.282,0.159,0.354,0.204","0.136,0.103,0.223,0.538","0.000,0.019,0.429,0.552",1.0,1.0,0.40206419180840497,0.22762112032734177,0.6115632830629804,0.37418678146689477,0.09567494556474343,SN=2=0.2733;SN=3-4=0.3447;SN=5-8=0.3690;SN=9-12=0.3519;SN>=13=0.3476,0.3732107078301746,
201,v11+v11plus+v12_5f+v14_avg3,4,THR,"0.125,0.219,0.473,0.183","0.294,0.080,0.106,0.521","0.018,0.040,0.353,0.589",0.5,0.5,0.40525862093443693,0.22987657455376126,0.6143318077251969,0.37692043974031864,0.10123540165544237,SN=2=0.2714;SN=3-4=0.3504;SN=5-8=0.3726;SN=9-12=0.3551;SN>=13=0.3465,0.373164138058249,
202,v11+v14_seed2+v16_avg3,3,TEMP,"0.314,0.325,0.362","0.049,0.312,0.639","0.026,0.520,0.454",0.5,0.5,0.3988749696909427,0.2277608495106236,0.6115262478836474,0.372959577257356,0.08429915655831766,SN=2=0.2761;SN=3-4=0.3423;SN=5-8=0.3604;SN=9-12=0.3485;SN>=13=0.3460,0.372959577257356,
203,v11+v14_seed2+v16_avg3,3,NONE,"0.314,0.325,0.362","0.049,0.312,0.639","0.026,0.520,0.454",1.0,1.0,0.3988749696909427,0.2277608495106236,0.6115262478836474,0.372959577257356,0.08429915655831766,SN=2=0.2761;SN=3-4=0.3423;SN=5-8=0.3604;SN=9-12=0.3485;SN>=13=0.3460,0.372959577257356,
204,v11+v11plus+v14_avg3,3,THR,"0.215,0.247,0.539","0.320,0.081,0.599","0.027,0.031,0.942",0.5,0.5,0.40487670346414295,0.23085012293445645,0.6132136162642488,0.3769334538122895,0.10167978293534707,SN=2=0.2705;SN=3-4=0.3507;SN=5-8=0.3722;SN=9-12=0.3564;SN>=13=0.3446,0.3729549614902675,
205,v11plus+v12_5f+v16_avg3,3,TEMP,"0.277,0.316,0.407","0.092,0.272,0.636","0.034,0.431,0.535",0.5,0.5,0.40081372882202676,0.22483043168202207,0.6134367180096182,0.37294500780354317,0.08599879824745404,SN=2=0.2753;SN=3-4=0.3433;SN=5-8=0.3613;SN=9-12=0.3466;SN>=13=0.3438,0.37294500780354317,
206,v11plus+v12_5f+v16_avg3,3,NONE,"0.277,0.316,0.407","0.092,0.272,0.636","0.034,0.431,0.535",1.0,1.0,0.40081372882202676,0.22483043168202207,0.6134367180096182,0.37294500780354317,0.08599879824745404,SN=2=0.2753;SN=3-4=0.3433;SN=5-8=0.3613;SN=9-12=0.3466;SN>=13=0.3438,0.37294500780354317,
207,v11+v11plus+v12_5f+v13+v14_seed2,5,TEMP,"0.143,0.185,0.114,0.340,0.217","0.411,0.039,0.100,0.157,0.292","0.004,0.015,0.581,0.198,0.202",0.5,0.5,0.40004207581074414,0.22482880464184843,0.6149347224085793,0.37293529666275294,0.09330058137284508,SN=2=0.2714;SN=3-4=0.3482;SN=5-8=0.3647;SN=9-12=0.3500;SN>=13=0.3392,0.37293529666275294,
208,v11+v11plus+v12_5f+v13+v14_seed2,5,NONE,"0.143,0.185,0.114,0.340,0.217","0.411,0.039,0.100,0.157,0.292","0.004,0.015,0.581,0.198,0.202",1.0,1.0,0.40004207581074414,0.22482880464184843,0.6149347224085793,0.37293529666275294,0.09330058137284508,SN=2=0.2714;SN=3-4=0.3482;SN=5-8=0.3647;SN=9-12=0.3500;SN>=13=0.3392,0.37293529666275294,
209,v11+v14_seed0+v16_avg3,3,TEMP,"0.349,0.292,0.359","0.278,0.323,0.400","0.027,0.416,0.557",0.5,0.5,0.39882428602559433,0.2277982509835558,0.6114154880524265,0.37293211241414537,0.08973136794457026,SN=2=0.2736;SN=3-4=0.3446;SN=5-8=0.3634;SN=9-12=0.3514;SN>=13=0.3441,0.37293211241414537,
210,v11+v14_seed0+v16_avg3,3,NONE,"0.349,0.292,0.359","0.278,0.323,0.400","0.027,0.416,0.557",1.0,1.0,0.39882428602559433,0.2277982509835558,0.6114154880524265,0.37293211241414537,0.08973136794457026,SN=2=0.2736;SN=3-4=0.3446;SN=5-8=0.3634;SN=9-12=0.3514;SN>=13=0.3441,0.37293211241414537,
211,v11+v12_5f+v13+v14_seed1,4,TEMP,"0.188,0.294,0.329,0.189","0.369,0.009,0.209,0.413","0.003,0.359,0.283,0.356",0.5,0.5,0.3985654597374125,0.2255305701095792,0.6156751409315346,0.3727734401251036,0.09205109061493327,SN=2=0.2729;SN=3-4=0.3492;SN=5-8=0.3649;SN=9-12=0.3466;SN>=13=0.3402,0.3727734401251036,
212,v11+v12_5f+v13+v14_seed1,4,NONE,"0.188,0.294,0.329,0.189","0.369,0.009,0.209,0.413","0.003,0.359,0.283,0.356",1.0,1.0,0.3985654597374125,0.2255305701095792,0.6156751409315346,0.3727734401251036,0.09205109061493327,SN=2=0.2729;SN=3-4=0.3492;SN=5-8=0.3649;SN=9-12=0.3466;SN>=13=0.3402,0.3727734401251036,
213,v11+v11plus+v13,3,THR,"0.258,0.262,0.480","0.457,0.008,0.535","0.059,0.067,0.874",0.5,0.5,0.40533304989174357,0.22719986703862732,0.6067871397197424,0.37437059471609685,0.09699341537334144,SN=2=0.2689;SN=3-4=0.3472;SN=5-8=0.3659;SN=9-12=0.3547;SN>=13=0.3358,0.3727352861750777,
214,v11plus+v14_seed0+v16_avg3,3,TEMP,"0.303,0.345,0.352","0.143,0.312,0.545","0.035,0.392,0.574",0.5,0.5,0.39897482637737686,0.2270086527194594,0.611709426271698,0.3727352768930741,0.08962284967458617,SN=2=0.2728;SN=3-4=0.3436;SN=5-8=0.3624;SN=9-12=0.3500;SN>=13=0.3459,0.3727352768930741,
215,v11plus+v14_seed0+v16_avg3,3,NONE,"0.303,0.345,0.352","0.143,0.312,0.545","0.035,0.392,0.574",1.0,1.0,0.39897482637737686,0.2270086527194594,0.611709426271698,0.3727352768930741,0.08962284967458617,SN=2=0.2728;SN=3-4=0.3436;SN=5-8=0.3624;SN=9-12=0.3500;SN>=13=0.3459,0.3727352768930741,
216,v11+v11plus+v12_5f+v14_seed1,4,THR,"0.158,0.221,0.524,0.097","0.403,0.032,0.122,0.444","0.012,0.017,0.404,0.567",0.5,0.5,0.404706553955433,0.22758684401093876,0.6145788436831375,0.37583312792317625,0.09992038729388908,SN=2=0.2716;SN=3-4=0.3503;SN=5-8=0.3715;SN=9-12=0.3521;SN>=13=0.3443,0.3727343334218833,
217,v11+v11plus+v12_5f+v14_seed2,4,THR,"0.226,0.198,0.330,0.246","0.359,0.083,0.170,0.388","0.004,0.064,0.550,0.382",0.5,0.5,0.4044245361919125,0.2302913464772509,0.6134112425553737,0.3765686015787401,0.10139283088793044,SN=2=0.2709;SN=3-4=0.3489;SN=5-8=0.3723;SN=9-12=0.3546;SN>=13=0.3421,0.37273358528042644,
218,v11+v12_5f+v13+v14_avg3,4,TEMP,"0.273,0.218,0.340,0.170","0.364,0.065,0.204,0.367","0.031,0.357,0.321,0.291",0.5,0.5,0.3989351677046742,0.22513694646101948,0.6154355875864079,0.3727159631835591,0.09291325278709206,SN=2=0.2724;SN=3-4=0.3480;SN=5-8=0.3653;SN=9-12=0.3483;SN>=13=0.3410,0.3727159631835591,
219,v11+v12_5f+v13+v14_avg3,4,NONE,"0.273,0.218,0.340,0.170","0.364,0.065,0.204,0.367","0.031,0.357,0.321,0.291",1.0,1.0,0.3989351677046742,0.22513694646101948,0.6154355875864079,0.3727159631835591,0.09291325278709206,SN=2=0.2724;SN=3-4=0.3480;SN=5-8=0.3653;SN=9-12=0.3483;SN>=13=0.3410,0.3727159631835591,
220,v11+v12_5f+v13+v14_seed0,4,TEMP,"0.259,0.411,0.296,0.035","0.397,0.065,0.216,0.321","0.032,0.420,0.293,0.255",0.5,0.5,0.3984727100714727,0.225800009977643,0.6149807645283446,0.3727052409253152,0.09196176877381868,SN=2=0.2724;SN=3-4=0.3481;SN=5-8=0.3643;SN=9-12=0.3467;SN>=13=0.3410,0.3727052409253152,
221,v11+v12_5f+v13+v14_seed0,4,NONE,"0.259,0.411,0.296,0.035","0.397,0.065,0.216,0.321","0.032,0.420,0.293,0.255",1.0,1.0,0.3984727100714727,0.225800009977643,0.6149807645283446,0.3727052409253152,0.09196176877381868,SN=2=0.2724;SN=3-4=0.3481;SN=5-8=0.3643;SN=9-12=0.3467;SN>=13=0.3410,0.3727052409253152,
222,v11+v11plus+v13+v14_seed2,4,TEMP,"0.144,0.218,0.367,0.271","0.283,0.074,0.277,0.365","0.029,0.031,0.380,0.560",0.5,0.5,0.3997153689669221,0.22537457190174742,0.613651080964204,0.3727661925403086,0.09455807482250511,SN=2=0.2716;SN=3-4=0.3459;SN=5-8=0.3661;SN=9-12=0.3519;SN>=13=0.3391,0.37234855427470764,
223,v11+v11plus+v13+v14_seed2,4,NONE,"0.144,0.218,0.367,0.271","0.283,0.074,0.277,0.365","0.029,0.031,0.380,0.560",1.0,1.0,0.3997153689669221,0.22537457190174742,0.613651080964204,0.3727661925403086,0.09455807482250511,SN=2=0.2716;SN=3-4=0.3459;SN=5-8=0.3661;SN=9-12=0.3519;SN>=13=0.3391,0.37234855427470764,
224,v11+v12_5f+v13+v14_seed2,4,TEMP,"0.207,0.379,0.320,0.094","0.464,0.062,0.204,0.270","0.011,0.429,0.338,0.222",0.5,0.5,0.39860861849101237,0.22467333996234973,0.6151072750573949,0.37233423839282387,0.09265337852488276,SN=2=0.2718;SN=3-4=0.3489;SN=5-8=0.3644;SN=9-12=0.3451;SN>=13=0.3399,0.37233423839282387,
225,v11+v12_5f+v13+v14_seed2,4,NONE,"0.207,0.379,0.320,0.094","0.464,0.062,0.204,0.270","0.011,0.429,0.338,0.222",1.0,1.0,0.39860861849101237,0.22467333996234973,0.6151072750573949,0.37233423839282387,0.09265337852488276,SN=2=0.2718;SN=3-4=0.3489;SN=5-8=0.3644;SN=9-12=0.3451;SN>=13=0.3399,0.37233423839282387,
226,v11+v13+v14_avg3,3,TEMP,"0.210,0.389,0.401","0.367,0.185,0.448","0.033,0.297,0.669",0.5,0.5,0.39758761014876887,0.22577151765649256,0.6143848997054968,0.3722206310632039,0.09182555717206292,SN=2=0.2714;SN=3-4=0.3474;SN=5-8=0.3633;SN=9-12=0.3490;SN>=13=0.3414,0.3722206310632039,
227,v11+v13+v14_avg3,3,NONE,"0.210,0.389,0.401","0.367,0.185,0.448","0.033,0.297,0.669",1.0,1.0,0.39758761014876887,0.22577151765649256,0.6143848997054968,0.3722206310632039,0.09182555717206292,SN=2=0.2714;SN=3-4=0.3474;SN=5-8=0.3633;SN=9-12=0.3490;SN>=13=0.3414,0.3722206310632039,
228,v11+v13+v14_seed1,3,TEMP,"0.314,0.344,0.342","0.379,0.265,0.356","0.030,0.269,0.701",0.5,0.5,0.39756079619054296,0.22554576472258475,0.6147467734320087,0.37219197905165285,0.09365179599443157,SN=2=0.2715;SN=3-4=0.3471;SN=5-8=0.3652;SN=9-12=0.3508;SN>=13=0.3405,0.37219197905165285,
229,v11+v13+v14_seed1,3,NONE,"0.314,0.344,0.342","0.379,0.265,0.356","0.030,0.269,0.701",1.0,1.0,0.39756079619054296,0.22554576472258475,0.6147467734320087,0.37219197905165285,0.09365179599443157,SN=2=0.2715;SN=3-4=0.3471;SN=5-8=0.3652;SN=9-12=0.3508;SN>=13=0.3405,0.37219197905165285,
230,v11+v11plus+v14_seed2,3,THR,"0.201,0.228,0.570","0.351,0.074,0.575","0.002,0.066,0.932",0.5,0.5,0.4035210832538153,0.23099194500369252,0.6111644735787745,0.37603810601875803,0.10164080185421454,SN=2=0.2717;SN=3-4=0.3478;SN=5-8=0.3733;SN=9-12=0.3546;SN>=13=0.3433,0.37207910423730234,
231,v11+v11plus+v12_5f+v14_seed0,4,THR,"0.219,0.174,0.210,0.397","0.315,0.112,0.188,0.385","0.013,0.015,0.434,0.538",0.5,0.5,0.40616263064223507,0.2276332867139871,0.6134094851438296,0.3762002639712548,0.102581494536018,SN=2=0.2693;SN=3-4=0.3517;SN=5-8=0.3719;SN=9-12=0.3531;SN>=13=0.3439,0.3717709158488973,
232,v11+v13+v14_seed2,3,TEMP,"0.217,0.307,0.476","0.349,0.247,0.405","0.039,0.369,0.592",0.5,0.5,0.3970642300547125,0.22547042143012877,0.6132858112255252,0.3716710228390416,0.0887972696665903,SN=2=0.2713;SN=3-4=0.3475;SN=5-8=0.3601;SN=9-12=0.3474;SN>=13=0.3369,0.3716710228390416,
233,v11+v13+v14_seed2,3,NONE,"0.217,0.307,0.476","0.349,0.247,0.405","0.039,0.369,0.592",1.0,1.0,0.3970642300547125,0.22547042143012877,0.6132858112255252,0.3716710228390416,0.0887972696665903,SN=2=0.2713;SN=3-4=0.3475;SN=5-8=0.3601;SN=9-12=0.3474;SN>=13=0.3369,0.3716710228390416,
234,v11+v11plus+v12_5f+v13+v14_avg3,5,TEMP,"0.193,0.152,0.064,0.380,0.212","0.339,0.076,0.033,0.159,0.393","0.038,0.003,0.277,0.411,0.271",0.5,0.5,0.3998843276428197,0.22535611214068715,0.6151425020830195,0.3731246763300067,0.09675948528681927,SN=2=0.2719;SN=3-4=0.3474;SN=5-8=0.3687;SN=9-12=0.3500;SN>=13=0.3407,0.37160633283224864,
235,v11+v11plus+v12_5f+v13+v14_avg3,5,NONE,"0.193,0.152,0.064,0.380,0.212","0.339,0.076,0.033,0.159,0.393","0.038,0.003,0.277,0.411,0.271",1.0,1.0,0.3998843276428197,0.22535611214068715,0.6151425020830195,0.3731246763300067,0.09675948528681927,SN=2=0.2719;SN=3-4=0.3474;SN=5-8=0.3687;SN=9-12=0.3500;SN>=13=0.3407,0.37160633283224864,
236,v11+v11plus+v12_5f+v13+v14_seed1,5,TEMP,"0.161,0.157,0.093,0.335,0.254","0.324,0.046,0.115,0.112,0.402","0.030,0.037,0.297,0.249,0.386",0.5,0.5,0.39985121733568013,0.22520273125330653,0.6158154537418127,0.3731846701839572,0.0969925213663036,SN=2=0.2723;SN=3-4=0.3475;SN=5-8=0.3693;SN=9-12=0.3511;SN>=13=0.3400,0.3715498086464569,
237,v11+v11plus+v12_5f+v13+v14_seed1,5,NONE,"0.161,0.157,0.093,0.335,0.254","0.324,0.046,0.115,0.112,0.402","0.030,0.037,0.297,0.249,0.386",1.0,1.0,0.39985121733568013,0.22520273125330653,0.6158154537418127,0.3731846701839572,0.0969925213663036,SN=2=0.2723;SN=3-4=0.3475;SN=5-8=0.3693;SN=9-12=0.3511;SN>=13=0.3400,0.3715498086464569,
238,v11+v12_5f+v13,3,TEMP,"0.275,0.446,0.279","0.484,0.177,0.339","0.017,0.646,0.337",0.5,0.5,0.398272582925953,0.22329389301199337,0.614606803853281,0.37154795114583483,0.09305642981678747,SN=2=0.2706;SN=3-4=0.3483;SN=5-8=0.3637;SN=9-12=0.3435;SN>=13=0.3376,0.37154795114583483,
239,v11+v12_5f+v13,3,NONE,"0.275,0.446,0.279","0.484,0.177,0.339","0.017,0.646,0.337",1.0,1.0,0.398272582925953,0.22329389301199337,0.614606803853281,0.37154795114583483,0.09305642981678747,SN=2=0.2706;SN=3-4=0.3483;SN=5-8=0.3637;SN=9-12=0.3435;SN>=13=0.3376,0.37154795114583483,
240,v11+v13+v14_seed0,3,TEMP,"0.268,0.397,0.336","0.365,0.117,0.518","0.038,0.406,0.556",0.5,0.5,0.3972061420009332,0.22554444897135023,0.6128179565070708,0.3716638276903276,0.09397433201087668,SN=2=0.2709;SN=3-4=0.3456;SN=5-8=0.3648;SN=9-12=0.3494;SN>=13=0.3400,0.3715380608305408,
241,v11+v13+v14_seed0,3,NONE,"0.268,0.397,0.336","0.365,0.117,0.518","0.038,0.406,0.556",1.0,1.0,0.3972061420009332,0.22554444897135023,0.6128179565070708,0.3716638276903276,0.09397433201087668,SN=2=0.2709;SN=3-4=0.3456;SN=5-8=0.3648;SN=9-12=0.3494;SN>=13=0.3400,0.3715380608305408,
242,v11+v11plus+v14_seed1,3,THR,"0.188,0.272,0.540","0.228,0.146,0.627","0.047,0.024,0.929",0.5,0.5,0.40528837860038436,0.22818454324285967,0.613020672278529,0.37599330319300345,0.10278815644655459,SN=2=0.2688;SN=3-4=0.3501;SN=5-8=0.3716;SN=9-12=0.3517;SN>=13=0.3436,0.3714606241153777,
243,v11+v11plus+v12_5f+v13+v14_seed0,5,TEMP,"0.171,0.144,0.078,0.385,0.221","0.309,0.103,0.083,0.204,0.302","0.011,0.025,0.584,0.151,0.229",0.5,0.5,0.3999351266361908,0.22549177271820592,0.6147020840240869,0.3731111765465761,0.09734730234199002,SN=2=0.2728;SN=3-4=0.3471;SN=5-8=0.3701;SN=9-12=0.3506;SN>=13=0.3409,0.3712989245212327,
244,v11+v11plus+v12_5f+v13+v14_seed0,5,NONE,"0.171,0.144,0.078,0.385,0.221","0.309,0.103,0.083,0.204,0.302","0.011,0.025,0.584,0.151,0.229",1.0,1.0,0.3999351266361908,0.22549177271820592,0.6147020840240869,0.3731111765465761,0.09734730234199002,SN=2=0.2728;SN=3-4=0.3471;SN=5-8=0.3701;SN=9-12=0.3506;SN>=13=0.3409,0.3712989245212327,
245,v11plus+v12_5f+v13+v14_avg3,4,TEMP,"0.289,0.007,0.287,0.416","0.271,0.015,0.216,0.497","0.040,0.329,0.184,0.447",0.5,0.5,0.39885392502487255,0.22145569930607026,0.6155091732130165,0.37122568437498044,0.09353377077001107,SN=2=0.2720;SN=3-4=0.3433;SN=5-8=0.3655;SN=9-12=0.3443;SN>=13=0.3404,0.37122568437498044,
246,v11plus+v12_5f+v13+v14_avg3,4,NONE,"0.289,0.007,0.287,0.416","0.271,0.015,0.216,0.497","0.040,0.329,0.184,0.447",1.0,1.0,0.39885392502487255,0.22145569930607026,0.6155091732130165,0.37122568437498044,0.09353377077001107,SN=2=0.2720;SN=3-4=0.3433;SN=5-8=0.3655;SN=9-12=0.3443;SN>=13=0.3404,0.37122568437498044,
247,v11plus+v12_5f+v13+v14_seed2,4,TEMP,"0.270,0.243,0.284,0.203","0.142,0.006,0.295,0.557","0.031,0.381,0.316,0.271",0.5,0.5,0.39882435187906373,0.22144303436087007,0.6154191982798766,0.37119079415194883,0.08606200154598787,SN=2=0.2734;SN=3-4=0.3445;SN=5-8=0.3595;SN=9-12=0.3432;SN>=13=0.3395,0.37119079415194883,
248,v11plus+v12_5f+v13+v14_seed2,4,NONE,"0.270,0.243,0.284,0.203","0.142,0.006,0.295,0.557","0.031,0.381,0.316,0.271",1.0,1.0,0.39882435187906373,0.22144303436087007,0.6154191982798766,0.37119079415194883,0.08606200154598787,SN=2=0.2734;SN=3-4=0.3445;SN=5-8=0.3595;SN=9-12=0.3432;SN>=13=0.3395,0.37119079415194883,
249,v11+v11plus+v13+v14_avg3,4,TEMP,"0.138,0.071,0.344,0.446","0.396,0.050,0.105,0.448","0.041,0.032,0.103,0.823",0.5,0.5,0.3996476087219397,0.22523108716820645,0.6138266793804914,0.37271681423215675,0.09689708229117389,SN=2=0.2710;SN=3-4=0.3477;SN=5-8=0.3679;SN=9-12=0.3489;SN>=13=0.3406,0.3711296722322214,
250,v11+v11plus+v13+v14_avg3,4,NONE,"0.138,0.071,0.344,0.446","0.396,0.050,0.105,0.448","0.041,0.032,0.103,0.823",1.0,1.0,0.3996476087219397,0.22523108716820645,0.6138266793804914,0.37271681423215675,0.09689708229117389,SN=2=0.2710;SN=3-4=0.3477;SN=5-8=0.3679;SN=9-12=0.3489;SN>=13=0.3406,0.3711296722322214,
251,v11plus+v13+v14_avg3,3,TEMP,"0.304,0.283,0.413","0.122,0.235,0.643","0.047,0.264,0.690",0.5,0.5,0.39823877274106856,0.22215756200046485,0.6146221927553536,0.37108297244768407,0.0917921103291841,SN=2=0.2728;SN=3-4=0.3411;SN=5-8=0.3646;SN=9-12=0.3445;SN>=13=0.3434,0.37108297244768407,
252,v11plus+v13+v14_avg3,3,NONE,"0.304,0.283,0.413","0.122,0.235,0.643","0.047,0.264,0.690",1.0,1.0,0.39823877274106856,0.22215756200046485,0.6146221927553536,0.37108297244768407,0.0917921103291841,SN=2=0.2728;SN=3-4=0.3411;SN=5-8=0.3646;SN=9-12=0.3445;SN>=13=0.3434,0.37108297244768407,
253,v11+v11plus+v13+v14_seed0,4,TEMP,"0.255,0.090,0.360,0.294","0.334,0.052,0.243,0.370","0.038,0.001,0.470,0.491",0.5,0.5,0.4002144397868449,0.22526076684668944,0.6126725335895636,0.37272458937132646,0.09701483632078123,SN=2=0.2713;SN=3-4=0.3445;SN=5-8=0.3683;SN=9-12=0.3503;SN>=13=0.3441,0.3710785703565874,
254,v11+v11plus+v13+v14_seed0,4,NONE,"0.255,0.090,0.360,0.294","0.334,0.052,0.243,0.370","0.038,0.001,0.470,0.491",1.0,1.0,0.4002144397868449,0.22526076684668944,0.6126725335895636,0.37272458937132646,0.09701483632078123,SN=2=0.2713;SN=3-4=0.3445;SN=5-8=0.3683;SN=9-12=0.3503;SN>=13=0.3441,0.3710785703565874,
255,v11plus+v12_5f+v13+v14_seed1,4,TEMP,"0.285,0.248,0.335,0.132","0.285,0.008,0.228,0.480","0.044,0.278,0.270,0.408",0.5,0.5,0.3991814678161603,0.22045750978631556,0.6160102091815443,0.3710576328772992,0.09125994854140185,SN=2=0.2714;SN=3-4=0.3436;SN=5-8=0.3626;SN=9-12=0.3446;SN>=13=0.3422,0.3710576328772992,
256,v11plus+v12_5f+v13+v14_seed1,4,NONE,"0.285,0.248,0.335,0.132","0.285,0.008,0.228,0.480","0.044,0.278,0.270,0.408",1.0,1.0,0.3991814678161603,0.22045750978631556,0.6160102091815443,0.3710576328772992,0.09125994854140185,SN=2=0.2714;SN=3-4=0.3436;SN=5-8=0.3626;SN=9-12=0.3446;SN>=13=0.3422,0.3710576328772992,
257,v11plus+v12_5f+v13+v14_seed0,4,TEMP,"0.302,0.117,0.288,0.293","0.268,0.071,0.046,0.615","0.029,0.394,0.342,0.235",0.5,0.5,0.39829788491795437,0.22120131473973648,0.6152177646762774,0.37084323279833187,0.09250484391506913,SN=2=0.2721;SN=3-4=0.3429;SN=5-8=0.3646;SN=9-12=0.3432;SN>=13=0.3425,0.37084323279833187,
258,v11plus+v12_5f+v13+v14_seed0,4,NONE,"0.302,0.117,0.288,0.293","0.268,0.071,0.046,0.615","0.029,0.394,0.342,0.235",1.0,1.0,0.39829788491795437,0.22120131473973648,0.6152177646762774,0.37084323279833187,0.09250484391506913,SN=2=0.2721;SN=3-4=0.3429;SN=5-8=0.3646;SN=9-12=0.3432;SN>=13=0.3425,0.37084323279833187,
259,v11plus+v12_5f+v14_seed0,3,THR,"0.271,0.386,0.343","0.246,0.001,0.753","0.027,0.568,0.405",0.5,0.5,0.4027710564284389,0.22502872029570725,0.6135452002189764,0.3738289507334538,0.09974625463794323,SN=2=0.2680;SN=3-4=0.3511;SN=5-8=0.3677;SN=9-12=0.3470;SN>=13=0.3445,0.3708172225601337,
260,v11+v11plus+v12_5f,3,THR,"0.168,0.217,0.615","0.538,0.016,0.446","0.015,0.048,0.936",0.5,0.5,0.4050046827072941,0.22359257447410008,0.6120178982019314,0.373842482512944,0.0998539228260849,SN=2=0.2696;SN=3-4=0.3492;SN=5-8=0.3695;SN=9-12=0.3499;SN>=13=0.3391,0.3707769202455531,
261,v11plus+v13+v14_seed1,3,TEMP,"0.271,0.323,0.407","0.231,0.278,0.491","0.031,0.342,0.627",0.5,0.5,0.39907077604044144,0.22063359049685874,0.6150968448611345,0.370901115587147,0.09405517773134636,SN=2=0.2704;SN=3-4=0.3438;SN=5-8=0.3644;SN=9-12=0.3464;SN>=13=0.3433,0.3707349258671254,
262,v11plus+v13+v14_seed1,3,NONE,"0.271,0.323,0.407","0.231,0.278,0.491","0.031,0.342,0.627",1.0,1.0,0.39907077604044144,0.22063359049685874,0.6150968448611345,0.370901115587147,0.09405517773134636,SN=2=0.2704;SN=3-4=0.3438;SN=5-8=0.3644;SN=9-12=0.3464;SN>=13=0.3433,0.3707349258671254,
263,v11+v11plus+v12_5f+v13,4,TEMP,"0.229,0.166,0.264,0.341","0.386,0.089,0.173,0.352","0.033,0.004,0.686,0.277",0.5,0.5,0.3996767064830337,0.2240105694545774,0.6144997267480823,0.3723748557246609,0.09717328286241927,SN=2=0.2712;SN=3-4=0.3474;SN=5-8=0.3684;SN=9-12=0.3481;SN>=13=0.3377,0.37064961343910285,
264,v11+v11plus+v12_5f+v13,4,NONE,"0.229,0.166,0.264,0.341","0.386,0.089,0.173,0.352","0.033,0.004,0.686,0.277",1.0,1.0,0.3996767064830337,0.2240105694545774,0.6144997267480823,0.3723748557246609,0.09717328286241927,SN=2=0.2712;SN=3-4=0.3474;SN=5-8=0.3684;SN=9-12=0.3481;SN>=13=0.3377,0.37064961343910285,
265,v11+v11plus+v12_5f+v14_avg3,4,TEMP,"0.125,0.219,0.473,0.183","0.294,0.080,0.106,0.521","0.018,0.040,0.353,0.589",0.5,0.5,0.3940469916699365,0.2247617592166991,0.6143318077251969,0.37038986189969364,0.08916655876789542,SN=2=0.2722;SN=3-4=0.3416;SN=5-8=0.3614;SN=9-12=0.3483;SN>=13=0.3386,0.37038986189969364,
266,v11+v11plus+v12_5f+v14_avg3,4,NONE,"0.125,0.219,0.473,0.183","0.294,0.080,0.106,0.521","0.018,0.040,0.353,0.589",1.0,1.0,0.3940469916699365,0.2247617592166991,0.6143318077251969,0.37038986189969364,0.08916655876789542,SN=2=0.2722;SN=3-4=0.3416;SN=5-8=0.3614;SN=9-12=0.3483;SN>=13=0.3386,0.37038986189969364,
267,v11+v11plus+v12_5f+v14_seed1,4,TEMP,"0.158,0.221,0.524,0.097","0.403,0.032,0.122,0.444","0.012,0.017,0.404,0.567",0.5,0.5,0.3942754103329371,0.2239075287144184,0.6145788436831375,0.3701889443555697,0.09072191394930801,SN=2=0.2707;SN=3-4=0.3428;SN=5-8=0.3614;SN=9-12=0.3470;SN>=13=0.3390,0.3701889443555697,
268,v11+v11plus+v12_5f+v14_seed1,4,NONE,"0.158,0.221,0.524,0.097","0.403,0.032,0.122,0.444","0.012,0.017,0.404,0.567",1.0,1.0,0.3942754103329371,0.2239075287144184,0.6145788436831375,0.3701889443555697,0.09072191394930801,SN=2=0.2707;SN=3-4=0.3428;SN=5-8=0.3614;SN=9-12=0.3470;SN>=13=0.3390,0.3701889443555697,
269,v11plus+v13+v14_seed2,3,TEMP,"0.269,0.331,0.400","0.271,0.235,0.494","0.043,0.403,0.554",0.5,0.5,0.3988951217667454,0.2216030817224087,0.6136265155686136,0.37092458450938437,0.09581235425786266,SN=2=0.2702;SN=3-4=0.3439;SN=5-8=0.3660;SN=9-12=0.3455;SN>=13=0.3420,0.36987980652610464,
270,v11plus+v13+v14_seed2,3,NONE,"0.269,0.331,0.400","0.271,0.235,0.494","0.043,0.403,0.554",1.0,1.0,0.3988951217667454,0.2216030817224087,0.6136265155686136,0.37092458450938437,0.09581235425786266,SN=2=0.2702;SN=3-4=0.3439;SN=5-8=0.3660;SN=9-12=0.3455;SN>=13=0.3420,0.36987980652610464,
271,v11plus+v13+v14_seed0,3,TEMP,"0.275,0.357,0.368","0.271,0.101,0.628","0.035,0.387,0.578",0.5,0.5,0.39797325120026916,0.22178935670410116,0.6131166760408483,0.3705283783699178,0.09512979223257634,SN=2=0.2702;SN=3-4=0.3428;SN=5-8=0.3653;SN=9-12=0.3443;SN>=13=0.3433,0.3698248813992812,
272,v11plus+v13+v14_seed0,3,NONE,"0.275,0.357,0.368","0.271,0.101,0.628","0.035,0.387,0.578",1.0,1.0,0.39797325120026916,0.22178935670410116,0.6131166760408483,0.3705283783699178,0.09512979223257634,SN=2=0.2702;SN=3-4=0.3428;SN=5-8=0.3653;SN=9-12=0.3443;SN>=13=0.3433,0.3698248813992812,
273,v11+v11plus+v12_5f+v14_seed2,4,TEMP,"0.226,0.198,0.330,0.246","0.359,0.083,0.170,0.388","0.004,0.064,0.550,0.382",0.5,0.5,0.3940488721853298,0.22359585210768543,0.6134112425553737,0.36974013822828083,0.09303373121397107,SN=2=0.2697;SN=3-4=0.3427;SN=5-8=0.3627;SN=9-12=0.3487;SN>=13=0.3377,0.36974013822828083,
274,v11+v11plus+v12_5f+v14_seed2,4,NONE,"0.226,0.198,0.330,0.246","0.359,0.083,0.170,0.388","0.004,0.064,0.550,0.382",1.0,1.0,0.3940488721853298,0.22359585210768543,0.6134112425553737,0.36974013822828083,0.09303373121397107,SN=2=0.2697;SN=3-4=0.3427;SN=5-8=0.3627;SN=9-12=0.3487;SN>=13=0.3377,0.36974013822828083,
275,v11+v12_5f+v14_avg3,3,TEMP,"0.278,0.661,0.061","0.418,0.128,0.453","0.021,0.411,0.567",0.5,0.5,0.3922514087160813,0.22429735171416768,0.6141657261462126,0.36945264940134215,0.09026764908825635,SN=2=0.2697;SN=3-4=0.3439;SN=5-8=0.3600;SN=9-12=0.3456;SN>=13=0.3404,0.36945264940134215,
276,v11+v12_5f+v14_avg3,3,NONE,"0.278,0.661,0.061","0.418,0.128,0.453","0.021,0.411,0.567",1.0,1.0,0.3922514087160813,0.22429735171416768,0.6141657261462126,0.36945264940134215,0.09026764908825635,SN=2=0.2697;SN=3-4=0.3439;SN=5-8=0.3600;SN=9-12=0.3456;SN>=13=0.3404,0.36945264940134215,
277,v11+v11plus+v14_avg3,3,TEMP,"0.215,0.247,0.539","0.320,0.081,0.599","0.027,0.031,0.942",0.5,0.5,0.39341087385268625,0.224308515224687,0.6132136162642488,0.36973047888379906,0.09447974192565134,SN=2=0.2690;SN=3-4=0.3397;SN=5-8=0.3635;SN=9-12=0.3514;SN>=13=0.3410,0.36935200706662497,
278,v11+v11plus+v14_avg3,3,NONE,"0.215,0.247,0.539","0.320,0.081,0.599","0.027,0.031,0.942",1.0,1.0,0.39341087385268625,0.224308515224687,0.6132136162642488,0.36973047888379906,0.09447974192565134,SN=2=0.2690;SN=3-4=0.3397;SN=5-8=0.3635;SN=9-12=0.3514;SN>=13=0.3410,0.36935200706662497,
279,v11+v12_5f+v14_seed1,3,TEMP,"0.260,0.577,0.163","0.415,0.108,0.476","0.022,0.326,0.652",0.5,0.5,0.3918733005536966,0.22391798607078922,0.6143027254519079,0.36917705974017595,0.09244209703390227,SN=2=0.2692;SN=3-4=0.3437;SN=5-8=0.3617;SN=9-12=0.3446;SN>=13=0.3396,0.36917705974017595,
280,v11+v12_5f+v14_seed1,3,NONE,"0.260,0.577,0.163","0.415,0.108,0.476","0.022,0.326,0.652",1.0,1.0,0.3918733005536966,0.22391798607078922,0.6143027254519079,0.36917705974017595,0.09244209703390227,SN=2=0.2692;SN=3-4=0.3437;SN=5-8=0.3617;SN=9-12=0.3446;SN>=13=0.3396,0.36917705974017595,
281,v11plus+v12_5f+v13,3,TEMP,"0.179,0.480,0.341","0.481,0.203,0.316","0.047,0.610,0.343",0.5,0.5,0.3980843515755803,0.21867799837503354,0.6148544817202268,0.3696758363242909,0.09474680208215219,SN=2=0.2678;SN=3-4=0.3460;SN=5-8=0.3626;SN=9-12=0.3416;SN>=13=0.3408,0.36916383442886636,
282,v11plus+v12_5f+v13,3,NONE,"0.179,0.480,0.341","0.481,0.203,0.316","0.047,0.610,0.343",1.0,1.0,0.3980843515755803,0.21867799837503354,0.6148544817202268,0.3696758363242909,0.09474680208215219,SN=2=0.2678;SN=3-4=0.3460;SN=5-8=0.3626;SN=9-12=0.3416;SN>=13=0.3408,0.36916383442886636,
283,v11+v12_5f+v14_seed0,3,TEMP,"0.290,0.497,0.213","0.420,0.104,0.476","0.018,0.515,0.467",0.5,0.5,0.39180869087847436,0.2241549589253181,0.6132950260850698,0.36904446513853095,0.09276131876871829,SN=2=0.2689;SN=3-4=0.3437;SN=5-8=0.3617;SN=9-12=0.3454;SN>=13=0.3423,0.36904446513853095,
284,v11+v12_5f+v14_seed0,3,NONE,"0.290,0.497,0.213","0.420,0.104,0.476","0.018,0.515,0.467",1.0,1.0,0.39180869087847436,0.2241549589253181,0.6132950260850698,0.36904446513853095,0.09276131876871829,SN=2=0.2689;SN=3-4=0.3437;SN=5-8=0.3617;SN=9-12=0.3454;SN>=13=0.3423,0.36904446513853095,
285,v11+v12_5f+v14_seed2,3,TEMP,"0.273,0.607,0.120","0.411,0.132,0.457","0.017,0.529,0.454",0.5,0.5,0.3919906772496576,0.22367344828064262,0.6134213196191736,0.3689499141359548,0.08814431238811316,SN=2=0.2696;SN=3-4=0.3447;SN=5-8=0.3577;SN=9-12=0.3441;SN>=13=0.3391,0.3689499141359548,
286,v11+v12_5f+v14_seed2,3,NONE,"0.273,0.607,0.120","0.411,0.132,0.457","0.017,0.529,0.454",1.0,1.0,0.3919906772496576,0.22367344828064262,0.6134213196191736,0.3689499141359548,0.08814431238811316,SN=2=0.2696;SN=3-4=0.3447;SN=5-8=0.3577;SN=9-12=0.3441;SN>=13=0.3391,0.3689499141359548,
287,v11+v11plus+v14_seed0,3,THR,"0.186,0.217,0.596","0.248,0.134,0.618","0.001,0.038,0.961",0.5,0.5,0.40324551282975707,0.22887390312624722,0.6108287964227932,0.3750135256669604,0.1058693534689934,SN=2=0.2672;SN=3-4=0.3473;SN=5-8=0.3731;SN=9-12=0.3532;SN>=13=0.3471,0.36894024807811526,
288,v11+v11plus+v14_seed2,3,TEMP,"0.201,0.228,0.570","0.351,0.074,0.575","0.002,0.066,0.932",0.5,0.5,0.39284380124058005,0.22376391304402649,0.6111644735787745,0.3688759804295975,0.09383300334247524,SN=2=0.2676;SN=3-4=0.3407;SN=5-8=0.3615;SN=9-12=0.3504;SN>=13=0.3398,0.36882087790401147,
289,v11+v11plus+v14_seed2,3,NONE,"0.201,0.228,0.570","0.351,0.074,0.575","0.002,0.066,0.932",1.0,1.0,0.39284380124058005,0.22376391304402649,0.6111644735787745,0.3688759804295975,0.09383300334247524,SN=2=0.2676;SN=3-4=0.3407;SN=5-8=0.3615;SN=9-12=0.3504;SN>=13=0.3398,0.36882087790401147,
290,v11+v11plus+v12_5f+v14_seed0,4,TEMP,"0.219,0.174,0.210,0.397","0.315,0.112,0.188,0.385","0.013,0.015,0.434,0.538",0.5,0.5,0.3945388996832202,0.2247430207996542,0.6134094851438296,0.3703946652219157,0.09699076724097055,SN=2=0.2686;SN=3-4=0.3436;SN=5-8=0.3656;SN=9-12=0.3498;SN>=13=0.3413,0.368760680747082,
291,v11+v11plus+v12_5f+v14_seed0,4,NONE,"0.219,0.174,0.210,0.397","0.315,0.112,0.188,0.385","0.013,0.015,0.434,0.538",1.0,1.0,0.3945388996832202,0.2247430207996542,0.6134094851438296,0.3703946652219157,0.09699076724097055,SN=2=0.2686;SN=3-4=0.3436;SN=5-8=0.3656;SN=9-12=0.3498;SN>=13=0.3413,0.368760680747082,
292,v11+v11plus+v12_5f,3,TEMP,"0.168,0.217,0.615","0.538,0.016,0.446","0.015,0.048,0.936",0.5,0.5,0.3943445949445536,0.22124013118663433,0.6120178982019314,0.36863747009286146,0.08942352887537741,SN=2=0.2694;SN=3-4=0.3429;SN=5-8=0.3588;SN=9-12=0.3446;SN>=13=0.3319,0.36863747009286146,
293,v11+v11plus+v12_5f,3,NONE,"0.168,0.217,0.615","0.538,0.016,0.446","0.015,0.048,0.936",1.0,1.0,0.3943445949445536,0.22124013118663433,0.6120178982019314,0.36863747009286146,0.08942352887537741,SN=2=0.2694;SN=3-4=0.3429;SN=5-8=0.3588;SN=9-12=0.3446;SN>=13=0.3319,0.36863747009286146,
294,v11plus+v12_5f+v14_avg3,3,TEMP,"0.257,0.158,0.585","0.257,0.066,0.677","0.044,0.362,0.594",0.5,0.5,0.3929830912366846,0.22060837839837025,0.614376502083574,0.3683118882707368,0.09232648716098385,SN=2=0.2708;SN=3-4=0.3409;SN=5-8=0.3631;SN=9-12=0.3400;SN>=13=0.3399,0.3683118882707368,
295,v11plus+v12_5f+v14_avg3,3,NONE,"0.257,0.158,0.585","0.257,0.066,0.677","0.044,0.362,0.594",1.0,1.0,0.3929830912366846,0.22060837839837025,0.614376502083574,0.3683118882707368,0.09232648716098385,SN=2=0.2708;SN=3-4=0.3409;SN=5-8=0.3631;SN=9-12=0.3400;SN>=13=0.3399,0.3683118882707368,
296,v11plus+v12_5f+v14_seed2,3,TEMP,"0.254,0.466,0.280","0.320,0.012,0.668","0.027,0.500,0.473",0.5,0.5,0.39273501984395637,0.22097917023676367,0.6136849948816254,0.3682226750086131,0.08829053155600475,SN=2=0.2688;SN=3-4=0.3430;SN=5-8=0.3571;SN=9-12=0.3421;SN>=13=0.3412,0.3682226750086131,
297,v11plus+v12_5f+v14_seed2,3,NONE,"0.254,0.466,0.280","0.320,0.012,0.668","0.027,0.500,0.473",1.0,1.0,0.39273501984395637,0.22097917023676367,0.6136849948816254,0.3682226750086131,0.08829053155600475,SN=2=0.2688;SN=3-4=0.3430;SN=5-8=0.3571;SN=9-12=0.3421;SN>=13=0.3412,0.3682226750086131,
298,v11plus+v12_5f+v14_seed0,3,TEMP,"0.271,0.386,0.343","0.246,0.001,0.753","0.027,0.568,0.405",0.5,0.5,0.39240732877456647,0.2209493202738711,0.6135452002189764,0.3680516996631703,0.09038603748104523,SN=2=0.2704;SN=3-4=0.3410;SN=5-8=0.3608;SN=9-12=0.3429;SN>=13=0.3409,0.3680516996631703,
299,v11plus+v12_5f+v14_seed0,3,NONE,"0.271,0.386,0.343","0.246,0.001,0.753","0.027,0.568,0.405",1.0,1.0,0.39240732877456647,0.2209493202738711,0.6135452002189764,0.3680516996631703,0.09038603748104523,SN=2=0.2704;SN=3-4=0.3410;SN=5-8=0.3608;SN=9-12=0.3429;SN>=13=0.3409,0.3680516996631703,
300,v11plus+v12_5f+v14_seed1,3,TEMP,"0.258,0.636,0.106","0.212,0.033,0.756","0.047,0.366,0.587",0.5,0.5,0.3934595442362172,0.21926859689264547,0.614553687120706,0.36800199387568633,0.08385241599036442,SN=2=0.2706;SN=3-4=0.3406;SN=5-8=0.3544;SN=9-12=0.3412;SN>=13=0.3418,0.36800199387568633,
301,v11plus+v12_5f+v14_seed1,3,NONE,"0.258,0.636,0.106","0.212,0.033,0.756","0.047,0.366,0.587",1.0,1.0,0.3934595442362172,0.21926859689264547,0.614553687120706,0.36800199387568633,0.08385241599036442,SN=2=0.2706;SN=3-4=0.3406;SN=5-8=0.3544;SN=9-12=0.3412;SN>=13=0.3418,0.36800199387568633,
302,v11+v11plus+v14_seed0,3,TEMP,"0.186,0.217,0.596","0.248,0.134,0.618","0.001,0.038,0.961",0.5,0.5,0.3935342357767359,0.2235948926555133,0.6108287964227932,0.36901741065745836,0.09578554912346143,SN=2=0.2680;SN=3-4=0.3400;SN=5-8=0.3638;SN=9-12=0.3445;SN>=13=0.3434,0.3679860352413792,
303,v11+v11plus+v14_seed0,3,NONE,"0.186,0.217,0.596","0.248,0.134,0.618","0.001,0.038,0.961",1.0,1.0,0.3935342357767359,0.2235948926555133,0.6108287964227932,0.36901741065745836,0.09578554912346143,SN=2=0.2680;SN=3-4=0.3400;SN=5-8=0.3638;SN=9-12=0.3445;SN>=13=0.3434,0.3679860352413792,
304,v11+v11plus+v14_seed1,3,TEMP,"0.188,0.272,0.540","0.228,0.146,0.627","0.047,0.024,0.929",0.5,0.5,0.3929575809344102,0.22310723601958168,0.613020672278529,0.36903006123730253,0.09697692669335317,SN=2=0.2691;SN=3-4=0.3406;SN=5-8=0.3660;SN=9-12=0.3473;SN>=13=0.3392,0.36740299703627755,
305,v11+v11plus+v14_seed1,3,NONE,"0.188,0.272,0.540","0.228,0.146,0.627","0.047,0.024,0.929",1.0,1.0,0.3929575809344102,0.22310723601958168,0.613020672278529,0.36903006123730253,0.09697692669335317,SN=2=0.2691;SN=3-4=0.3406;SN=5-8=0.3660;SN=9-12=0.3473;SN>=13=0.3392,0.36740299703627755,
306,v11+v11plus+v13,3,TEMP,"0.258,0.262,0.480","0.457,0.008,0.535","0.059,0.067,0.874",0.5,0.5,0.39444840398592645,0.22187147525693157,0.6067871397197424,0.3678853796410917,0.09542641583548761,SN=2=0.2670;SN=3-4=0.3418;SN=5-8=0.3624;SN=9-12=0.3438;SN>=13=0.3282,0.36703357086899946,
307,v11+v11plus+v13,3,NONE,"0.258,0.262,0.480","0.457,0.008,0.535","0.059,0.067,0.874",1.0,1.0,0.39444840398592645,0.22187147525693157,0.6067871397197424,0.3678853796410917,0.09542641583548761,SN=2=0.2670;SN=3-4=0.3418;SN=5-8=0.3624;SN=9-12=0.3438;SN>=13=0.3282,0.36703357086899946,
308,v11+v11plus+v16_avg3,3,TEMP,"0.267,0.153,0.580","0.106,0.106,0.787","0.002,0.048,0.950",0.5,0.5,0.3947065085713664,0.21465690357450112,0.6102666920532602,0.3657987032689991,0.09117879876106061,SN=2=0.2707;SN=3-4=0.3354;SN=5-8=0.3619;SN=9-12=0.3455;SN>=13=0.3412,0.3657987032689991,
309,v11+v11plus+v16_avg3,3,NONE,"0.267,0.153,0.580","0.106,0.106,0.787","0.002,0.048,0.950",1.0,1.0,0.3947065085713664,0.21465690357450112,0.6102666920532602,0.3657987032689991,0.09117879876106061,SN=2=0.2707;SN=3-4=0.3354;SN=5-8=0.3619;SN=9-12=0.3455;SN>=13=0.3412,0.3657987032689991,
310,v11plus+v12_5f+v13,3,CW,"0.179,0.480,0.341","0.481,0.203,0.316","0.047,0.610,0.343",1.0,1.0,0.32806463507263567,0.16174871061014767,0.6148544817202268,0.31889623461715866,0.10613177468865442,SN=2=0.2176;SN=3-4=0.3071;SN=5-8=0.3237;SN=9-12=0.3030;SN>=13=0.2874,0.312691746418483,
311,v11plus+v12_5f+v13+v14_avg3,4,CW,"0.289,0.007,0.287,0.416","0.271,0.015,0.216,0.497","0.040,0.329,0.184,0.447",1.0,1.0,0.3242490615008543,0.1599388424749712,0.6155091732130165,0.31677699623293354,0.10898229223967032,SN=2=0.2127;SN=3-4=0.3021;SN=5-8=0.3217;SN=9-12=0.3029;SN>=13=0.2891,0.3091472492587499,
312,v11plus+v12_5f+v13+v14_seed1,4,CW,"0.285,0.248,0.335,0.132","0.285,0.008,0.228,0.480","0.044,0.278,0.270,0.408",1.0,1.0,0.32591289075062313,0.1588757255864337,0.6160102091815443,0.3171174883711316,0.11015392107718547,SN=2=0.2127;SN=3-4=0.3026;SN=5-8=0.3229;SN=9-12=0.3023;SN>=13=0.2890,0.3089019269781904,
313,v11plus+v12_5f+v13+v14_seed2,4,CW,"0.270,0.243,0.284,0.203","0.142,0.006,0.295,0.557","0.031,0.381,0.316,0.271",1.0,1.0,0.3252022240968719,0.16041239412561312,0.6154191982798766,0.3173296869449693,0.1113454960023895,SN=2=0.2123;SN=3-4=0.3017;SN=5-8=0.3237;SN=9-12=0.3030;SN>=13=0.2907,0.30851833808942614,
314,v11plus+v13+v14_seed2,3,CW,"0.269,0.331,0.400","0.271,0.235,0.494","0.043,0.403,0.554",1.0,1.0,0.32453037820039055,0.1603488997880796,0.6136265155686136,0.31667701430911077,0.11057995160344264,SN=2=0.2123;SN=3-4=0.3017;SN=5-8=0.3228;SN=9-12=0.3045;SN>=13=0.2885,0.308248437653041,
315,v11plus+v13+v14_seed1,3,CW,"0.271,0.323,0.407","0.231,0.278,0.491","0.031,0.342,0.627",1.0,1.0,0.3253907877312345,0.15880980348180854,0.6150968448611345,0.31669960545744413,0.11156926881814988,SN=2=0.2117;SN=3-4=0.3011;SN=5-8=0.3232;SN=9-12=0.3026;SN>=13=0.2899,0.30777637019402077,
316,v11plus+v13+v14_avg3,3,CW,"0.304,0.283,0.413","0.122,0.235,0.643","0.047,0.264,0.690",1.0,1.0,0.323566188969104,0.1579142624294558,0.6146221927553536,0.31551661911049467,0.11076095498690436,SN=2=0.2093;SN=3-4=0.3004;SN=5-8=0.3201;SN=9-12=0.3036;SN>=13=0.2915,0.30699754076269403,
317,v11plus+v12_5f+v13+v14_seed0,4,CW,"0.302,0.117,0.288,0.293","0.268,0.071,0.046,0.615","0.029,0.394,0.342,0.235",1.0,1.0,0.3239767247332689,0.1562038130490167,0.6152177646762774,0.3151157680481697,0.11021714262828458,SN=2=0.2107;SN=3-4=0.3005;SN=5-8=0.3209;SN=9-12=0.3029;SN>=13=0.2881,0.30686859587967896,
318,v11plus+v12_5f+v14_seed2,3,CW,"0.254,0.466,0.280","0.320,0.012,0.668","0.027,0.500,0.473",1.0,1.0,0.3184636068744354,0.155214463253585,0.6136849948816254,0.31220822702753326,0.10650991167073792,SN=2=0.2102;SN=3-4=0.2980;SN=5-8=0.3167;SN=9-12=0.2989;SN>=13=0.2840,0.30581467033781584,
319,v11plus+v13+v14_seed0,3,CW,"0.275,0.357,0.368","0.271,0.101,0.628","0.035,0.387,0.578",1.0,1.0,0.3245562197523817,0.15569946664377482,0.6131166760408483,0.3147256097666323,0.11162477200603238,SN=2=0.2096;SN=3-4=0.2993;SN=5-8=0.3212;SN=9-12=0.3023;SN>=13=0.2898,0.30577462290926766,
320,v11plus+v12_5f+v14_seed1,3,CW,"0.258,0.636,0.106","0.212,0.033,0.756","0.047,0.366,0.587",1.0,1.0,0.3187810113685673,0.15266139461597428,0.614553687120706,0.3114876998179579,0.10556639762558231,SN=2=0.2084;SN=3-4=0.2967;SN=5-8=0.3140;SN=9-12=0.2982;SN>=13=0.2866,0.3055659001508183,
321,v11+v11plus+v13+v14_seed1,4,CW,"0.051,0.216,0.364,0.369","0.376,0.014,0.278,0.333","0.010,0.017,0.330,0.643",1.0,1.0,0.3257331691732278,0.14840825938912036,0.6150282315540896,0.3126622177357572,0.10881313740110171,SN=2=0.2095;SN=3-4=0.3000;SN=5-8=0.3183;SN=9-12=0.3009;SN>=13=0.2834,0.30511704818085794,
322,v11+v12_5f+v13+v14_seed1,4,CW,"0.188,0.294,0.329,0.189","0.369,0.009,0.209,0.413","0.003,0.359,0.283,0.356",1.0,1.0,0.3258704213812795,0.14725085873614616,0.6156751409315346,0.3123835402332772,0.10834145216240279,SN=2=0.2098;SN=3-4=0.2998;SN=5-8=0.3182;SN=9-12=0.2994;SN>=13=0.2861,0.3050742132977274,
323,v11+v13+v14_seed2,3,CW,"0.217,0.307,0.476","0.349,0.247,0.405","0.039,0.369,0.592",1.0,1.0,0.3236088462289512,0.14983070921881725,0.6132858112255252,0.31203298442421246,0.10770696023403606,SN=2=0.2088;SN=3-4=0.2977;SN=5-8=0.3165;SN=9-12=0.3014;SN>=13=0.2870,0.305040903452846,
324,v11+v13+v14_avg3,3,CW,"0.210,0.389,0.401","0.367,0.185,0.448","0.033,0.297,0.669",1.0,1.0,0.32615176511743776,0.14724839715643412,0.6143848997054968,0.3122370448506481,0.10825849098615226,SN=2=0.2089;SN=3-4=0.2992;SN=5-8=0.3171;SN=9-12=0.3014;SN>=13=0.2862,0.30496919850322357,
325,v11+v12_5f+v13+v14_seed2,4,CW,"0.207,0.379,0.320,0.094","0.464,0.062,0.204,0.270","0.011,0.429,0.338,0.222",1.0,1.0,0.32623077011492185,0.14617564055668528,0.6151072750573949,0.31198401928012187,0.10804518357728868,SN=2=0.2097;SN=3-4=0.3004;SN=5-8=0.3178;SN=9-12=0.3017;SN>=13=0.2834,0.3048228266371291,
326,v11+v12_5f+v13+v14_avg3,4,CW,"0.273,0.218,0.340,0.170","0.364,0.065,0.204,0.367","0.031,0.357,0.321,0.291",1.0,1.0,0.32435473223007816,0.14904511828383074,0.6154355875864079,0.31244705772284515,0.10904625890176997,SN=2=0.2092;SN=3-4=0.2993;SN=5-8=0.3182;SN=9-12=0.3013;SN>=13=0.2848,0.3047853274176117,
327,v11plus+v12_5f+v14_avg3,3,CW,"0.257,0.158,0.585","0.257,0.066,0.677","0.044,0.362,0.594",1.0,1.0,0.3170790080894092,0.15576436026709967,0.614376502083574,0.31201264775931836,0.10864139660925043,SN=2=0.2087;SN=3-4=0.2974;SN=5-8=0.3173;SN=9-12=0.3000;SN>=13=0.2859,0.3045533486003447,
328,v11+v12_5f+v13,3,CW,"0.275,0.446,0.279","0.484,0.177,0.339","0.017,0.646,0.337",1.0,1.0,0.3242303577250948,0.14828711255882826,0.614606803853281,0.3119283488842255,0.10877824805129632,SN=2=0.2101;SN=3-4=0.3004;SN=5-8=0.3189;SN=9-12=0.3001;SN>=13=0.2827,0.3044006240042289,
329,v11+v12_5f+v13+v14_seed0,4,CW,"0.259,0.411,0.296,0.035","0.397,0.065,0.216,0.321","0.032,0.420,0.293,0.255",1.0,1.0,0.32509994602966635,0.14808444423008782,0.6149807645283446,0.31226990900957063,0.10989405645536571,SN=2=0.2089;SN=3-4=0.2999;SN=5-8=0.3188;SN=9-12=0.3020;SN>=13=0.2842,0.3041842799275394,
330,v11plus+v12_5f+v14_seed0,3,CW,"0.271,0.386,0.343","0.246,0.001,0.753","0.027,0.568,0.405",1.0,1.0,0.3181650939845486,0.15418067300280128,0.6135452002189764,0.3116473468387353,0.10909508341574309,SN=2=0.2076;SN=3-4=0.2973;SN=5-8=0.3167;SN=9-12=0.2985;SN>=13=0.2880,0.3039612042765153,
331,v11+v11plus+v13+v14_avg3,4,CW,"0.138,0.071,0.344,0.446","0.396,0.050,0.105,0.448","0.041,0.032,0.103,0.823",1.0,1.0,0.32483769952760155,0.14355801725661185,0.6138266793804914,0.31012362258978365,0.10636917365134443,SN=2=0.2078;SN=3-4=0.2979;SN=5-8=0.3142;SN=9-12=0.2977;SN>=13=0.2850,0.303800434909763,
332,v11+v11plus+v12_5f+v13+v14_seed0,5,CW,"0.171,0.144,0.078,0.385,0.221","0.309,0.103,0.083,0.204,0.302","0.011,0.025,0.584,0.151,0.229",1.0,1.0,0.3233162124913509,0.14834366873327554,0.6147020840240869,0.31160436929466795,0.10951742429174682,SN=2=0.2083;SN=3-4=0.2989;SN=5-8=0.3179;SN=9-12=0.2986;SN>=13=0.2829,0.3037070562944461,
333,v11+v13+v14_seed1,3,CW,"0.314,0.344,0.342","0.379,0.265,0.356","0.030,0.269,0.701",1.0,1.0,0.3227157567701819,0.14834661567878957,0.6147467734320087,0.31137430366599034,0.10941383439661495,SN=2=0.2081;SN=3-4=0.2976;SN=5-8=0.3175;SN=9-12=0.3005;SN>=13=0.2853,0.3035287856133344,
334,v11+v11plus+v12_5f+v13+v14_seed2,5,CW,"0.143,0.185,0.114,0.340,0.217","0.411,0.039,0.100,0.157,0.292","0.004,0.015,0.581,0.198,0.202",1.0,1.0,0.3233232215739913,0.14673327913001158,0.6149347224085793,0.31100954476331705,0.10908520576416669,SN=2=0.2074;SN=3-4=0.2994;SN=5-8=0.3165;SN=9-12=0.2986;SN>=13=0.2813,0.3033283410268853,
335,v11+v11plus+v12_5f+v13,4,CW,"0.229,0.166,0.264,0.341","0.386,0.089,0.173,0.352","0.033,0.004,0.686,0.277",1.0,1.0,0.32028912197172,0.1491918992126393,0.6144997267480823,0.3106923538233602,0.10863087828377233,SN=2=0.2071;SN=3-4=0.2993;SN=5-8=0.3157;SN=9-12=0.2978;SN>=13=0.2818,0.3032383138271256,
336,v11+v11plus+v13+v14_seed2,4,CW,"0.144,0.218,0.367,0.271","0.283,0.074,0.277,0.365","0.029,0.031,0.380,0.560",1.0,1.0,0.3215695620537286,0.15110546999828642,0.613651080964204,0.31180022901364685,0.11128178186866522,SN=2=0.2065;SN=3-4=0.2979;SN=5-8=0.3178;SN=9-12=0.3010;SN>=13=0.2846,0.3030207372249658,
337,v11+v11plus+v12_5f+v13+v14_seed1,5,CW,"0.161,0.157,0.093,0.335,0.254","0.324,0.046,0.115,0.112,0.402","0.030,0.037,0.297,0.249,0.386",1.0,1.0,0.32375063831172557,0.14687646200671706,0.6158154537418127,0.3114139308757396,0.11051143537692465,SN=2=0.2072;SN=3-4=0.2992;SN=5-8=0.3177;SN=9-12=0.2983;SN>=13=0.2821,0.30301961233292884,
338,v11+v11plus+v12_5f+v13+v14_avg3,5,CW,"0.193,0.152,0.064,0.380,0.212","0.339,0.076,0.033,0.159,0.393","0.038,0.003,0.277,0.411,0.271",1.0,1.0,0.32191251547684874,0.1468023106955179,0.6151425020830195,0.31051443088555053,0.10987034295341003,SN=2=0.2064;SN=3-4=0.2978;SN=5-8=0.3163;SN=9-12=0.2993;SN>=13=0.2828,0.3024406585544971,
339,v11+v11plus+v13+v14_seed0,4,CW,"0.255,0.090,0.360,0.294","0.334,0.052,0.243,0.370","0.038,0.001,0.470,0.491",1.0,1.0,0.32124259430958724,0.14851850032595135,0.6126725335895636,0.3104389445721282,0.10980433608798554,SN=2=0.2064;SN=3-4=0.2965;SN=5-8=0.3162;SN=9-12=0.2994;SN>=13=0.2842,0.30239817567378696,
340,v11+v13+v14_seed0,3,CW,"0.268,0.397,0.336","0.365,0.117,0.518","0.038,0.406,0.556",1.0,1.0,0.32416086750909356,0.1446571607629444,0.6128179565070708,0.31009080261022937,0.1106745735669728,SN=2=0.2068;SN=3-4=0.2959;SN=5-8=0.3174;SN=9-12=0.2990;SN>=13=0.2844,0.30161491497239457,
341,v11+v11plus+v12_5f,3,CW,"0.168,0.217,0.615","0.538,0.016,0.446","0.015,0.048,0.936",1.0,1.0,0.3155019718619789,0.14292664048970208,0.6120178982019314,0.30577502458105865,0.10602994226523452,SN=2=0.2055;SN=3-4=0.2963;SN=5-8=0.3115;SN=9-12=0.2907;SN>=13=0.2706,0.29962145259409295,
342,v11+v12_5f+v14_seed1,3,CW,"0.260,0.577,0.163","0.415,0.108,0.476","0.022,0.326,0.652",1.0,1.0,0.3179649884558539,0.14242896040524775,0.6143027254519079,0.30701812463482225,0.10876575925235638,SN=2=0.2050;SN=3-4=0.2945;SN=5-8=0.3137;SN=9-12=0.2949;SN>=13=0.2783,0.29949664415429567,
343,v11+v11plus+v13,3,CW,"0.258,0.262,0.480","0.457,0.008,0.535","0.059,0.067,0.874",1.0,1.0,0.3140888496596741,0.1478245288489304,0.6067871397197424,0.3061227793473903,0.10713079156808356,SN=2=0.2039;SN=3-4=0.2946;SN=5-8=0.3110;SN=9-12=0.2954;SN>=13=0.2762,0.2994187827090001,
344,v11+v12_5f+v14_seed2,3,CW,"0.273,0.607,0.120","0.411,0.132,0.457","0.017,0.529,0.454",1.0,1.0,0.31735340653215094,0.14489721932158411,0.6134213196191736,0.30758451426532873,0.11025674233187494,SN=2=0.2049;SN=3-4=0.2959;SN=5-8=0.3152;SN=9-12=0.2947;SN>=13=0.2776,0.2993175422450428,
345,v11+v11plus+v12_5f+v14_avg3,4,CW,"0.125,0.219,0.473,0.183","0.294,0.080,0.106,0.521","0.018,0.040,0.353,0.589",1.0,1.0,0.31691010623784877,0.14529514708232094,0.6143318077251969,0.30774846287310725,0.11066205322663936,SN=2=0.2033;SN=3-4=0.2954;SN=5-8=0.3139;SN=9-12=0.2950;SN>=13=0.2785,0.29927883540543915,
346,v11+v12_5f+v14_avg3,3,CW,"0.278,0.661,0.061","0.418,0.128,0.453","0.021,0.411,0.567",1.0,1.0,0.3173313906011687,0.14391189780531569,0.6141657261462126,0.3073304605918363,0.11042875060913049,SN=2=0.2042;SN=3-4=0.2956;SN=5-8=0.3146;SN=9-12=0.2960;SN>=13=0.2779,0.2989774844329226,
347,v11+v11plus+v12_5f+v14_seed1,4,CW,"0.158,0.221,0.524,0.097","0.403,0.032,0.122,0.444","0.012,0.017,0.404,0.567",1.0,1.0,0.31580994599025175,0.14206406649244482,0.6145788436831375,0.30606537372970616,0.1086269671431715,SN=2=0.2024;SN=3-4=0.2948;SN=5-8=0.3111;SN=9-12=0.2929;SN>=13=0.2755,0.29861328930377196,
348,v11+v11plus+v12_5f+v14_seed0,4,CW,"0.219,0.174,0.210,0.397","0.315,0.112,0.188,0.385","0.013,0.015,0.434,0.538",1.0,1.0,0.31359974779937205,0.14542770782331507,0.6134094851438296,0.30629287927784077,0.10914761666389655,SN=2=0.2034;SN=3-4=0.2943;SN=5-8=0.3126;SN=9-12=0.2917;SN>=13=0.2765,0.2985804700915441,
349,v11+v12_5f+v14_seed0,3,CW,"0.290,0.497,0.213","0.420,0.104,0.476","0.018,0.515,0.467",1.0,1.0,0.3162426996189021,0.14250631176967538,0.6132950260850698,0.30615860977244497,0.1111390523676174,SN=2=0.2038;SN=3-4=0.2946;SN=5-8=0.3149;SN=9-12=0.2945;SN>=13=0.2778,0.29745048273428787,
350,v11+v11plus+v12_5f+v14_seed2,4,CW,"0.226,0.198,0.330,0.246","0.359,0.083,0.170,0.388","0.004,0.064,0.550,0.382",1.0,1.0,0.31219948312265067,0.14467187954509247,0.6134112425553737,0.305430793578172,0.11032698986591569,SN=2=0.2014;SN=3-4=0.2938;SN=5-8=0.3117;SN=9-12=0.2922;SN>=13=0.2744,0.2971286977908657,
351,v11+v11plus+v14_avg3,3,CW,"0.215,0.247,0.539","0.320,0.081,0.599","0.027,0.031,0.942",1.0,1.0,0.3098539941768198,0.14275217884406907,0.6132136162642488,0.3036851924612053,0.10810122750958917,SN=2=0.1997;SN=3-4=0.2907;SN=5-8=0.3078;SN=9-12=0.2929;SN>=13=0.2736,0.2964959778520623,
352,v11+v11plus+v14_seed1,3,CW,"0.188,0.272,0.540","0.228,0.146,0.627","0.047,0.024,0.929",1.0,1.0,0.31038876485926126,0.14368928037713874,0.613020672278529,0.3042353525502658,0.11100633394939227,SN=2=0.1995;SN=3-4=0.2909;SN=5-8=0.3105;SN=9-12=0.2931;SN>=13=0.2748,0.2955935847212212,
353,v11+v11plus+v14_seed0,3,CW,"0.186,0.217,0.596","0.248,0.134,0.618","0.001,0.038,0.961",1.0,1.0,0.3112064174380362,0.14387206592820906,0.6108287964227932,0.30419715263105673,0.11100269293198345,SN=2=0.1993;SN=3-4=0.2909;SN=5-8=0.3103;SN=9-12=0.2921;SN>=13=0.2794,0.2955572053107166,
354,v11+v11plus+v14_seed2,3,CW,"0.201,0.228,0.570","0.351,0.074,0.575","0.002,0.066,0.932",1.0,1.0,0.3106479115638233,0.1432312550978772,0.6111644735787745,0.3037845613804351,0.11022789584995629,SN=2=0.1999;SN=3-4=0.2905;SN=5-8=0.3101;SN=9-12=0.2923;SN>=13=0.2760,0.2955320126011085,
355,v11+v11plus+v14_seed1+v16_avg3,4,CW,"0.166,0.217,0.287,0.331","0.307,0.021,0.462,0.211","0.018,0.057,0.748,0.177",1.0,1.0,0.31976029903322095,0.10208414770274687,0.6131492116690753,0.29136762102820224,0.10593169624775067,SN=2=0.1927;SN=3-4=0.2753;SN=5-8=0.2986;SN=9-12=0.2757;SN>=13=0.2556,0.2852631720499785,
356,v11+v13+v14_seed2+v16_avg3,4,CW,"0.223,0.366,0.034,0.377","0.281,0.246,0.182,0.291","0.036,0.405,0.348,0.211",1.0,1.0,0.33576777434912497,0.06724317453043262,0.6134934539373754,0.2839030703392981,0.09291460762755277,SN=2=0.1971;SN=3-4=0.2647;SN=5-8=0.2900;SN=9-12=0.2686;SN>=13=0.2615,0.2839030703392981,
357,v11+v13+v14_seed1+v16_avg3,4,CW,"0.245,0.359,0.051,0.346","0.267,0.220,0.224,0.289","0.019,0.321,0.595,0.065",1.0,1.0,0.3347091217669203,0.06745373699988155,0.6147465193086493,0.28381444736845063,0.09334548274263388,SN=2=0.1973;SN=3-4=0.2637;SN=5-8=0.2906;SN=9-12=0.2690;SN>=13=0.2620,0.28381444736845063,
358,v11+v11plus+v13+v14_seed0+v16_avg3,5,CW,"0.060,0.189,0.346,0.001,0.404","0.242,0.028,0.252,0.168,0.309","0.012,0.029,0.438,0.432,0.089",1.0,1.0,0.3354479217953681,0.059833885499834996,0.6132864551972201,0.2807700139575253,0.09123036974672094,SN=2=0.1946;SN=3-4=0.2611;SN=5-8=0.2858;SN=9-12=0.2664;SN>=13=0.2554,0.2807700139575253,
359,v11+v11plus+v14_seed2+v16_avg3,4,CW,"0.187,0.217,0.285,0.311","0.130,0.138,0.473,0.259","0.004,0.042,0.494,0.460",1.0,1.0,0.3177709835079222,0.08527258684214664,0.6119040179338749,0.28359823172680254,0.10040278636568933,SN=2=0.1893;SN=3-4=0.2637;SN=5-8=0.2897;SN=9-12=0.2696;SN>=13=0.2545,0.28025823768960945,
360,v11+v11plus+v12_5f+v13+v14_seed2+v16_avg3,6,CW,"0.205,0.129,0.054,0.325,0.005,0.282","0.153,0.117,0.028,0.101,0.270,0.331","0.016,0.023,0.290,0.429,0.105,0.137",1.0,1.0,0.329104541836235,0.05625515186466853,0.6151031657671624,0.2771645106337939,0.08673347741296578,SN=2=0.1940;SN=3-4=0.2566;SN=5-8=0.2807;SN=9-12=0.2638;SN>=13=0.2549,0.2771645106337939,
361,v11+v11plus+v12_5f+v13+v14_avg3+v16_avg3,6,CW,"0.062,0.249,0.039,0.257,0.027,0.365","0.098,0.038,0.022,0.081,0.424,0.337","0.013,0.031,0.489,0.371,0.040,0.057",1.0,1.0,0.33070141273542114,0.05195123091448652,0.6152393280334157,0.27610892306664625,0.08646251710203395,SN=2=0.1919;SN=3-4=0.2583;SN=5-8=0.2784;SN=9-12=0.2624;SN>=13=0.2501,0.27610892306664625,
362,v11+v14_seed1+v16_avg3,3,CW,"0.342,0.383,0.275","0.278,0.410,0.312","0.040,0.762,0.198",1.0,1.0,0.3221616921060418,0.06065763940868747,0.6129543126661472,0.27571859513912117,0.09159572061102,SN=2=0.1919;SN=3-4=0.2562;SN=5-8=0.2835;SN=9-12=0.2644;SN>=13=0.2496,0.27571859513912117,
363,v11+v12_5f+v13+v14_seed0+v16_avg3,5,CW,"0.308,0.056,0.384,0.009,0.244","0.258,0.013,0.046,0.324,0.359","0.018,0.440,0.282,0.033,0.227",1.0,1.0,0.3314309997786479,0.0467226635009033,0.6150616611519918,0.27427379754221887,0.08211606277231659,SN=2=0.1949;SN=3-4=0.2552;SN=5-8=0.2771;SN=9-12=0.2635;SN>=13=0.2517,0.27427379754221887,
364,v11plus+v12_5f+v13+v14_seed1+v16_avg3,5,CW,"0.175,0.065,0.329,0.058,0.373","0.132,0.040,0.088,0.209,0.531","0.041,0.316,0.375,0.245,0.023",1.0,1.0,0.3384694321581421,0.0375270391431492,0.6158305497419612,0.27356469846890874,0.07713068632299525,SN=2=0.1961;SN=3-4=0.2538;SN=5-8=0.2732;SN=9-12=0.2595;SN>=13=0.2504,0.27356469846890874,
365,v11+v12_5f+v13+v14_avg3+v16_avg3,5,CW,"0.225,0.023,0.398,0.042,0.312","0.245,0.066,0.136,0.120,0.433","0.030,0.371,0.255,0.327,0.018",1.0,1.0,0.33607938765456175,0.038118216975319745,0.6154384229595399,0.2727667264438606,0.07764074012279437,SN=2=0.1964;SN=3-4=0.2531;SN=5-8=0.2741;SN=9-12=0.2606;SN>=13=0.2517,0.2727667264438606,
366,v11+v12_5f+v13+v14_seed2+v16_avg3,5,CW,"0.212,0.067,0.317,0.005,0.399","0.297,0.118,0.134,0.018,0.433","0.018,0.365,0.226,0.242,0.148",1.0,1.0,0.3353158552672381,0.03825576778487983,0.6150488122458997,0.27243841167002714,0.07973659123835841,SN=2=0.1943;SN=3-4=0.2534;SN=5-8=0.2740;SN=9-12=0.2592;SN>=13=0.2504,0.27243841167002714,
367,v11+v13+v14_seed0+v16_avg3,4,CW,"0.201,0.377,0.015,0.407","0.257,0.113,0.185,0.445","0.034,0.337,0.224,0.405",1.0,1.0,0.33667525798759496,0.037295633776009314,0.6133492851351485,0.27225821373247144,0.08015398426701312,SN=2=0.1939;SN=3-4=0.2531;SN=5-8=0.2741;SN=9-12=0.2603;SN>=13=0.2534,0.27225821373247144,
368,v11+v13+v16_avg3,3,CW,"0.222,0.377,0.401","0.277,0.277,0.446","0.017,0.354,0.629",1.0,1.0,0.33554700309367413,0.037230688750619356,0.6128810347928279,0.271687283696283,0.07887944741146405,SN=2=0.1942;SN=3-4=0.2524;SN=5-8=0.2730;SN=9-12=0.2606;SN>=13=0.2529,0.271687283696283,
369,v11plus+v12_5f+v13+v14_seed2+v16_avg3,5,CW,"0.217,0.015,0.313,0.107,0.348","0.058,0.002,0.028,0.294,0.618","0.018,0.460,0.364,0.087,0.070",1.0,1.0,0.33624761899389466,0.0338138122647663,0.6152425726441655,0.2710730870322975,0.07578563688747675,SN=2=0.1950;SN=3-4=0.2537;SN=5-8=0.2707;SN=9-12=0.2559;SN>=13=0.2443,0.2710730870322975,
370,v11plus+v13+v14_avg3+v16_avg3,4,CW,"0.182,0.365,0.085,0.367","0.042,0.132,0.215,0.611","0.028,0.283,0.647,0.041",1.0,1.0,0.3380221820524365,0.032105166471244305,0.6146083232304447,0.2709726040555613,0.07509764052913914,SN=2=0.1950;SN=3-4=0.2534;SN=5-8=0.2701;SN=9-12=0.2569;SN>=13=0.2468,0.2709726040555613,
371,v11+v11plus+v12_5f+v13+v16_avg3,5,CW,"0.153,0.142,0.067,0.367,0.270","0.262,0.057,0.147,0.069,0.465","0.033,0.002,0.275,0.352,0.338",1.0,1.0,0.33254878066627797,0.03570819221391552,0.6148686998396792,0.2702765291200132,0.07713616397663192,SN=2=0.1940;SN=3-4=0.2515;SN=5-8=0.2711;SN=9-12=0.2581;SN>=13=0.2452,0.2702765291200132,
372,v11+v11plus+v12_5f+v13+v14_seed1+v16_avg3,6,CW,"0.029,0.256,0.044,0.357,0.034,0.280","0.197,0.033,0.010,0.178,0.082,0.500","0.003,0.052,0.448,0.310,0.111,0.076",1.0,1.0,0.33467597870162336,0.03326456678542989,0.6154523527149853,0.2702666887378184,0.07594630662602675,SN=2=0.1943;SN=3-4=0.2516;SN=5-8=0.2703;SN=9-12=0.2571;SN>=13=0.2453,0.2702666887378184,
373,v11+v12_5f+v13+v14_seed1+v16_avg3,5,CW,"0.245,0.051,0.347,0.026,0.331","0.165,0.016,0.089,0.232,0.499","0.048,0.290,0.262,0.330,0.070",1.0,1.0,0.3341428044078369,0.03364956060736886,0.6155629995108158,0.27022954590824544,0.077339706114251,SN=2=0.1945;SN=3-4=0.2513;SN=5-8=0.2719;SN=9-12=0.2567;SN>=13=0.2469,0.27022954590824544,
374,v11+v11plus+v13+v16_avg3,4,CW,"0.124,0.187,0.352,0.337","0.288,0.022,0.234,0.457","0.001,0.045,0.373,0.581",1.0,1.0,0.33131272527526384,0.037559959585658845,0.6132280282765241,0.2701946795996739,0.07967142505125685,SN=2=0.1918;SN=3-4=0.2505;SN=5-8=0.2714;SN=9-12=0.2598;SN>=13=0.2469,0.2701946795996739,
375,v11plus+v12_5f+v13+v14_seed0+v16_avg3,5,CW,"0.289,0.065,0.274,0.050,0.322","0.101,0.142,0.104,0.078,0.575","0.026,0.400,0.272,0.087,0.214",1.0,1.0,0.33292933475442865,0.034560353270381254,0.6152967475365084,0.27005522471722565,0.07738812826277625,SN=2=0.1923;SN=3-4=0.2520;SN=5-8=0.2697;SN=9-12=0.2568;SN>=13=0.2440,0.27005522471722565,
376,v11+v12_5f+v13+v16_avg3,4,CW,"0.247,0.003,0.430,0.321","0.219,0.161,0.108,0.512","0.032,0.362,0.345,0.261",1.0,1.0,0.3355449060037551,0.03206410749209752,0.6150032292808407,0.2700442512545092,0.07701382697398448,SN=2=0.1953;SN=3-4=0.2514;SN=5-8=0.2723;SN=9-12=0.2568;SN>=13=0.2479,0.2700442512545092,
377,v11plus+v12_5f+v13+v14_avg3+v16_avg3,5,CW,"0.235,0.060,0.320,0.008,0.378","0.046,0.024,0.204,0.106,0.620","0.042,0.412,0.274,0.230,0.042",1.0,1.0,0.3359242649237775,0.0309971994691421,0.6155809886394052,0.2698847834850489,0.07691551336791558,SN=2=0.1927;SN=3-4=0.2523;SN=5-8=0.2696;SN=9-12=0.2556;SN>=13=0.2430,0.2698847834850489,
378,v11plus+v13+v14_seed0+v16_avg3,4,CW,"0.294,0.326,0.126,0.254","0.078,0.097,0.259,0.567","0.040,0.353,0.117,0.490",1.0,1.0,0.33294580652667843,0.03474606456461644,0.6135239351267552,0.269781535461869,0.07834705904046504,SN=2=0.1921;SN=3-4=0.2516;SN=5-8=0.2705;SN=9-12=0.2572;SN>=13=0.2455,0.269781535461869,
379,v11+v12_5f+v14_seed2+v16_avg3,4,CW,"0.282,0.255,0.096,0.368","0.282,0.078,0.243,0.398","0.033,0.528,0.300,0.139",1.0,1.0,0.3252344050635464,0.04237474660792741,0.613534513836667,0.2697505634359229,0.08086981364053503,SN=2=0.1925;SN=3-4=0.2518;SN=5-8=0.2733;SN=9-12=0.2567;SN>=13=0.2436,0.2697505634359229,
380,v11plus+v12_5f+v14_seed1+v16_avg3,4,CW,"0.316,0.228,0.138,0.318","0.128,0.118,0.318,0.437","0.022,0.420,0.492,0.066",1.0,1.0,0.3262683596396017,0.04073858648948107,0.6145418856483958,0.2697111555813123,0.07586200102774676,SN=2=0.1916;SN=3-4=0.2527;SN=5-8=0.2675;SN=9-12=0.2566;SN>=13=0.2448,0.2697111555813123,
381,v11+v12_5f+v14_seed0+v16_avg3,4,CW,"0.262,0.299,0.087,0.352","0.299,0.093,0.195,0.413","0.012,0.377,0.247,0.364",1.0,1.0,0.32727781176287507,0.03977845355019376,0.6133914036067458,0.26950078684657675,0.08115959495670752,SN=2=0.1921;SN=3-4=0.2515;SN=5-8=0.2733;SN=9-12=0.2560;SN>=13=0.2459,0.26950078684657675,
382,v11plus+v12_5f+v13+v16_avg3,4,CW,"0.253,0.127,0.252,0.368","0.099,0.105,0.171,0.624","0.037,0.411,0.260,0.292",1.0,1.0,0.3341723119420226,0.03156664720896886,0.6152179103021637,0.26933916572082933,0.07878284427042423,SN=2=0.1913;SN=3-4=0.2512;SN=5-8=0.2701;SN=9-12=0.2551;SN>=13=0.2426,0.26933916572082933,
383,v11+v11plus+v13+v14_seed2+v16_avg3,5,CW,"0.080,0.220,0.246,0.112,0.343","0.093,0.037,0.098,0.278,0.494","0.012,0.020,0.290,0.259,0.420",1.0,1.0,0.3303574842214307,0.03607181576111465,0.613776719388089,0.26932706387063593,0.07928630632262876,SN=2=0.1906;SN=3-4=0.2505;SN=5-8=0.2699;SN=9-12=0.2568;SN>=13=0.2446,0.26932706387063593,
384,v11+v13+v14_avg3+v16_avg3,4,CW,"0.259,0.410,0.024,0.307","0.142,0.159,0.161,0.538","0.009,0.292,0.638,0.061",1.0,1.0,0.3346372165107397,0.03149924893899692,0.6141997547491762,0.2692945371297299,0.07669428079247473,SN=2=0.1936;SN=3-4=0.2502;SN=5-8=0.2703;SN=9-12=0.2573;SN>=13=0.2497,0.2692945371297299,
385,v11plus+v13+v16_avg3,3,CW,"0.223,0.401,0.376","0.097,0.252,0.651","0.028,0.362,0.611",1.0,1.0,0.33701003900652127,0.029537181503467035,0.6132032285593944,0.2692595339158742,0.07582474407114331,SN=2=0.1927;SN=3-4=0.2508;SN=5-8=0.2685;SN=9-12=0.2575;SN>=13=0.2466,0.2692595339158742,
386,v11plus+v12_5f+v14_seed0+v16_avg3,4,CW,"0.278,0.216,0.191,0.316","0.133,0.100,0.279,0.487","0.029,0.513,0.250,0.208",1.0,1.0,0.3277019851343157,0.03844074249265249,0.6137270015554461,0.2692024913618765,0.07595994375064857,SN=2=0.1916;SN=3-4=0.2518;SN=5-8=0.2676;SN=9-12=0.2566;SN>=13=0.2437,0.2692024913618765,
387,v11plus+v13+v14_seed1+v16_avg3,4,CW,"0.271,0.293,0.051,0.385","0.060,0.176,0.151,0.614","0.024,0.361,0.606,0.008",1.0,1.0,0.3337356000217188,0.0315423923105586,0.6150049458511306,0.2691121861031371,0.0789428285192918,SN=2=0.1901;SN=3-4=0.2515;SN=5-8=0.2690;SN=9-12=0.2561;SN>=13=0.2437,0.2691121861031371,
388,v11plus+v13+v14_seed2+v16_avg3,4,CW,"0.294,0.259,0.121,0.326","0.070,0.051,0.265,0.614","0.024,0.335,0.268,0.373",1.0,1.0,0.3317860296653755,0.033771194211416056,0.6137684797681899,0.26897658550435466,0.07829465153376089,SN=2=0.1906;SN=3-4=0.2516;SN=5-8=0.2689;SN=9-12=0.2558;SN>=13=0.2433,0.26897658550435466,
389,v11plus+v12_5f+v14_seed2+v16_avg3,4,CW,"0.261,0.331,0.029,0.380","0.107,0.002,0.328,0.563","0.023,0.430,0.290,0.257",1.0,1.0,0.3283381510545376,0.03695273997651043,0.6137995517118726,0.26887626675479376,0.07609638068078492,SN=2=0.1910;SN=3-4=0.2511;SN=5-8=0.2671;SN=9-12=0.2555;SN>=13=0.2426,0.26887626675479376,
390,v11+v12_5f+v14_avg3+v16_avg3,4,CW,"0.223,0.285,0.124,0.368","0.282,0.174,0.089,0.455","0.034,0.339,0.475,0.153",1.0,1.0,0.3291620400112098,0.0357193735630351,0.6140356442763789,0.26875969428497376,0.07862821452007546,SN=2=0.1932;SN=3-4=0.2509;SN=5-8=0.2719;SN=9-12=0.2535;SN>=13=0.2432,0.26875969428497376,
391,v11+v11plus+v13+v14_avg3+v16_avg3,5,CW,"0.141,0.214,0.334,0.112,0.200","0.096,0.085,0.171,0.166,0.481","0.022,0.003,0.299,0.586,0.090",1.0,1.0,0.32835592380874573,0.036040107044872635,0.6143736064799055,0.26863313363742847,0.0776904276128676,SN=2=0.1912;SN=3-4=0.2496;SN=5-8=0.2688;SN=9-12=0.2562;SN>=13=0.2447,0.26863313363742847,
392,v11+v11plus+v12_5f+v14_seed2+v16_avg3,5,CW,"0.189,0.142,0.263,0.093,0.314","0.299,0.020,0.181,0.100,0.399","0.031,0.024,0.406,0.396,0.144",1.0,1.0,0.32355974006046184,0.0410079741944535,0.6137019415268883,0.2685674740073438,0.08022860346078114,SN=2=0.1904;SN=3-4=0.2506;SN=5-8=0.2707;SN=9-12=0.2556;SN>=13=0.2417,0.2685674740073438,
393,v11+v12_5f+v14_seed1+v16_avg3,4,CW,"0.270,0.356,0.009,0.365","0.298,0.176,0.076,0.449","0.016,0.408,0.558,0.019",1.0,1.0,0.3268791761308864,0.036277773056620666,0.6143422226575543,0.2681312242065137,0.07937947407248933,SN=2=0.1919;SN=3-4=0.2505;SN=5-8=0.2713;SN=9-12=0.2541;SN>=13=0.2428,0.2681312242065137,
394,v11plus+v12_5f+v14_avg3+v16_avg3,4,CW,"0.279,0.195,0.166,0.360","0.103,0.017,0.301,0.580","0.028,0.392,0.462,0.118",1.0,1.0,0.32760781330067495,0.035250775232610665,0.6143165487725697,0.2680067451678282,0.0763134257009383,SN=2=0.1904;SN=3-4=0.2509;SN=5-8=0.2667;SN=9-12=0.2551;SN>=13=0.2415,0.2680067451678282,
395,v11+v11plus+v12_5f+v16_avg3,4,CW,"0.230,0.211,0.335,0.223","0.367,0.029,0.235,0.369","0.015,0.051,0.374,0.560",1.0,1.0,0.31679382623507446,0.046531139031054894,0.6131068151469192,0.26795134913583557,0.08120487374509927,SN=2=0.1877;SN=3-4=0.2514;SN=5-8=0.2689;SN=9-12=0.2566;SN>=13=0.2393,0.26795134913583557,
396,v11+v14_avg3+v16_avg3,3,CW,"0.313,0.334,0.353","0.268,0.320,0.412","0.034,0.924,0.042",1.0,1.0,0.3226343839874439,0.04068074558062928,0.6128902372762348,0.26790409928247627,0.08201921086955882,SN=2=0.1895;SN=3-4=0.2494;SN=5-8=0.2715;SN=9-12=0.2567;SN>=13=0.2458,0.26790409928247627,
397,v11plus+v14_avg3+v16_avg3,3,CW,"0.279,0.365,0.356","0.089,0.362,0.549","0.041,0.811,0.149",1.0,1.0,0.326041989733863,0.0366609183501247,0.6131521621402873,0.2677115956616526,0.07698320726081687,SN=2=0.1898;SN=3-4=0.2500;SN=5-8=0.2668;SN=9-12=0.2561;SN>=13=0.2429,0.2677115956616526,
398,v11+v12_5f+v16_avg3,3,CW,"0.282,0.378,0.340","0.317,0.235,0.448","0.020,0.479,0.501",1.0,1.0,0.32669675661993197,0.035965311314891064,0.6132186393259766,0.26770855503912455,0.07957842986045344,SN=2=0.1916;SN=3-4=0.2504;SN=5-8=0.2711;SN=9-12=0.2541;SN>=13=0.2418,0.26770855503912455,
399,v11+v11plus+v13+v14_seed1+v16_avg3,5,CW,"0.179,0.131,0.325,0.083,0.282","0.112,0.045,0.168,0.112,0.563","0.024,0.023,0.301,0.525,0.127",1.0,1.0,0.33100514132278,0.030678563569573956,0.6150846238377585,0.2676904067244933,0.07642729037924456,SN=2=0.1918;SN=3-4=0.2490;SN=5-8=0.2683;SN=9-12=0.2555;SN>=13=0.2427,0.2676904067244933,
400,v11plus+v14_seed2+v16_avg3,3,CW,"0.276,0.393,0.331","0.113,0.323,0.564","0.034,0.470,0.495",1.0,1.0,0.32579675112179596,0.03726129682449789,0.6118688098849947,0.2675969811555165,0.07544832180487712,SN=2=0.1904;SN=3-4=0.2492;SN=5-8=0.2658;SN=9-12=0.2556;SN>=13=0.2430,0.2675969811555165,
401,v11plus+v14_seed0+v16_avg3,3,CW,"0.303,0.345,0.352","0.143,0.312,0.545","0.035,0.392,0.574",1.0,1.0,0.3251712442021331,0.03669098677709061,0.611709426271698,0.26708677764602906,0.07715203476204258,SN=2=0.1885;SN=3-4=0.2495;SN=5-8=0.2657;SN=9-12=0.2565;SN>=13=0.2433,0.26708677764602906,
402,v11+v11plus+v12_5f+v14_seed1+v16_avg3,5,CW,"0.164,0.210,0.109,0.257,0.260","0.271,0.016,0.105,0.188,0.420","0.036,0.026,0.361,0.280,0.297",1.0,1.0,0.32130362912708743,0.03889396237193106,0.614144964350255,0.2669080294696584,0.0772268411267848,SN=2=0.1894;SN=3-4=0.2495;SN=5-8=0.2667;SN=9-12=0.2548;SN>=13=0.2397,0.2669080294696584,
403,v11plus+v14_seed1+v16_avg3,3,CW,"0.312,0.352,0.336","0.057,0.384,0.559","0.044,0.786,0.170",1.0,1.0,0.32531219603624795,0.035268161181039585,0.6132904675410411,0.2668902363951232,0.07666995934585352,SN=2=0.1893;SN=3-4=0.2494;SN=5-8=0.2660;SN=9-12=0.2549;SN>=13=0.2414,0.2668902363951232,
404,v11+v14_seed0+v16_avg3,3,CW,"0.349,0.292,0.359","0.278,0.323,0.400","0.027,0.416,0.557",1.0,1.0,0.31932934846068656,0.04123906364505635,0.6114154880524265,0.2665104624527825,0.08332853227836493,SN=2=0.1875;SN=3-4=0.2482;SN=5-8=0.2708;SN=9-12=0.2565;SN>=13=0.2449,0.2665104624527825,
405,v11plus+v12_5f+v16_avg3,3,CW,"0.277,0.316,0.407","0.092,0.272,0.636","0.034,0.431,0.535",1.0,1.0,0.3277110776265172,0.03183135269607526,0.6134367180096182,0.2665043157309606,0.07480842144195932,SN=2=0.1899;SN=3-4=0.2505;SN=5-8=0.2647;SN=9-12=0.2531;SN>=13=0.2378,0.2665043157309606,
406,v11+v11plus+v12_5f+v14_avg3+v16_avg3,5,CW,"0.190,0.149,0.252,0.134,0.275","0.177,0.056,0.119,0.183,0.466","0.026,0.004,0.249,0.556,0.165",1.0,1.0,0.32341972973940825,0.03547101278887192,0.614000226245697,0.26635634226045146,0.07743848152594546,SN=2=0.1897;SN=3-4=0.2483;SN=5-8=0.2672;SN=9-12=0.2530;SN>=13=0.2400,0.26635634226045146,
407,v11+v11plus+v12_5f+v13+v14_seed0+v16_avg3,6,CW,"0.211,0.140,0.071,0.384,0.041,0.153","0.122,0.032,0.112,0.113,0.065,0.557","0.033,0.026,0.266,0.331,0.009,0.335",1.0,1.0,0.3272354379390764,0.030810501138653294,0.6149587519174102,0.26621012601457394,0.07658773559795401,SN=2=0.1909;SN=3-4=0.2486;SN=5-8=0.2675;SN=9-12=0.2539;SN>=13=0.2397,0.26621012601457394,
408,v11+v11plus+v12_5f+v14_seed0+v16_avg3,5,CW,"0.154,0.240,0.245,0.113,0.247","0.070,0.147,0.033,0.261,0.489","0.014,0.051,0.506,0.236,0.193",1.0,1.0,0.3197844598593435,0.037333691576631106,0.6135115676524171,0.2655495741048733,0.07895041242188164,SN=2=0.1869;SN=3-4=0.2468;SN=5-8=0.2658;SN=9-12=0.2552;SN>=13=0.2396,0.2655495741048733,
409,v11+v14_seed2+v16_avg3,3,CW,"0.314,0.325,0.362","0.049,0.312,0.639","0.026,0.520,0.454",1.0,1.0,0.32163106536031216,0.03081969944409002,0.6115262478836474,0.26328555549849036,0.07679524933470441,SN=2=0.1876;SN=3-4=0.2461;SN=5-8=0.2644;SN=9-12=0.2511;SN>=13=0.2381,0.26328555549849036,
410,v11+v11plus+v14_avg3+v16_avg3,4,CW,"0.217,0.196,0.290,0.298","0.103,0.047,0.322,0.528","0.008,0.043,0.739,0.210",1.0,1.0,0.31756812063069184,0.03400408387135832,0.6131141079922893,0.26325170339927795,0.07859332259937399,SN=2=0.1853;SN=3-4=0.2450;SN=5-8=0.2639;SN=9-12=0.2525;SN>=13=0.2374,0.26325170339927795,
411,v11+v11plus+v14_seed0+v16_avg3,4,CW,"0.282,0.159,0.354,0.204","0.136,0.103,0.223,0.538","0.000,0.019,0.429,0.552",1.0,1.0,0.31434019805705204,0.03354353771968374,0.6115632830629804,0.2614661509232904,0.07836258520953371,SN=2=0.1840;SN=3-4=0.2431;SN=5-8=0.2624;SN=9-12=0.2518;SN>=13=0.2379,0.2614661509232904,
412,v11+v11plus+v16_avg3,3,CW,"0.267,0.153,0.580","0.106,0.106,0.787","0.002,0.048,0.950",1.0,1.0,0.311252013599861,0.02388467722392158,0.6102666920532602,0.2561080147401651,0.0782351066291116,SN=2=0.1818;SN=3-4=0.2397;SN=5-8=0.2601;SN=9-12=0.2442;SN>=13=0.2281,0.2561080147401651,
