rank,eligible_rank,subset,n_models,calibration,w_a,w_p,w_s,t_a,t_p,temp_at_edge,f1_a,f1_p,auc,oof_ov,sn_spread,sn_buckets,spread_penalised_score,file
1,,v11_aug+v11plus+v13+v14_avg3+v16_testhist_aug,5,THR,"0.250,0.166,0.268,0.031,0.285","0.093,0.017,0.024,0.334,0.532","0.035,0.032,0.323,0.609,0.001",0.5,0.5,True,0.41871904368251617,0.23447195609966176,0.6141324054583216,0.38410288100453555,0.09504283996108664,SN=2=0.2795;SN=3-4=0.3561;SN=5-8=0.3746;SN=9-12=0.3546;SN>=13=0.3426,0.38410288100453555,
2,,v11_aug+v12_5f+v13+v14_seed0+v16_testhist_aug,5,THR,"0.217,0.017,0.335,0.048,0.383","0.198,0.160,0.101,0.071,0.470","0.021,0.441,0.327,0.068,0.144",0.5,0.5,True,0.4157190092617199,0.23689082481862794,0.6147698458528625,0.3839979028027117,0.09022005640039732,SN=2=0.2814;SN=3-4=0.3556;SN=5-8=0.3716;SN=9-12=0.3519;SN>=13=0.3407,0.3839979028027117,
3,,v11_aug+v11plus+v13+v14_seed2+v16_testhist_aug,5,THR,"0.245,0.136,0.288,0.052,0.279","0.143,0.029,0.106,0.219,0.503","0.005,0.041,0.297,0.546,0.111",0.5,0.5,True,0.41942739268204937,0.23352643108268537,0.6135898735379194,0.3838995042134778,0.09802065923544334,SN=2=0.2770;SN=3-4=0.3574;SN=5-8=0.3750;SN=9-12=0.3547;SN>=13=0.3444,0.3838995042134778,
4,,v11_aug+v11plus+v13+v16_testhist_aug,4,THR,"0.244,0.170,0.306,0.280","0.171,0.044,0.258,0.527","0.052,0.044,0.585,0.319",0.5,0.5,True,0.4189035603170127,0.23455557239367172,0.6104225872458958,0.38346817053345295,0.0962078015860039,SN=2=0.2786;SN=3-4=0.3561;SN=5-8=0.3748;SN=9-12=0.3541;SN>=13=0.3371,0.38346817053345295,
5,,v11+v11plus+v13+v14_avg3+v16_testhist_aug,5,THR,"0.138,0.132,0.419,0.014,0.298","0.064,0.021,0.199,0.095,0.622","0.035,0.039,0.350,0.536,0.040",0.5,0.5,True,0.4175229798703279,0.23392193911338363,0.6144007820029229,0.3834581239940692,0.09270011403886158,SN=2=0.2811;SN=3-4=0.3563;SN=5-8=0.3738;SN=9-12=0.3530;SN>=13=0.3424,0.3834581239940692,
6,,v11+v11_aug+v13+v14_avg3+v16_testhist_aug,5,THR,"0.133,0.267,0.234,0.117,0.250","0.037,0.068,0.191,0.183,0.522","0.011,0.022,0.205,0.610,0.152",0.5,0.5,True,0.41694636792246376,0.23453251190543128,0.6138386050267158,0.3833592729365012,0.0981300379212614,SN=2=0.2763;SN=3-4=0.3557;SN=5-8=0.3744;SN=9-12=0.3562;SN>=13=0.3464,0.3833592729365012,
7,,v11+v11_aug+v13+v14_seed1+v16_testhist_aug,5,THR,"0.194,0.120,0.294,0.051,0.341","0.050,0.112,0.191,0.193,0.453","0.019,0.029,0.252,0.630,0.069",0.5,0.5,True,0.4171550649373873,0.2338752718374626,0.6144538739832227,0.3833029095065845,0.09630907165598168,SN=2=0.2778;SN=3-4=0.3566;SN=5-8=0.3741;SN=9-12=0.3542;SN>=13=0.3436,0.3833029095065845,
8,,v11_aug+v12_5f+v13+v14_seed1+v16_testhist_aug,5,THR,"0.274,0.015,0.321,0.090,0.301","0.115,0.055,0.140,0.127,0.563","0.019,0.336,0.218,0.343,0.084",0.5,0.5,True,0.4169719065740288,0.23301378532783215,0.6154610795421692,0.3830864926691782,0.09088103713995471,SN=2=0.2809;SN=3-4=0.3548;SN=5-8=0.3718;SN=9-12=0.3523;SN>=13=0.3412,0.3830864926691782,
9,,v11+v11_aug+v12_5f+v13+v16_testhist_aug,5,THR,"0.168,0.176,0.111,0.272,0.273","0.035,0.109,0.131,0.102,0.623","0.020,0.026,0.365,0.470,0.120",0.5,0.5,True,0.4178195922800438,0.232953030002672,0.6142215169495924,0.3831533523030048,0.09891626246939422,SN=2=0.2764;SN=3-4=0.3569;SN=5-8=0.3754;SN=9-12=0.3574;SN>=13=0.3435,0.382892745290786,
10,,v11+v13+v14_seed0+v16_testhist_aug,4,THR,"0.239,0.314,0.182,0.265","0.100,0.150,0.165,0.585","0.031,0.355,0.476,0.138",0.5,0.5,True,0.4159414715118324,0.23469203529554053,0.612983930413658,0.3828501888056808,0.0954380136186177,SN=2=0.2778;SN=3-4=0.3558;SN=5-8=0.3733;SN=9-12=0.3529;SN>=13=0.3441,0.3828501888056808,
11,,v11+v11plus+v13+v14_seed2+v16_testhist_aug,5,THR,"0.142,0.164,0.438,0.029,0.228","0.076,0.009,0.147,0.265,0.503","0.019,0.019,0.402,0.544,0.016",0.5,0.5,True,0.41734353524114326,0.2325195524651352,0.6136180102742932,0.3826688371373701,0.09532139300773462,SN=2=0.2782;SN=3-4=0.3561;SN=5-8=0.3736;SN=9-12=0.3525;SN>=13=0.3449,0.3826688371373701,
12,,v11+v13+v14_seed1+v16_testhist_aug,4,THR,"0.246,0.321,0.128,0.306","0.105,0.123,0.202,0.569","0.014,0.284,0.647,0.054",0.5,0.5,True,0.4157656820482981,0.23348051137601838,0.6146629708912451,0.38263107154797565,0.0959987909487865,SN=2=0.2780;SN=3-4=0.3564;SN=5-8=0.3740;SN=9-12=0.3530;SN>=13=0.3456,0.38263107154797565,
13,,v11+v12_5f+v13+v14_seed0+v16_testhist_aug,5,THR,"0.306,0.038,0.365,0.055,0.235","0.192,0.029,0.098,0.143,0.537","0.026,0.358,0.357,0.245,0.014",0.5,0.5,True,0.4159251895541922,0.23296790550540164,0.6149346188615612,0.3825441617961498,0.09516976335346639,SN=2=0.2782;SN=3-4=0.3566;SN=5-8=0.3734;SN=9-12=0.3548;SN>=13=0.3439,0.3825441617961498,
14,,v11+v12_5f+v13+v14_seed2+v16_testhist_aug,5,THR,"0.281,0.010,0.315,0.018,0.376","0.082,0.056,0.099,0.253,0.511","0.040,0.545,0.290,0.095,0.030",0.5,0.5,True,0.41518395124390506,0.2337032450415819,0.6148857133160851,0.3825320211774118,0.09500320378060556,SN=2=0.2785;SN=3-4=0.3550;SN=5-8=0.3735;SN=9-12=0.3527;SN>=13=0.3403,0.3825320211774118,
15,,v11_aug+v11plus+v12_5f+v13+v16_testhist_aug,5,THR,"0.252,0.158,0.098,0.198,0.294","0.148,0.053,0.115,0.101,0.582","0.018,0.044,0.488,0.421,0.030",0.5,0.5,True,0.41778213156036137,0.23109414164914305,0.6146936723758747,0.3824892437589767,0.09809337211432867,SN=2=0.2765;SN=3-4=0.3540;SN=5-8=0.3746;SN=9-12=0.3542;SN>=13=0.3402,0.3824892437589767,
16,,v11+v12_5f+v13+v14_seed1+v16_testhist_aug,5,THR,"0.192,0.079,0.358,0.033,0.337","0.257,0.026,0.195,0.217,0.305","0.022,0.360,0.233,0.271,0.114",0.5,0.5,True,0.4156911548436255,0.23264804113153534,0.6156070094687816,0.38245708028382064,0.09050222925915968,SN=2=0.2797;SN=3-4=0.3568;SN=5-8=0.3702;SN=9-12=0.3525;SN>=13=0.3421,0.38245708028382064,
17,,v11+v13+v14_seed2+v16_testhist_aug,4,THR,"0.255,0.354,0.087,0.304","0.048,0.152,0.234,0.565","0.046,0.379,0.472,0.103",0.5,0.5,True,0.41602446513090285,0.23336168625865641,0.6133292279539603,0.3824203061466158,0.09379712729536688,SN=2=0.2781;SN=3-4=0.3559;SN=5-8=0.3719;SN=9-12=0.3533;SN>=13=0.3436,0.3824203061466158,
18,,v11_aug+v11plus+v13+v14_seed1+v16_testhist_aug,5,THR,"0.152,0.219,0.251,0.114,0.264","0.145,0.080,0.081,0.221,0.473","0.019,0.032,0.170,0.371,0.408",0.5,0.5,True,0.41709939398223755,0.2319942248423313,0.6137795477480763,0.3823933570794428,0.09779193088344007,SN=2=0.2764;SN=3-4=0.3537;SN=5-8=0.3742;SN=9-12=0.3546;SN>=13=0.3445,0.3823933570794428,
19,,v11plus+v13+v14_seed1+v16_testhist_aug,4,THR,"0.262,0.328,0.032,0.378","0.029,0.153,0.253,0.565","0.045,0.328,0.621,0.007",0.5,0.5,True,0.41403679331332643,0.23431817468966684,0.6151442970355143,0.38237084660830023,0.09334432933535647,SN=2=0.2789;SN=3-4=0.3563;SN=5-8=0.3723;SN=9-12=0.3501;SN>=13=0.3402,0.38237084660830023,
20,,v11plus+v12_5f+v13+v14_seed2+v16_testhist_aug,5,THR,"0.225,0.052,0.322,0.106,0.294","0.047,0.094,0.062,0.249,0.549","0.032,0.476,0.358,0.115,0.018",0.5,0.5,True,0.4150635628767182,0.23303932382290862,0.6153190117955747,0.3823049570389657,0.09404257999653581,SN=2=0.2772;SN=3-4=0.3563;SN=5-8=0.3712;SN=9-12=0.3512;SN>=13=0.3428,0.3823049570389657,
21,,v11_aug+v12_5f+v13+v14_seed2+v16_testhist_aug,5,THR,"0.386,0.022,0.199,0.193,0.199","0.128,0.008,0.120,0.190,0.554","0.003,0.452,0.370,0.078,0.097",0.5,0.5,True,0.4133913320101744,0.23493935741326907,0.6148392999121908,0.3823001357518156,0.09382899014018614,SN=2=0.2776;SN=3-4=0.3546;SN=5-8=0.3714;SN=9-12=0.3528;SN>=13=0.3419,0.3823001357518156,
22,,v11_aug+v13+v14_avg3+v16_testhist_aug,4,THR,"0.301,0.265,0.149,0.285","0.061,0.137,0.278,0.524","0.011,0.290,0.615,0.083",0.5,0.5,True,0.41455678000471546,0.23415537559802307,0.6139999420070692,0.3822848506425093,0.09435911055666596,SN=2=0.2772;SN=3-4=0.3542;SN=5-8=0.3716;SN=9-12=0.3547;SN>=13=0.3419,0.3822848506425093,
23,,v11+v11_aug+v13+v16_testhist_aug,4,THR,"0.153,0.280,0.300,0.266","0.232,0.157,0.316,0.295","0.017,0.040,0.515,0.427",0.5,0.5,True,0.41716895445138724,0.2328276116010965,0.6111895859996485,0.38223654362092324,0.09632799009413673,SN=2=0.2766;SN=3-4=0.3547;SN=5-8=0.3729;SN=9-12=0.3562;SN>=13=0.3382,0.38223654362092324,
24,,v11+v12_5f+v13+v14_avg3+v16_testhist_aug,5,THR,"0.234,0.099,0.310,0.073,0.283","0.248,0.001,0.167,0.252,0.332","0.040,0.336,0.340,0.224,0.060",0.5,0.5,True,0.4152053320735026,0.2327385334360562,0.6152427945895672,0.38222610512173694,0.09617060419779427,SN=2=0.2781;SN=3-4=0.3558;SN=5-8=0.3743;SN=9-12=0.3541;SN>=13=0.3420,0.38222610512173694,
25,,v11+v13+v14_avg3+v16_testhist_aug,4,THR,"0.215,0.340,0.050,0.395","0.062,0.153,0.214,0.571","0.023,0.254,0.713,0.009",0.5,0.5,True,0.4140738180392709,0.23396552855628167,0.6143229950901254,0.3820803376562461,0.09355338323458107,SN=2=0.2780;SN=3-4=0.3563;SN=5-8=0.3715;SN=9-12=0.3522;SN>=13=0.3460,0.3820803376562461,
26,,v11_aug+v13+v14_seed0+v16_testhist_aug,4,THR,"0.287,0.333,0.021,0.359","0.168,0.175,0.168,0.490","0.021,0.343,0.536,0.100",0.5,0.5,True,0.41556385227733544,0.23333098800185428,0.61258390683035,0.3820747174777459,0.09665836890003676,SN=2=0.2762;SN=3-4=0.3553;SN=5-8=0.3729;SN=9-12=0.3522;SN>=13=0.3413,0.3820747174777459,
27,,v11_aug+v11plus+v12_5f+v13+v14_seed2,5,THR,"0.160,0.203,0.108,0.343,0.186","0.233,0.203,0.017,0.171,0.375","0.005,0.038,0.347,0.263,0.346",0.5,0.5,True,0.41474473915237026,0.2327202603289181,0.6152677692227755,0.38203955363707043,0.09808919291277046,SN=2=0.2757;SN=3-4=0.3584;SN=5-8=0.3738;SN=9-12=0.3540;SN>=13=0.3424,0.38203955363707043,
28,,v11plus+v13+v16_testhist_aug,3,THR,"0.237,0.408,0.355","0.131,0.313,0.556","0.048,0.459,0.493",0.5,0.5,True,0.4150759182737176,0.23387173987384857,0.6122228643677493,0.38202363613257634,0.08984441967657258,SN=2=0.2803;SN=3-4=0.3531;SN=5-8=0.3701;SN=9-12=0.3506;SN>=13=0.3403,0.38202363613257634,
29,,v11+v11plus+v13+v14_seed0+v16_testhist_aug,5,THR,"0.211,0.100,0.311,0.030,0.348","0.222,0.021,0.133,0.239,0.386","0.030,0.035,0.209,0.604,0.121",0.5,0.5,True,0.4156973370530758,0.2328447305802684,0.6128102461733247,0.38197887628800264,0.09704107712981197,SN=2=0.2772;SN=3-4=0.3551;SN=5-8=0.3742;SN=9-12=0.3551;SN>=13=0.3431,0.38197887628800264,
30,,v11_aug+v12_5f+v13+v16_testhist_aug,4,THR,"0.354,0.100,0.203,0.344","0.123,0.233,0.095,0.549","0.020,0.513,0.324,0.143",0.5,0.5,True,0.4134457944903986,0.23412536320801075,0.6146998864345808,0.38196844036627997,0.0910751495681732,SN=2=0.2776;SN=3-4=0.3561;SN=5-8=0.3687;SN=9-12=0.3510;SN>=13=0.3401,0.38196844036627997,
31,,v11_aug+v11plus+v12_5f+v14_seed1+v16_testhist_aug,5,THR,"0.252,0.192,0.066,0.182,0.308","0.141,0.102,0.129,0.204,0.424","0.000,0.024,0.488,0.365,0.123",0.5,0.5,True,0.41440782177771596,0.23304685350420393,0.6143999845671213,0.38186186702619224,0.09473560987346114,SN=2=0.2773;SN=3-4=0.3553;SN=5-8=0.3720;SN=9-12=0.3529;SN>=13=0.3425,0.38186186702619224,
32,,v11plus+v13+v14_seed0+v16_testhist_aug,4,THR,"0.212,0.360,0.040,0.387","0.010,0.180,0.320,0.490","0.045,0.369,0.458,0.127",0.5,0.5,True,0.41473438101573823,0.2333019998103803,0.6132231768305714,0.3818591876965617,0.09220675633749431,SN=2=0.2774;SN=3-4=0.3541;SN=5-8=0.3696;SN=9-12=0.3512;SN>=13=0.3438,0.3818591876965617,
33,,v11plus+v12_5f+v13+v16_testhist_aug,4,THR,"0.265,0.027,0.394,0.315","0.029,0.237,0.074,0.661","0.032,0.520,0.395,0.053",0.5,0.5,True,0.41483183978910826,0.23228390645482994,0.6150273986400269,0.3818517782255807,0.09041597535065021,SN=2=0.2796;SN=3-4=0.3569;SN=5-8=0.3701;SN=9-12=0.3485;SN>=13=0.3414,0.3818517782255807,
34,,v11_aug+v11plus+v12_5f+v13,4,THR,"0.247,0.161,0.232,0.361","0.266,0.173,0.242,0.319","0.011,0.024,0.641,0.324",0.5,0.5,True,0.41327349057733476,0.23394599125768814,0.6148064429169232,0.3818490813173938,0.09254626915678915,SN=2=0.2793;SN=3-4=0.3534;SN=5-8=0.3719;SN=9-12=0.3531;SN>=13=0.3413,0.3818490813173938,
35,,v11_aug+v13+v14_seed1+v16_testhist_aug,4,THR,"0.368,0.238,0.107,0.287","0.091,0.173,0.200,0.535","0.004,0.308,0.660,0.028",0.5,0.5,True,0.4133155812243958,0.23402959300683648,0.6144575282441282,0.3818295753413186,0.09102178378284798,SN=2=0.2780;SN=3-4=0.3518;SN=5-8=0.3690;SN=9-12=0.3538;SN>=13=0.3441,0.3818295753413186,
36,,v11plus+v12_5f+v13+v14_avg3+v16_testhist_aug,5,THR,"0.306,0.023,0.316,0.087,0.268","0.127,0.039,0.013,0.253,0.568","0.029,0.421,0.286,0.205,0.058",0.5,0.5,True,0.4137327326059898,0.23297902496219894,0.6155665580629236,0.38179801463986024,0.09414172305477725,SN=2=0.2780;SN=3-4=0.3557;SN=5-8=0.3722;SN=9-12=0.3527;SN>=13=0.3414,0.38179801463986024,
37,,v11plus+v13+v14_seed2+v16_testhist_aug,4,THR,"0.250,0.329,0.036,0.386","0.024,0.068,0.340,0.568","0.047,0.382,0.385,0.185",0.5,0.5,True,0.413747198599083,0.23385908230220434,0.613642589696173,0.38177103029974957,0.09070269718029844,SN=2=0.2786;SN=3-4=0.3560;SN=5-8=0.3693;SN=9-12=0.3500;SN>=13=0.3404,0.38177103029974957,
38,,v11+v11_aug+v11plus+v13+v16_testhist_aug,5,THR,"0.016,0.210,0.243,0.311,0.220","0.126,0.101,0.000,0.282,0.491","0.051,0.019,0.026,0.290,0.614",0.5,0.5,True,0.4170118712098684,0.23172860237062007,0.6112594897253107,0.3817480873772575,0.09738700694076075,SN=2=0.2763;SN=3-4=0.3548;SN=5-8=0.3737;SN=9-12=0.3540;SN>=13=0.3361,0.3817480873772575,
39,,v11plus+v12_5f+v13+v14_seed0+v16_testhist_aug,5,THR,"0.242,0.064,0.284,0.026,0.384","0.019,0.051,0.141,0.207,0.583","0.035,0.348,0.349,0.178,0.090",0.5,0.5,True,0.4132316322211159,0.2334359145961708,0.6151674862045999,0.3817005159678347,0.09301629103717268,SN=2=0.2782;SN=3-4=0.3558;SN=5-8=0.3712;SN=9-12=0.3516;SN>=13=0.3436,0.3817005159678347,
40,,v11_aug+v11plus+v13+v14_seed0+v16_testhist_aug,5,THR,"0.304,0.101,0.260,0.017,0.319","0.017,0.019,0.180,0.173,0.612","0.004,0.037,0.269,0.603,0.087",0.5,0.5,True,0.4169781139451106,0.23195820769986084,0.6130326272149458,0.38218105410097775,0.09941163833263733,SN=2=0.2754;SN=3-4=0.3535;SN=5-8=0.3748;SN=9-12=0.3541;SN>=13=0.3456,0.3816727591571374,
41,,v11_aug+v11plus+v12_5f+v16_testhist_aug,4,THR,"0.264,0.168,0.359,0.209","0.176,0.053,0.203,0.568","0.026,0.033,0.795,0.146",0.5,0.5,True,0.41385759631395896,0.23390085592038878,0.6126142027902033,0.3816262214517798,0.09298936439889272,SN=2=0.2774;SN=3-4=0.3537;SN=5-8=0.3704;SN=9-12=0.3537;SN>=13=0.3410,0.3816262214517798,
42,,v11plus+v13+v14_avg3+v16_testhist_aug,4,THR,"0.298,0.304,0.090,0.308","0.041,0.078,0.311,0.569","0.051,0.242,0.691,0.017",0.5,0.5,True,0.41434875211712296,0.23244361395520693,0.6145389046493775,0.3816247273588075,0.09528640366740554,SN=2=0.2760;SN=3-4=0.3561;SN=5-8=0.3713;SN=9-12=0.3533;SN>=13=0.3438,0.3816247273588075,
43,,v11+v12_5f+v13+v16_testhist_aug,4,THR,"0.298,0.007,0.376,0.319","0.300,0.202,0.134,0.364","0.031,0.519,0.370,0.080",0.5,0.5,True,0.4156151309500459,0.2308749460456198,0.6148216560778412,0.3815603620138346,0.09459019167140786,SN=2=0.2773;SN=3-4=0.3569;SN=5-8=0.3719;SN=9-12=0.3545;SN>=13=0.3385,0.3815603620138346,
44,,v11_aug+v13+v14_seed2+v16_testhist_aug,4,THR,"0.331,0.246,0.201,0.222","0.115,0.079,0.291,0.515","0.016,0.323,0.532,0.129",0.5,0.5,True,0.4140898398730229,0.23327247419389208,0.6130603349118816,0.38155699260914233,0.09552586184025569,SN=2=0.2753;SN=3-4=0.3549;SN=5-8=0.3709;SN=9-12=0.3535;SN>=13=0.3421,0.38155699260914233,
45,,v11+v11_aug+v12_5f+v14_avg3+v16_testhist_aug,5,THR,"0.176,0.222,0.211,0.132,0.259","0.100,0.152,0.002,0.237,0.509","0.026,0.009,0.478,0.356,0.130",0.5,0.5,True,0.4131093449792039,0.23377490647705046,0.6139339314017688,0.3815404868628555,0.09602871652953432,SN=2=0.2774;SN=3-4=0.3550;SN=5-8=0.3734;SN=9-12=0.3532;SN>=13=0.3460,0.3815404868628555,
46,,v11+v11plus+v13+v16_testhist_aug,4,THR,"0.132,0.161,0.338,0.369","0.312,0.065,0.331,0.292","0.044,0.003,0.454,0.498",0.5,0.5,True,0.4162912158558413,0.23141360968836913,0.6120009416557586,0.3814821185488359,0.09779680042002847,SN=2=0.2768;SN=3-4=0.3553;SN=5-8=0.3746;SN=9-12=0.3545;SN>=13=0.3380,0.3814821185488359,
47,,v11+v11_aug+v11plus+v12_5f+v13,5,THR,"0.051,0.156,0.181,0.347,0.265","0.278,0.124,0.059,0.169,0.369","0.006,0.032,0.047,0.627,0.288",0.5,0.5,True,0.41447008912540034,0.23212360689331177,0.6142065195460071,0.3814787823166863,0.09489782769664756,SN=2=0.2779;SN=3-4=0.3540;SN=5-8=0.3728;SN=9-12=0.3553;SN>=13=0.3388,0.3814787823166863,
48,,v11_aug+v11plus+v12_5f+v14_avg3+v16_testhist_aug,5,THR,"0.282,0.140,0.103,0.199,0.276","0.122,0.052,0.170,0.078,0.579","0.021,0.007,0.163,0.770,0.039",0.5,0.5,True,0.41343416524064247,0.2333411147300822,0.6136964168190483,0.38144939535209954,0.09539678271805963,SN=2=0.2765;SN=3-4=0.3533;SN=5-8=0.3719;SN=9-12=0.3543;SN>=13=0.3441,0.38144939535209954,
49,,v11_aug+v12_5f+v13+v14_avg3+v16_testhist_aug,5,THR,"0.384,0.040,0.248,0.060,0.268","0.167,0.039,0.132,0.094,0.567","0.006,0.406,0.252,0.318,0.019",0.5,0.5,True,0.4136564880519053,0.23231689357599658,0.6152703913138022,0.3814434309139212,0.0932491271203586,SN=2=0.2764;SN=3-4=0.3542;SN=5-8=0.3697;SN=9-12=0.3528;SN>=13=0.3404,0.3814434309139212,
50,,v11+v11_aug+v13+v14_seed0+v16_testhist_aug,5,THR,"0.186,0.191,0.314,0.113,0.197","0.279,0.046,0.139,0.208,0.329","0.027,0.016,0.412,0.387,0.158",0.5,0.5,True,0.4187314718124284,0.23259151683310803,0.6127957066868317,0.38308833679558096,0.10171119305109438,SN=2=0.2752;SN=3-4=0.3555;SN=5-8=0.3769;SN=9-12=0.3599;SN>=13=0.3441,0.38143026449251205,
51,,v11_aug+v11plus+v14_seed1+v16_testhist_aug,4,THR,"0.289,0.160,0.250,0.301","0.161,0.044,0.312,0.482","0.029,0.037,0.888,0.046",0.5,0.5,True,0.4136582408931367,0.23329600255627833,0.6130698872274458,0.3813956748252552,0.0965547781838349,SN=2=0.2758;SN=3-4=0.3528;SN=5-8=0.3724;SN=9-12=0.3554;SN>=13=0.3439,0.3813956748252552,
52,,v11+v11plus+v13+v14_seed1+v16_testhist_aug,5,THR,"0.107,0.200,0.352,0.098,0.242","0.171,0.070,0.213,0.206,0.339","0.034,0.008,0.452,0.451,0.055",0.5,0.5,True,0.4170621354046731,0.23112130309299023,0.6145788374950687,0.3821891428980791,0.10001704252445603,SN=2=0.2754;SN=3-4=0.3569;SN=5-8=0.3754;SN=9-12=0.3554;SN>=13=0.3431,0.3813781458583294,
53,,v11_aug+v11plus+v12_5f+v14_seed0+v16_testhist_aug,5,THR,"0.220,0.220,0.063,0.224,0.273","0.140,0.042,0.221,0.096,0.501","0.034,0.014,0.617,0.231,0.105",0.5,0.5,True,0.41335936737512746,0.23338964466577777,0.6132372299348552,0.38134705080333314,0.09194133589641096,SN=2=0.2774;SN=3-4=0.3543;SN=5-8=0.3694;SN=9-12=0.3520;SN>=13=0.3415,0.38134705080333314,
54,,v11plus+v12_5f+v13+v14_seed1+v16_testhist_aug,5,THR,"0.275,0.030,0.306,0.067,0.322","0.033,0.087,0.117,0.267,0.496","0.014,0.272,0.300,0.317,0.097",0.5,0.5,True,0.4130100955736602,0.23246217921353915,0.6157562805400173,0.38134016602288323,0.09296240061625238,SN=2=0.2771;SN=3-4=0.3555;SN=5-8=0.3701;SN=9-12=0.3517;SN>=13=0.3443,0.38134016602288323,
55,,v11+v11plus+v12_5f+v14_seed2+v16_testhist_aug,5,THR,"0.132,0.209,0.277,0.003,0.379","0.112,0.037,0.060,0.254,0.537","0.032,0.006,0.380,0.214,0.368",0.5,0.5,True,0.4112289145922859,0.2353441040878274,0.6132905100324471,0.38128730947853473,0.09340176330786709,SN=2=0.2778;SN=3-4=0.3535;SN=5-8=0.3712;SN=9-12=0.3544;SN>=13=0.3431,0.38128730947853473,
56,,v11+v11_aug+v11plus+v14_seed1+v16_testhist_aug,5,THR,"0.103,0.137,0.190,0.279,0.290","0.139,0.072,0.009,0.343,0.436","0.061,0.088,0.043,0.544,0.264",0.5,0.5,True,0.41409050699341204,0.2344672748631001,0.6091696712133494,0.38125704698527474,0.09547834867132371,SN=2=0.2785;SN=3-4=0.3531;SN=5-8=0.3740;SN=9-12=0.3535;SN>=13=0.3451,0.38125704698527474,
57,,v11_aug+v11plus+v13+v14_avg3,4,THR,"0.218,0.180,0.311,0.292","0.217,0.099,0.302,0.381","0.002,0.068,0.150,0.780",0.5,0.5,True,0.41426949070355046,0.2318822739574969,0.6139498698043522,0.3812506798252894,0.0971964368562161,SN=2=0.2757;SN=3-4=0.3541;SN=5-8=0.3729;SN=9-12=0.3522;SN>=13=0.3461,0.3812506798252894,
58,,v11+v11_aug+v13+v14_seed2+v16_testhist_aug,5,THR,"0.143,0.227,0.311,0.021,0.298","0.246,0.062,0.077,0.232,0.383","0.036,0.015,0.263,0.413,0.272",0.5,0.5,True,0.41757809797610773,0.22885324018862013,0.6131109401135928,0.38119472328860976,0.09803760386284543,SN=2=0.2738;SN=3-4=0.3554;SN=5-8=0.3718;SN=9-12=0.3546;SN>=13=0.3417,0.38119472328860976,
59,,v11+v11_aug+v12_5f+v14_seed2+v16_testhist_aug,5,THR,"0.198,0.172,0.331,0.061,0.237","0.110,0.041,0.057,0.212,0.580","0.032,0.030,0.563,0.195,0.180",0.5,0.5,True,0.4122946514377617,0.2339759057242124,0.6131773409797665,0.381143691060743,0.09494051618468219,SN=2=0.2773;SN=3-4=0.3537;SN=5-8=0.3723;SN=9-12=0.3533;SN>=13=0.3430,0.381143691060743,
60,,v11+v11_aug+v11plus+v12_5f+v16_testhist_aug,5,THR,"0.028,0.246,0.165,0.304,0.256","0.112,0.162,0.013,0.281,0.431","0.003,0.054,0.028,0.400,0.516",0.5,0.5,True,0.41463995675189136,0.23218597470037522,0.611987336567657,0.38112783989443805,0.09413408985761235,SN=2=0.2768;SN=3-4=0.3539;SN=5-8=0.3709;SN=9-12=0.3522;SN>=13=0.3398,0.38112783989443805,
61,,v11+v11_aug+v11plus+v14_avg3+v16_testhist_aug,5,THR,"0.134,0.232,0.088,0.282,0.263","0.007,0.044,0.014,0.381,0.554","0.081,0.003,0.030,0.838,0.048",0.5,0.5,True,0.4141144711354864,0.23268786558793372,0.6119091845587994,0.38110277160112793,0.0975348651234712,SN=2=0.2758;SN=3-4=0.3524;SN=5-8=0.3733;SN=9-12=0.3557;SN>=13=0.3433,0.38110277160112793,
62,,v11+v11_aug+v11plus+v13+v14_seed2,5,THR,"0.095,0.099,0.157,0.353,0.296","0.383,0.063,0.041,0.111,0.402","0.023,0.017,0.010,0.475,0.474",0.5,0.5,True,0.4134341303170252,0.23264864869453716,0.6131437740067367,0.3810618664059723,0.09742292885453702,SN=2=0.2767;SN=3-4=0.3540;SN=5-8=0.3741;SN=9-12=0.3551;SN>=13=0.3449,0.3810618664059723,
63,,v11_aug+v11plus+v12_5f+v13+v14_seed1,5,THR,"0.219,0.143,0.227,0.241,0.171","0.216,0.175,0.034,0.143,0.433","0.029,0.042,0.190,0.412,0.328",0.5,0.5,True,0.4135910874526495,0.23144859136009743,0.6152004125062382,0.38105595402634646,0.09667406270988105,SN=2=0.2744;SN=3-4=0.3551;SN=5-8=0.3711;SN=9-12=0.3515;SN>=13=0.3432,0.38105595402634646,
64,,v11_aug+v11plus+v12_5f+v13+v14_seed0,5,THR,"0.260,0.170,0.213,0.342,0.016","0.193,0.104,0.055,0.353,0.295","0.019,0.022,0.712,0.236,0.011",0.5,0.5,True,0.41306846907862893,0.23232561585866973,0.6144317858778487,0.38104399115048926,0.0944193116069974,SN=2=0.2763;SN=3-4=0.3545;SN=5-8=0.3708;SN=9-12=0.3525;SN>=13=0.3423,0.38104399115048926,
65,,v11+v13+v16_testhist_aug,3,THR,"0.319,0.329,0.352","0.207,0.276,0.516","0.044,0.436,0.520",0.5,0.5,True,0.4142026992548164,0.23235974281662514,0.6119680731094291,0.38101859145046246,0.097657343037577,SN=2=0.2760;SN=3-4=0.3555;SN=5-8=0.3736;SN=9-12=0.3555;SN>=13=0.3393,0.38101859145046246,
66,,v11+v11_aug+v12_5f+v16_testhist_aug,4,THR,"0.225,0.189,0.319,0.266","0.139,0.139,0.246,0.476","0.026,0.036,0.783,0.155",0.5,0.5,True,0.41286994917498665,0.23349060209795644,0.6123304427065223,0.3810103090504817,0.09395516767523093,SN=2=0.2768;SN=3-4=0.3541;SN=5-8=0.3708;SN=9-12=0.3526;SN>=13=0.3401,0.3810103090504817,
67,,v11+v11_aug+v14_seed1+v16_testhist_aug,4,THR,"0.198,0.255,0.253,0.293","0.150,0.165,0.262,0.423","0.044,0.014,0.808,0.134",0.5,0.5,True,0.4136277568638235,0.232354698134189,0.612900568463394,0.3809730956918838,0.09829470626453735,SN=2=0.2752;SN=3-4=0.3541;SN=5-8=0.3735;SN=9-12=0.3548;SN>=13=0.3442,0.3809730956918838,
68,,v11+v11_aug+v12_5f+v14_seed1+v16_testhist_aug,5,THR,"0.245,0.215,0.096,0.156,0.288","0.012,0.203,0.148,0.182,0.455","0.030,0.001,0.270,0.325,0.374",0.5,0.5,True,0.41248406986018554,0.23288916511029917,0.6137188159780148,0.3808930571837969,0.09176089403617682,SN=2=0.2763;SN=3-4=0.3517;SN=5-8=0.3681;SN=9-12=0.3556;SN>=13=0.3444,0.3808930571837969,
69,,v11+v11_aug+v11plus+v13+v14_seed1,5,THR,"0.190,0.153,0.136,0.293,0.228","0.241,0.150,0.020,0.153,0.436","0.006,0.050,0.038,0.462,0.443",0.5,0.5,True,0.41252748486161395,0.23283089019117725,0.6136302552248687,0.38086940106609024,0.09803069687236465,SN=2=0.2751;SN=3-4=0.3515;SN=5-8=0.3731;SN=9-12=0.3580;SN>=13=0.3464,0.38086940106609024,
70,,v11+v11_aug+v13+v14_seed0,4,THR,"0.241,0.103,0.326,0.330","0.345,0.116,0.167,0.373","0.035,0.035,0.406,0.523",0.5,0.5,True,0.41198276265763406,0.23386946329863836,0.6122881942854799,0.38079852923960494,0.09776631647559808,SN=2=0.2762;SN=3-4=0.3521;SN=5-8=0.3740;SN=9-12=0.3563;SN>=13=0.3462,0.38079852923960494,
71,,v11+v11plus+v12_5f+v14_avg3+v16_testhist_aug,5,THR,"0.169,0.216,0.215,0.067,0.333","0.039,0.108,0.157,0.191,0.505","0.059,0.024,0.391,0.513,0.013",0.5,0.5,True,0.4110432505167305,0.23429256302913465,0.6137126213085909,0.3808768496800643,0.09868049244822447,SN=2=0.2758;SN=3-4=0.3549;SN=5-8=0.3745;SN=9-12=0.3535;SN>=13=0.3435,0.3807341276784304,
72,,v11+v11_aug+v12_5f+v13+v14_avg3,5,THR,"0.208,0.154,0.185,0.346,0.107","0.408,0.038,0.091,0.215,0.248","0.002,0.007,0.425,0.235,0.331",0.5,0.5,True,0.4139033028100988,0.23018799859539096,0.6152804844665809,0.38069261745551214,0.09565201042406274,SN=2=0.2772;SN=3-4=0.3520;SN=5-8=0.3728;SN=9-12=0.3553;SN>=13=0.3442,0.38069261745551214,
73,,v11_aug+v11plus+v14_seed2+v16_testhist_aug,4,THR,"0.240,0.237,0.268,0.255","0.101,0.037,0.368,0.495","0.025,0.055,0.811,0.109",0.5,0.5,True,0.41365448750642975,0.23223923884323935,0.6112118519088664,0.38059986092164094,0.09203029097119575,SN=2=0.2760;SN=3-4=0.3509;SN=5-8=0.3680;SN=9-12=0.3546;SN>=13=0.3425,0.38059986092164094,
74,,v11+v11plus+v14_seed2+v16_testhist_aug,4,THR,"0.149,0.182,0.285,0.385","0.066,0.030,0.333,0.572","0.009,0.028,0.886,0.078",0.5,0.5,True,0.41122248601327044,0.23453407534382437,0.6113585512187016,0.38057433478657826,0.09310587768447659,SN=2=0.2772;SN=3-4=0.3516;SN=5-8=0.3703;SN=9-12=0.3550;SN>=13=0.3428,0.38057433478657826,
75,,v11+v11_aug+v11plus+v14_seed2+v16_testhist_aug,5,THR,"0.099,0.283,0.090,0.240,0.288","0.074,0.007,0.031,0.321,0.567","0.095,0.015,0.002,0.540,0.348",0.5,0.5,True,0.4128010685295376,0.2336783181928559,0.6098712422778841,0.38056600314453426,0.09466314862910746,SN=2=0.2755;SN=3-4=0.3518;SN=5-8=0.3702;SN=9-12=0.3554;SN>=13=0.3413,0.38056600314453426,
76,,v11+v11_aug+v14_avg3+v16_testhist_aug,4,THR,"0.201,0.239,0.259,0.302","0.094,0.047,0.305,0.554","0.016,0.031,0.940,0.014",0.5,0.5,True,0.413293232155328,0.23287923537793637,0.6127312810522244,0.3810152432237507,0.09933263583999741,SN=2=0.2744;SN=3-4=0.3539;SN=5-8=0.3737;SN=9-12=0.3553;SN>=13=0.3476,0.3805464495262303,
77,,v11+v11_aug+v12_5f+v13+v14_seed0,5,THR,"0.185,0.265,0.222,0.281,0.047","0.283,0.117,0.074,0.138,0.388","0.024,0.015,0.298,0.184,0.479",0.5,0.5,True,0.4111785182782533,0.2327165172223687,0.6143109196926356,0.3804201981387759,0.0977392381167822,SN=2=0.2739;SN=3-4=0.3525;SN=5-8=0.3717;SN=9-12=0.3579;SN>=13=0.3448,0.3804201981387759,
78,,v11+v11_aug+v12_5f+v14_seed0+v16_testhist_aug,5,THR,"0.174,0.207,0.068,0.319,0.232","0.163,0.133,0.083,0.209,0.411","0.042,0.006,0.546,0.089,0.317",0.5,0.5,True,0.41212022321758507,0.23225560992599453,0.612991730268133,0.3803486793110585,0.09578433543017834,SN=2=0.2760;SN=3-4=0.3536;SN=5-8=0.3718;SN=9-12=0.3525;SN>=13=0.3412,0.3803486793110585,
79,,v11_aug+v11plus+v14_avg3+v16_testhist_aug,4,THR,"0.235,0.188,0.358,0.218","0.054,0.098,0.323,0.526","0.015,0.074,0.894,0.017",0.5,0.5,True,0.4135149742207753,0.2308777213763351,0.6126387702484833,0.3802848322885409,0.09358255629528095,SN=2=0.2753;SN=3-4=0.3513;SN=5-8=0.3688;SN=9-12=0.3541;SN>=13=0.3431,0.3802848322885409,
80,,v11_aug+v11plus+v12_5f+v13+v14_avg3,5,THR,"0.218,0.211,0.283,0.235,0.053","0.236,0.178,0.124,0.023,0.439","0.031,0.032,0.435,0.240,0.263",0.5,0.5,True,0.41323573140960185,0.23129705252621338,0.615198970273666,0.3808529076290593,0.09953282970187838,SN=2=0.2741;SN=3-4=0.3554;SN=5-8=0.3736;SN=9-12=0.3522;SN>=13=0.3429,0.38028401700059844,
81,,v11+v11_aug+v13+v14_seed2,4,THR,"0.192,0.234,0.311,0.263","0.386,0.023,0.222,0.369","0.015,0.042,0.481,0.462",0.5,0.5,True,0.4128122446342329,0.2315969155202806,0.6124658001112915,0.3802568240840637,0.09723104952157441,SN=2=0.2752;SN=3-4=0.3527;SN=5-8=0.3725;SN=9-12=0.3572;SN>=13=0.3428,0.3802568240840637,
82,,v11+v11plus+v14_avg3+v16_testhist_aug,4,THR,"0.183,0.154,0.296,0.367","0.004,0.103,0.337,0.556","0.007,0.063,0.918,0.012",0.5,0.5,True,0.41153247095877554,0.2325818628168023,0.6130364584546195,0.3802530252011551,0.09626713782327145,SN=2=0.2757;SN=3-4=0.3517;SN=5-8=0.3719;SN=9-12=0.3545;SN>=13=0.3452,0.3802530252011551,
83,,v11plus+v12_5f+v14_avg3+v16_testhist_aug,4,THR,"0.305,0.310,0.002,0.382","0.084,0.103,0.257,0.556","0.041,0.397,0.556,0.007",0.5,0.5,True,0.40961774316942007,0.233561943918101,0.614384030075559,0.38014868085012027,0.09116077588589105,SN=2=0.2771;SN=3-4=0.3545;SN=5-8=0.3682;SN=9-12=0.3514;SN>=13=0.3417,0.38014868085012027,
84,,v11plus+v14_avg3+v16_testhist_aug,3,THR,"0.278,0.375,0.347","0.112,0.353,0.534","0.032,0.892,0.076",0.5,0.5,True,0.4093956481458484,0.2343442626440952,0.6131250179701518,0.3801209679100078,0.09372221280771664,SN=2=0.2768;SN=3-4=0.3520;SN=5-8=0.3705;SN=9-12=0.3538;SN>=13=0.3450,0.3801209679100078,
85,,v11_aug+v12_5f+v14_avg3+v16_testhist_aug,4,THR,"0.407,0.114,0.216,0.263","0.122,0.154,0.163,0.560","0.023,0.418,0.439,0.120",0.5,0.5,True,0.40980826743595955,0.23350389139526634,0.6138841545762033,0.38010169444773106,0.0940786745054149,SN=2=0.2764;SN=3-4=0.3527;SN=5-8=0.3705;SN=9-12=0.3532;SN>=13=0.3410,0.38010169444773106,
86,,v11_aug+v13+v16_testhist_aug,3,THR,"0.365,0.256,0.379","0.220,0.260,0.520","0.024,0.414,0.562",0.5,0.5,True,0.4119535852575968,0.23225105775479954,0.6115685128062068,0.37999555976619986,0.09435306340499916,SN=2=0.2754;SN=3-4=0.3537;SN=5-8=0.3698;SN=9-12=0.3511;SN>=13=0.3375,0.37999555976619986,
87,,v11_aug+v11plus+v13+v14_seed1,4,THR,"0.194,0.210,0.303,0.293","0.210,0.061,0.379,0.350","0.010,0.083,0.301,0.606",0.5,0.5,True,0.41359581178260074,0.22919869921338223,0.6143255062084515,0.3799829056400835,0.09718022699685902,SN=2=0.2743;SN=3-4=0.3523;SN=5-8=0.3715;SN=9-12=0.3525;SN>=13=0.3454,0.3799829056400835,
88,,v11+v11_aug+v12_5f+v13+v14_seed2,5,THR,"0.112,0.294,0.137,0.267,0.190","0.340,0.119,0.003,0.127,0.410","0.021,0.004,0.162,0.341,0.472",0.5,0.5,True,0.4117044678643387,0.23154665618636217,0.6144816600623635,0.380196781632753,0.09885155769873377,SN=2=0.2739;SN=3-4=0.3525;SN=5-8=0.3727;SN=9-12=0.3549;SN>=13=0.3447,0.3799685270058644,
89,,v11+v11plus+v12_5f+v14_seed1+v16_testhist_aug,5,THR,"0.209,0.141,0.188,0.209,0.252","0.310,0.049,0.178,0.150,0.314","0.040,0.009,0.406,0.446,0.099",0.5,0.5,True,0.4123684668597632,0.2303424016313116,0.6143465906090633,0.3799536655182426,0.0981578894821068,SN=2=0.2747;SN=3-4=0.3531;SN=5-8=0.3729;SN=9-12=0.3563;SN>=13=0.3434,0.3799536655182426,
90,,v11plus+v12_5f+v14_seed0+v16_testhist_aug,4,THR,"0.328,0.256,0.138,0.277","0.081,0.084,0.217,0.617","0.035,0.541,0.318,0.107",0.5,0.5,True,0.4097573651519877,0.23332708734114105,0.6135929052791019,0.3799523620530719,0.09387876981501714,SN=2=0.2766;SN=3-4=0.3530;SN=5-8=0.3705;SN=9-12=0.3516;SN>=13=0.3441,0.3799523620530719,
91,,v11_aug+v11plus+v12_5f+v14_seed2+v16_testhist_aug,5,THR,"0.294,0.101,0.182,0.174,0.250","0.086,0.003,0.110,0.247,0.554","0.014,0.020,0.634,0.243,0.089",0.5,0.5,True,0.4123278033369368,0.23070129089601243,0.6135285864918161,0.3799173549915429,0.0945666821778558,SN=2=0.2755;SN=3-4=0.3518;SN=5-8=0.3700;SN=9-12=0.3520;SN>=13=0.3412,0.3799173549915429,
92,,v11_aug+v12_5f+v14_seed1+v16_testhist_aug,4,THR,"0.376,0.219,0.137,0.268","0.120,0.149,0.165,0.566","0.018,0.342,0.622,0.017",0.5,0.5,True,0.4098378949616989,0.2327186814645536,0.6142028079423305,0.37986319215896713,0.08972952399146233,SN=2=0.2772;SN=3-4=0.3530;SN=5-8=0.3670;SN=9-12=0.3531;SN>=13=0.3417,0.37986319215896713,
93,,v11_aug+v11plus+v14_seed0+v16_testhist_aug,4,THR,"0.275,0.235,0.233,0.257","0.174,0.124,0.341,0.361","0.024,0.021,0.765,0.190",0.5,0.5,True,0.4136554546735888,0.23296190892579477,0.6108897373495807,0.3808248929096696,0.1003664783779668,SN=2=0.2729;SN=3-4=0.3537;SN=5-8=0.3732;SN=9-12=0.3559;SN>=13=0.3466,0.37983917794316446,
94,,v11_aug+v12_5f+v14_seed2+v16_testhist_aug,4,THR,"0.395,0.291,0.024,0.290","0.166,0.127,0.178,0.528","0.009,0.493,0.481,0.018",0.5,0.5,True,0.40932587764702344,0.23334898264829856,0.613297467897025,0.37972943769753387,0.08900085450035572,SN=2=0.2763;SN=3-4=0.3532;SN=5-8=0.3653;SN=9-12=0.3540;SN>=13=0.3415,0.37972943769753387,
95,,v11_aug+v12_5f+v13+v14_seed2,4,THR,"0.367,0.164,0.241,0.228","0.309,0.108,0.239,0.344","0.033,0.402,0.336,0.228",0.5,0.5,True,0.4086817305839893,0.23304305634247452,0.6147900222575099,0.3796479192220875,0.09078841994532622,SN=2=0.2756;SN=3-4=0.3529;SN=5-8=0.3664;SN=9-12=0.3498;SN>=13=0.3426,0.3796479192220875,
96,,v11_aug+v12_5f+v16_testhist_aug,3,THR,"0.385,0.364,0.250","0.183,0.240,0.577","0.019,0.598,0.383",0.5,0.5,True,0.4091602152733999,0.2335717118240348,0.6127657221931091,0.3796459152775957,0.08935971932728021,SN=2=0.2767;SN=3-4=0.3528;SN=5-8=0.3660;SN=9-12=0.3526;SN>=13=0.3406,0.3796459152775957,
97,,v11+v11plus+v13+v14_seed0,4,THR,"0.247,0.114,0.376,0.262","0.311,0.085,0.201,0.403","0.012,0.030,0.390,0.568",0.5,0.5,True,0.4118049254021567,0.23236306029335746,0.6131867051780387,0.3803045353138134,0.0997214627713024,SN=2=0.2745;SN=3-4=0.3519;SN=5-8=0.3742;SN=9-12=0.3578;SN>=13=0.3472,0.37964132815064056,
98,,v11_aug+v11plus+v13+v14_seed2,4,THR,"0.182,0.174,0.261,0.382","0.207,0.176,0.212,0.405","0.006,0.035,0.249,0.710",0.5,0.5,True,0.4133422015731333,0.23158843981340946,0.6132815922002056,0.3806285749946583,0.10061635363480731,SN=2=0.2725;SN=3-4=0.3542;SN=5-8=0.3731;SN=9-12=0.3520;SN>=13=0.3449,0.3795179223997329,
99,,v11+v11_aug+v12_5f+v13,4,THR,"0.263,0.103,0.277,0.357","0.350,0.161,0.268,0.220","0.029,0.025,0.721,0.225",0.5,0.5,True,0.41170023827815155,0.2309282973620328,0.6140323930650223,0.37985789286907823,0.0991287803062979,SN=2=0.2756;SN=3-4=0.3540;SN=5-8=0.3747;SN=9-12=0.3553;SN>=13=0.3409,0.3794910269384076,
100,,v11_aug+v11plus+v12_5f+v14_avg3,4,THR,"0.240,0.164,0.243,0.353","0.202,0.238,0.215,0.346","0.029,0.031,0.380,0.560",0.5,0.5,True,0.4085829157242545,0.23300206529837478,0.6141799929451395,0.3794699909980796,0.09534792656751362,SN=2=0.2748;SN=3-4=0.3539;SN=5-8=0.3702;SN=9-12=0.3526;SN>=13=0.3435,0.3794699909980796,
101,,v11+v14_seed0+v16_testhist_aug,3,THR,"0.356,0.387,0.257","0.061,0.439,0.500","0.032,0.733,0.235",0.5,0.5,True,0.41017420683281364,0.23309193550583326,0.6108102887340369,0.37946851468226617,0.09778956002310663,SN=2=0.2751;SN=3-4=0.3498;SN=5-8=0.3729;SN=9-12=0.3530;SN>=13=0.3511,0.37946851468226617,
102,,v11_aug+v12_5f+v14_seed0+v16_testhist_aug,4,THR,"0.415,0.202,0.142,0.241","0.154,0.050,0.305,0.491","0.014,0.570,0.313,0.104",0.5,0.5,True,0.4083616554121565,0.23362973100848733,0.6132425892149888,0.3794450724112553,0.09424514724271515,SN=2=0.2752;SN=3-4=0.3520;SN=5-8=0.3694;SN=9-12=0.3544;SN>=13=0.3433,0.3794450724112553,
103,,v11+v11_aug+v12_5f+v13+v14_seed1,5,THR,"0.188,0.114,0.170,0.292,0.236","0.357,0.019,0.094,0.154,0.375","0.026,0.000,0.162,0.385,0.426",0.5,0.5,True,0.4118614469999537,0.2289912071892224,0.615468138066,0.3794346892888705,0.09761160810635788,SN=2=0.2746;SN=3-4=0.3536;SN=5-8=0.3722;SN=9-12=0.3528;SN>=13=0.3424,0.3794346892888705,
104,,v11plus+v13+v14_seed2,3,THR,"0.287,0.349,0.365","0.285,0.284,0.431","0.026,0.374,0.599",0.5,0.5,True,0.40975824427318897,0.23202410653732888,0.6135494056305446,0.3794228214503161,0.0952033965687033,SN=2=0.2760;SN=3-4=0.3543;SN=5-8=0.3712;SN=9-12=0.3511;SN>=13=0.3441,0.3794228214503161,
105,,v11+v11_aug+v13+v14_seed1,4,THR,"0.192,0.190,0.272,0.346","0.278,0.112,0.174,0.436","0.038,0.036,0.260,0.666",0.5,0.5,True,0.4117873694425328,0.23103610883263714,0.6142571008205189,0.37998081147417173,0.09954834585813349,SN=2=0.2736;SN=3-4=0.3531;SN=5-8=0.3732;SN=9-12=0.3561;SN>=13=0.3456,0.37940416276758326,
106,,v11_aug+v11plus+v13+v14_seed2+v16_testhist_aug,5,TEMP,"0.245,0.136,0.288,0.052,0.279","0.143,0.029,0.106,0.219,0.503","0.005,0.041,0.297,0.546,0.111",0.5,0.5,True,0.4106836380494593,0.2308446490472022,0.6135898735379194,0.3793292895462485,0.09004186194943054,SN=2=0.2774;SN=3-4=0.3503;SN=5-8=0.3675;SN=9-12=0.3502;SN>=13=0.3466,0.3793292895462485,
107,1,v11_aug+v11plus+v13+v14_seed2+v16_testhist_aug,5,NONE,"0.245,0.136,0.288,0.052,0.279","0.143,0.029,0.106,0.219,0.503","0.005,0.041,0.297,0.546,0.111",1.0,1.0,False,0.4106836380494593,0.2308446490472022,0.6135898735379194,0.3793292895462485,0.09004186194943054,SN=2=0.2774;SN=3-4=0.3503;SN=5-8=0.3675;SN=9-12=0.3502;SN>=13=0.3466,0.3793292895462485,submission_zoo_v6_elig1_none_v11_aug_v11plus_v13_v14s2_v16.csv
108,,v11+v14_seed2+v16_testhist_aug,3,THR,"0.362,0.269,0.369","0.107,0.361,0.531","0.045,0.607,0.348",0.5,0.5,True,0.40901382160003064,0.23369250319588586,0.6111985483859853,0.37932223959556366,0.09307104864786808,SN=2=0.2756;SN=3-4=0.3509;SN=5-8=0.3687;SN=9-12=0.3547;SN>=13=0.3460,0.37932223959556366,
109,,v11plus+v12_5f+v14_seed2+v16_testhist_aug,4,THR,"0.320,0.302,0.075,0.304","0.087,0.229,0.088,0.596","0.030,0.488,0.357,0.124",0.5,0.5,True,0.4091912079039551,0.23222555402912765,0.6137623704941156,0.3793191788720562,0.09409103043462652,SN=2=0.2762;SN=3-4=0.3534;SN=5-8=0.3702;SN=9-12=0.3514;SN>=13=0.3422,0.3793191788720562,
110,,v11+v14_avg3+v16_testhist_aug,3,THR,"0.338,0.318,0.344","0.175,0.266,0.560","0.038,0.808,0.154",0.5,0.5,True,0.40972165570646374,0.23218351897281356,0.6127293157215681,0.3793079330160245,0.09675666520387005,SN=2=0.2749;SN=3-4=0.3518;SN=5-8=0.3716;SN=9-12=0.3530;SN>=13=0.3449,0.3793079330160245,
111,,v11+v11plus+v12_5f+v13+v16_testhist_aug,5,THR,"0.214,0.126,0.032,0.401,0.227","0.321,0.075,0.204,0.080,0.320","0.028,0.006,0.605,0.301,0.059",0.5,0.5,True,0.4168108711967638,0.22788610420125538,0.6148030823830175,0.3808394066358112,0.1015126281014801,SN=2=0.2744;SN=3-4=0.3580;SN=5-8=0.3759;SN=9-12=0.3553;SN>=13=0.3387,0.37928061680754943,
112,,v11+v11_aug+v14_seed0+v16_testhist_aug,4,THR,"0.188,0.269,0.243,0.300","0.156,0.126,0.284,0.434","0.029,0.046,0.485,0.439",0.5,0.5,True,0.4129410365645685,0.23204129785610675,0.6102706936710953,0.3800470725024892,0.1001255391919102,SN=2=0.2731;SN=3-4=0.3521;SN=5-8=0.3733;SN=9-12=0.3528;SN>=13=0.3456,0.3791818271290124,
113,,v11plus+v12_5f+v13+v14_avg3,4,THR,"0.271,0.125,0.277,0.328","0.278,0.022,0.184,0.517","0.045,0.396,0.221,0.338",0.5,0.5,True,0.40906401862634467,0.23109781127556012,0.6155472999676888,0.3791741919542997,0.09682796806442873,SN=2=0.2747;SN=3-4=0.3538;SN=5-8=0.3715;SN=9-12=0.3517;SN>=13=0.3438,0.3791741919542997,
114,,v11+v11_aug+v14_seed2+v16_testhist_aug,4,THR,"0.145,0.235,0.375,0.245","0.018,0.160,0.342,0.480","0.029,0.005,0.657,0.309",0.5,0.5,True,0.4115525818972892,0.23071726049875396,0.6112559101337689,0.3791591189851711,0.0963950995232224,SN=2=0.2731;SN=3-4=0.3522;SN=5-8=0.3695;SN=9-12=0.3533;SN>=13=0.3431,0.3791591189851711,
115,,v11+v11plus+v12_5f+v16_testhist_aug,4,THR,"0.186,0.136,0.349,0.328","0.328,0.036,0.248,0.388","0.045,0.041,0.581,0.333",0.5,0.5,True,0.41149555623585515,0.2301167983163177,0.6124986971227374,0.37914468124541667,0.09756447369174404,SN=2=0.2747;SN=3-4=0.3537;SN=5-8=0.3723;SN=9-12=0.3547;SN>=13=0.3381,0.37914468124541667,
116,,v11+v14_seed1+v16_testhist_aug,3,THR,"0.350,0.286,0.365","0.082,0.380,0.538","0.038,0.758,0.205",0.5,0.5,True,0.4094532770112698,0.2318949344385183,0.6129297984252589,0.379125244264967,0.09470282563856464,SN=2=0.2753;SN=3-4=0.3511;SN=5-8=0.3700;SN=9-12=0.3529;SN>=13=0.3474,0.379125244264967,
117,,v11+v11_aug+v11plus+v13+v14_seed0,5,THR,"0.169,0.153,0.161,0.305,0.213","0.340,0.044,0.056,0.232,0.327","0.059,0.013,0.017,0.350,0.562",0.5,0.5,True,0.4134466266487192,0.23237471597559384,0.6124792603985827,0.3808243891294418,0.1020084782151548,SN=2=0.2745;SN=3-4=0.3490;SN=5-8=0.3765;SN=9-12=0.3608;SN>=13=0.3459,0.3790176742443427,
118,,v11_aug+v11plus+v12_5f+v14_seed0,4,THR,"0.302,0.211,0.350,0.137","0.204,0.238,0.176,0.382","0.003,0.038,0.411,0.548",0.5,0.5,True,0.40875201372988246,0.232755807670502,0.6134192862197602,0.37928698580410586,0.09896038594445011,SN=2=0.2727;SN=3-4=0.3538;SN=5-8=0.3717;SN=9-12=0.3549;SN>=13=0.3425,0.3790043170543591,
119,,v11+v13+v14_seed1,3,THR,"0.294,0.385,0.321","0.368,0.297,0.335","0.032,0.309,0.659",0.5,0.5,True,0.4107661019552136,0.22925285472600043,0.6148140418654308,0.3789703910455718,0.0971520426130762,SN=2=0.2754;SN=3-4=0.3522;SN=5-8=0.3725;SN=9-12=0.3536;SN>=13=0.3437,0.3789703910455718,
120,,v11_aug+v14_avg3+v16_testhist_aug,3,THR,"0.368,0.390,0.242","0.142,0.341,0.517","0.029,0.933,0.038",0.5,0.5,True,0.4096962508087278,0.23136693831360802,0.6125839629355074,0.3789420682360358,0.09388839880401811,SN=2=0.2739;SN=3-4=0.3542;SN=5-8=0.3678;SN=9-12=0.3536;SN>=13=0.3429,0.3789420682360358,
121,,v11_aug+v11plus+v12_5f+v14_seed2,4,THR,"0.307,0.229,0.136,0.328","0.190,0.227,0.133,0.449","0.017,0.049,0.439,0.495",0.5,0.5,True,0.40797598868985946,0.23275779524836207,0.6135253876727755,0.37899859110984374,0.09852884075680374,SN=2=0.2732;SN=3-4=0.3526;SN=5-8=0.3718;SN=9-12=0.3540;SN>=13=0.3442,0.3789316949539202,
122,,v11plus+v12_5f+v16_testhist_aug,3,THR,"0.282,0.299,0.419","0.110,0.265,0.625","0.036,0.629,0.335",0.5,0.5,True,0.4088190867460226,0.23196080942011657,0.6130863891568296,0.3789292362978216,0.09221003364705938,SN=2=0.2764;SN=3-4=0.3538;SN=5-8=0.3686;SN=9-12=0.3498;SN>=13=0.3398,0.3789292362978216,
123,,v11+v12_5f+v14_seed1+v16_testhist_aug,4,THR,"0.290,0.374,0.015,0.321","0.295,0.161,0.281,0.263","0.029,0.358,0.452,0.161",0.5,0.5,True,0.4099719941415471,0.2301491480896794,0.614283901759104,0.3789052372443114,0.09839504844495661,SN=2=0.2739;SN=3-4=0.3539;SN=5-8=0.3723;SN=9-12=0.3545;SN>=13=0.3401,0.3789052372443114,
124,,v11plus+v14_seed1+v16_testhist_aug,3,THR,"0.321,0.309,0.370","0.064,0.399,0.537","0.042,0.796,0.162",0.5,0.5,True,0.409408011577756,0.23119909611785455,0.6132650448916506,0.3788958520565744,0.09482737607976921,SN=2=0.2743;SN=3-4=0.3518;SN=5-8=0.3691;SN=9-12=0.3535;SN>=13=0.3435,0.3788958520565744,
125,,v11plus+v14_seed2+v16_testhist_aug,3,THR,"0.300,0.341,0.358","0.071,0.343,0.586","0.036,0.707,0.257",0.5,0.5,True,0.40862992346138444,0.23272359650006674,0.6115430014611631,0.3788500082768131,0.09281339748634798,SN=2=0.2746;SN=3-4=0.3514;SN=5-8=0.3674;SN=9-12=0.3545;SN>=13=0.3419,0.3788500082768131,
126,,v11plus+v12_5f+v14_seed1+v16_testhist_aug,4,THR,"0.364,0.194,0.193,0.250","0.071,0.107,0.210,0.612","0.044,0.275,0.607,0.074",0.5,0.5,True,0.4077917529429713,0.23203245492625563,0.6144710677387002,0.3788238966954309,0.09514323592380325,SN=2=0.2740;SN=3-4=0.3529;SN=5-8=0.3691;SN=9-12=0.3530;SN>=13=0.3430,0.3788238966954309,
127,,v11+v12_5f+v14_avg3+v16_testhist_aug,4,THR,"0.239,0.390,0.022,0.349","0.245,0.056,0.289,0.410","0.005,0.314,0.591,0.089",0.5,0.5,True,0.4094752955351909,0.23061239851847012,0.6139164699091805,0.37881837160330056,0.0971127557559685,SN=2=0.2733;SN=3-4=0.3536;SN=5-8=0.3705;SN=9-12=0.3550;SN>=13=0.3428,0.37881837160330056,
128,,v11_aug+v14_seed2+v16_testhist_aug,3,THR,"0.385,0.391,0.224","0.131,0.383,0.486","0.015,0.757,0.227",0.5,0.5,True,0.4088775932783842,0.232685493854706,0.6109612021187366,0.3788174752769834,0.09234696117117891,SN=2=0.2736;SN=3-4=0.3507;SN=5-8=0.3660;SN=9-12=0.3538;SN>=13=0.3440,0.3788174752769834,
129,,v11+v13+v14_seed2,3,THR,"0.238,0.420,0.342","0.357,0.227,0.416","0.040,0.415,0.545",0.5,0.5,True,0.41020926575691946,0.23007165770035062,0.6132568370371715,0.37876373679034236,0.09551226431186188,SN=2=0.2750;SN=3-4=0.3546;SN=5-8=0.3705;SN=9-12=0.3533;SN>=13=0.3395,0.37876373679034236,
130,,v11+v11plus+v14_seed1+v16_testhist_aug,4,THR,"0.175,0.219,0.377,0.229","0.295,0.029,0.373,0.302","0.021,0.020,0.797,0.162",0.5,0.5,True,0.41193898069368107,0.22949305517490312,0.6132429576113523,0.37922140586970415,0.09941683832257786,SN=2=0.2731;SN=3-4=0.3510;SN=5-8=0.3725;SN=9-12=0.3579;SN>=13=0.3450,0.37871051093089353,
131,,v11+v11plus+v12_5f+v13+v14_seed1,5,THR,"0.123,0.124,0.276,0.316,0.161","0.325,0.014,0.001,0.279,0.381","0.013,0.023,0.376,0.161,0.427",0.5,0.5,True,0.40997012536790206,0.22890194575890382,0.6157759837636692,0.3787040252034562,0.09732211298220034,SN=2=0.2749;SN=3-4=0.3543;SN=5-8=0.3722;SN=9-12=0.3516;SN>=13=0.3439,0.3787040252034562,
132,,v11_aug+v11plus+v12_5f+v14_seed1,4,THR,"0.249,0.182,0.453,0.116","0.243,0.254,0.292,0.212","0.024,0.039,0.422,0.515",0.5,0.5,True,0.4081060639948867,0.23134162565620398,0.6144156280050912,0.37866220146145446,0.0973718653342654,SN=2=0.2729;SN=3-4=0.3539;SN=5-8=0.3703;SN=9-12=0.3534;SN>=13=0.3436,0.37866220146145446,
133,,v11_aug+v13+v14_seed2,3,THR,"0.338,0.231,0.432","0.289,0.463,0.248","0.007,0.417,0.575",0.5,0.5,True,0.4093253448255405,0.23077865013592125,0.612942971173619,0.3786301922193085,0.09304185112664298,SN=2=0.2742;SN=3-4=0.3504;SN=5-8=0.3672;SN=9-12=0.3494;SN>=13=0.3410,0.3786301922193085,
134,,v11_aug+v11plus+v13+v14_avg3+v16_testhist_aug,5,TEMP,"0.250,0.166,0.268,0.031,0.285","0.093,0.017,0.024,0.334,0.532","0.035,0.032,0.323,0.609,0.001",0.5,0.5,True,0.411018234424924,0.22847874754484093,0.6141324054583216,0.37862527387957035,0.08961518653862438,SN=2=0.2773;SN=3-4=0.3478;SN=5-8=0.3670;SN=9-12=0.3508;SN>=13=0.3462,0.37862527387957035,
135,2,v11_aug+v11plus+v13+v14_avg3+v16_testhist_aug,5,NONE,"0.250,0.166,0.268,0.031,0.285","0.093,0.017,0.024,0.334,0.532","0.035,0.032,0.323,0.609,0.001",1.0,1.0,False,0.411018234424924,0.22847874754484093,0.6141324054583216,0.37862527387957035,0.08961518653862438,SN=2=0.2773;SN=3-4=0.3478;SN=5-8=0.3670;SN=9-12=0.3508;SN>=13=0.3462,0.37862527387957035,submission_zoo_v6_elig2_none_v11_aug_v11plus_v13_v14avg3_v16.csv
136,,v11_aug+v11plus+v12_5f+v13+v16_testhist_aug,5,TEMP,"0.252,0.158,0.098,0.198,0.294","0.148,0.053,0.115,0.101,0.582","0.018,0.044,0.488,0.421,0.030",0.5,0.5,True,0.4102910286386516,0.22876418952476718,0.6146936723758747,0.37856082174054245,0.09069021156127727,SN=2=0.2779;SN=3-4=0.3496;SN=5-8=0.3685;SN=9-12=0.3509;SN>=13=0.3446,0.37856082174054245,
137,3,v11_aug+v11plus+v12_5f+v13+v16_testhist_aug,5,NONE,"0.252,0.158,0.098,0.198,0.294","0.148,0.053,0.115,0.101,0.582","0.018,0.044,0.488,0.421,0.030",1.0,1.0,False,0.4102910286386516,0.22876418952476718,0.6146936723758747,0.37856082174054245,0.09069021156127727,SN=2=0.2779;SN=3-4=0.3496;SN=5-8=0.3685;SN=9-12=0.3509;SN>=13=0.3446,0.37856082174054245,submission_zoo_v6_elig3_none_v11_aug_v11plus_v125f_v13_v16.csv
138,,v11+v11_aug+v11plus+v12_5f+v14_seed2,5,THR,"0.224,0.212,0.126,0.244,0.194","0.396,0.128,0.028,0.102,0.346","0.001,0.032,0.024,0.189,0.754",0.5,0.5,True,0.4079138758119852,0.2320035711963337,0.6125677122417176,0.37848052125167103,0.09446379575535513,SN=2=0.2748;SN=3-4=0.3504;SN=5-8=0.3693;SN=9-12=0.3563;SN>=13=0.3423,0.37848052125167103,
139,,v11+v11_aug+v13+v14_avg3,4,THR,"0.234,0.232,0.292,0.242","0.373,0.118,0.125,0.384","0.032,0.032,0.070,0.866",0.5,0.5,True,0.4108991287416061,0.22932138190153162,0.6132337823554481,0.3787349607283447,0.09897162925927472,SN=2=0.2723;SN=3-4=0.3510;SN=5-8=0.3713;SN=9-12=0.3562;SN>=13=0.3417,0.3784466703211857,
140,,v11_aug+v14_seed1+v16_testhist_aug,3,THR,"0.394,0.396,0.210","0.181,0.355,0.464","0.023,0.882,0.095",0.5,0.5,True,0.4086798396616675,0.23107452898648523,0.6126966897475363,0.37844108540876836,0.0949128463647873,SN=2=0.2734;SN=3-4=0.3517;SN=5-8=0.3684;SN=9-12=0.3531;SN>=13=0.3460,0.37844108540876836,
141,,v11+v11_aug+v11plus+v14_seed0+v16_testhist_aug,5,THR,"0.092,0.294,0.099,0.239,0.276","0.046,0.117,0.117,0.243,0.476","0.029,0.012,0.077,0.771,0.112",0.5,0.5,True,0.41254342687005485,0.2331911237817162,0.6101400684888196,0.3803218339584724,0.1022333404968101,SN=2=0.2727;SN=3-4=0.3519;SN=5-8=0.3749;SN=9-12=0.3550;SN>=13=0.3452,0.37840268793254567,
142,,v11+v11plus+v12_5f+v13+v14_avg3,5,THR,"0.161,0.157,0.093,0.335,0.254","0.324,0.046,0.115,0.112,0.402","0.030,0.037,0.297,0.249,0.386",0.5,0.5,True,0.4106827566720426,0.2283700172650517,0.6154422249090212,0.378709554556642,0.09902160360817763,SN=2=0.2731;SN=3-4=0.3530;SN=5-8=0.3721;SN=9-12=0.3558;SN>=13=0.3410,0.37839627697503153,
143,,v11plus+v12_5f+v13,3,THR,"0.268,0.421,0.312","0.477,0.259,0.264","0.035,0.571,0.394",0.5,0.5,True,0.4091462925522302,0.22931786339976284,0.6149363473954508,0.37837293185988735,0.0971084378233305,SN=2=0.2745;SN=3-4=0.3543;SN=5-8=0.3716;SN=9-12=0.3507;SN>=13=0.3438,0.37837293185988735,
144,,v11plus+v12_5f+v13+v14_seed0,4,THR,"0.275,0.031,0.337,0.358","0.262,0.038,0.061,0.639","0.023,0.431,0.287,0.258",0.5,0.5,True,0.4094366121181551,0.22885279770461558,0.6151968514789029,0.37835513422488887,0.09659818256608632,SN=2=0.2750;SN=3-4=0.3533;SN=5-8=0.3716;SN=9-12=0.3513;SN>=13=0.3444,0.37835513422488887,
145,,v11+v11plus+v14_seed0+v16_testhist_aug,4,THR,"0.251,0.148,0.279,0.321","0.251,0.009,0.263,0.476","0.031,0.012,0.944,0.013",0.5,0.5,True,0.4108853344410973,0.22953805473968653,0.6107809849278841,0.37832555265789036,0.0983584224941324,SN=2=0.2736;SN=3-4=0.3496;SN=5-8=0.3719;SN=9-12=0.3534;SN>=13=0.3439,0.37832555265789036,
146,,v11+v12_5f+v13+v14_seed2,4,THR,"0.222,0.266,0.292,0.220","0.347,0.050,0.165,0.438","0.035,0.491,0.262,0.212",0.5,0.5,True,0.40832106301034915,0.2299643618487827,0.6150460321528491,0.3783233763742226,0.09517547597687237,SN=2=0.2738;SN=3-4=0.3533;SN=5-8=0.3690;SN=9-12=0.3515;SN>=13=0.3421,0.3783233763742226,
147,,v11+v12_5f+v16_testhist_aug,3,THR,"0.276,0.383,0.340","0.330,0.268,0.402","0.014,0.583,0.404",0.5,0.5,True,0.4093120775466758,0.23008854701474282,0.6128091702744263,0.3783220838794527,0.0967759665475042,SN=2=0.2739;SN=3-4=0.3546;SN=5-8=0.3707;SN=9-12=0.3547;SN>=13=0.3384,0.3783220838794527,
148,,v11+v11plus+v13+v14_avg3,4,THR,"0.138,0.194,0.386,0.282","0.356,0.039,0.269,0.336","0.011,0.049,0.313,0.627",0.5,0.5,True,0.4115298248716156,0.22831880087230522,0.6146212925976097,0.3788637088170903,0.0994999762671046,SN=2=0.2721;SN=3-4=0.3548;SN=5-8=0.3716;SN=9-12=0.3540;SN>=13=0.3435,0.3783112449060163,
149,,v11_aug+v14_seed0+v16_testhist_aug,3,THR,"0.355,0.371,0.275","0.126,0.368,0.507","0.024,0.630,0.345",0.5,0.5,True,0.4096368215206796,0.23081820521563348,0.6105419918092543,0.3782904090563761,0.09689908615874215,SN=2=0.2727;SN=3-4=0.3528;SN=5-8=0.3696;SN=9-12=0.3533;SN>=13=0.3428,0.3782904090563761,
150,,v11_aug+v11plus+v14_avg3,3,THR,"0.222,0.188,0.590","0.175,0.224,0.601","0.007,0.035,0.958",0.5,0.5,True,0.40784576311740284,0.23125284924900572,0.6131898375784739,0.3782774124622582,0.097912549694397,SN=2=0.2718;SN=3-4=0.3538;SN=5-8=0.3697;SN=9-12=0.3526;SN>=13=0.3452,0.3782774124622582,
151,,v11+v11_aug+v12_5f+v13+v16_testhist_aug,5,TEMP,"0.168,0.176,0.111,0.272,0.273","0.035,0.109,0.131,0.102,0.623","0.020,0.026,0.365,0.470,0.120",0.5,0.5,True,0.4098057225086708,0.2285489887065332,0.6142215169495924,0.3781861878760001,0.08841675273806215,SN=2=0.2785;SN=3-4=0.3494;SN=5-8=0.3669;SN=9-12=0.3487;SN>=13=0.3457,0.3781861878760001,
152,4,v11+v11_aug+v12_5f+v13+v16_testhist_aug,5,NONE,"0.168,0.176,0.111,0.272,0.273","0.035,0.109,0.131,0.102,0.623","0.020,0.026,0.365,0.470,0.120",1.0,1.0,False,0.4098057225086708,0.2285489887065332,0.6142215169495924,0.3781861878760001,0.08841675273806215,SN=2=0.2785;SN=3-4=0.3494;SN=5-8=0.3669;SN=9-12=0.3487;SN>=13=0.3457,0.3781861878760001,submission_zoo_v6_elig4_none_v11_v11_aug_v125f_v13_v16.csv
153,,v11+v12_5f+v14_seed0+v16_testhist_aug,4,THR,"0.233,0.309,0.081,0.378","0.298,0.190,0.137,0.375","0.008,0.572,0.367,0.053",0.5,0.5,True,0.4078601587403926,0.23089503848182114,0.6132558622100637,0.3781532513308983,0.09724503850804195,SN=2=0.2734;SN=3-4=0.3518;SN=5-8=0.3707;SN=9-12=0.3535;SN>=13=0.3400,0.3781532513308983,
154,,v11plus+v13+v14_avg3,3,THR,"0.282,0.364,0.355","0.125,0.228,0.647","0.021,0.255,0.724",0.5,0.5,True,0.40986910535480797,0.22849461800859436,0.6145133157472048,0.3782481524948019,0.09860095718845813,SN=2=0.2734;SN=3-4=0.3509;SN=5-8=0.3720;SN=9-12=0.3488;SN>=13=0.3471,0.37814519812305114,
155,,v11+v11_aug+v13+v14_avg3+v16_testhist_aug,5,TEMP,"0.133,0.267,0.234,0.117,0.250","0.037,0.068,0.191,0.183,0.522","0.011,0.022,0.205,0.610,0.152",0.5,0.5,True,0.40845997778964394,0.22990360206715973,0.6138386050267158,0.37811315294806463,0.08781560141550432,SN=2=0.2770;SN=3-4=0.3490;SN=5-8=0.3648;SN=9-12=0.3501;SN>=13=0.3464,0.37811315294806463,
156,5,v11+v11_aug+v13+v14_avg3+v16_testhist_aug,5,NONE,"0.133,0.267,0.234,0.117,0.250","0.037,0.068,0.191,0.183,0.522","0.011,0.022,0.205,0.610,0.152",1.0,1.0,False,0.40845997778964394,0.22990360206715973,0.6138386050267158,0.37811315294806463,0.08781560141550432,SN=2=0.2770;SN=3-4=0.3490;SN=5-8=0.3648;SN=9-12=0.3501;SN>=13=0.3464,0.37811315294806463,submission_zoo_v6_elig5_none_v11_v11_aug_v13_v14avg3_v16.csv
157,,v11+v11_aug+v13+v14_seed1+v16_testhist_aug,5,TEMP,"0.194,0.120,0.294,0.051,0.341","0.050,0.112,0.191,0.193,0.453","0.019,0.029,0.252,0.630,0.069",0.5,0.5,True,0.40889927502353524,0.2291487997273915,0.6144538739832227,0.3781100046970153,0.08847604539621534,SN=2=0.2779;SN=3-4=0.3486;SN=5-8=0.3664;SN=9-12=0.3482;SN>=13=0.3459,0.3781100046970153,
158,6,v11+v11_aug+v13+v14_seed1+v16_testhist_aug,5,NONE,"0.194,0.120,0.294,0.051,0.341","0.050,0.112,0.191,0.193,0.453","0.019,0.029,0.252,0.630,0.069",1.0,1.0,False,0.40889927502353524,0.2291487997273915,0.6144538739832227,0.3781100046970153,0.08847604539621534,SN=2=0.2779;SN=3-4=0.3486;SN=5-8=0.3664;SN=9-12=0.3482;SN>=13=0.3459,0.3781100046970153,
159,,v11+v11_aug+v11plus+v12_5f+v14_seed1,5,THR,"0.190,0.252,0.025,0.425,0.107","0.274,0.136,0.077,0.132,0.382","0.064,0.009,0.002,0.366,0.559",0.5,0.5,True,0.40873476539345227,0.2310802043276988,0.6138881792961619,0.37870362374769284,0.09964460765646682,SN=2=0.2722;SN=3-4=0.3533;SN=5-8=0.3718;SN=9-12=0.3558;SN>=13=0.3434,0.3780788441419377,
160,,v11_aug+v12_5f+v13+v14_seed1,4,THR,"0.380,0.203,0.261,0.155","0.246,0.005,0.263,0.486","0.001,0.440,0.193,0.365",0.5,0.5,True,0.40808021882722384,0.22932736540116574,0.61544473148943,0.3780519799892419,0.09402531304922512,SN=2=0.2737;SN=3-4=0.3529;SN=5-8=0.3678;SN=9-12=0.3474;SN>=13=0.3429,0.3780519799892419,
161,,v11+v11_aug+v11plus+v14_avg3,4,THR,"0.104,0.292,0.160,0.444","0.295,0.093,0.012,0.600","0.009,0.084,0.023,0.883",0.5,0.5,True,0.40918283636669917,0.23097537693512038,0.6114350456501922,0.3783502944507663,0.09900399429967027,SN=2=0.2729;SN=3-4=0.3501;SN=5-8=0.3719;SN=9-12=0.3544;SN>=13=0.3456,0.3780458215234095,
162,,v11+v11_aug+v13+v14_seed2+v16_testhist_aug,5,TEMP,"0.143,0.227,0.311,0.021,0.298","0.246,0.062,0.077,0.232,0.383","0.036,0.015,0.263,0.413,0.272",0.5,0.5,True,0.40976995083503137,0.22878140148972817,0.6131109401135928,0.3780427289526224,0.09159796868413167,SN=2=0.2759;SN=3-4=0.3504;SN=5-8=0.3675;SN=9-12=0.3539;SN>=13=0.3446,0.3780427289526224,
163,7,v11+v11_aug+v13+v14_seed2+v16_testhist_aug,5,NONE,"0.143,0.227,0.311,0.021,0.298","0.246,0.062,0.077,0.232,0.383","0.036,0.015,0.263,0.413,0.272",1.0,1.0,False,0.40976995083503137,0.22878140148972817,0.6131109401135928,0.3780427289526224,0.09159796868413167,SN=2=0.2759;SN=3-4=0.3504;SN=5-8=0.3675;SN=9-12=0.3539;SN>=13=0.3446,0.3780427289526224,
164,,v11_aug+v11plus+v13+v14_seed1+v16_testhist_aug,5,TEMP,"0.152,0.219,0.251,0.114,0.264","0.145,0.080,0.081,0.221,0.473","0.019,0.032,0.170,0.371,0.408",0.5,0.5,True,0.4095165146852302,0.22866014228196482,0.6137795477480763,0.3780265723364933,0.09135563969746963,SN=2=0.2765;SN=3-4=0.3480;SN=5-8=0.3679;SN=9-12=0.3506;SN>=13=0.3466,0.3780265723364933,
165,8,v11_aug+v11plus+v13+v14_seed1+v16_testhist_aug,5,NONE,"0.152,0.219,0.251,0.114,0.264","0.145,0.080,0.081,0.221,0.473","0.019,0.032,0.170,0.371,0.408",1.0,1.0,False,0.4095165146852302,0.22866014228196482,0.6137795477480763,0.3780265723364933,0.09135563969746963,SN=2=0.2765;SN=3-4=0.3480;SN=5-8=0.3679;SN=9-12=0.3506;SN>=13=0.3466,0.3780265723364933,
166,,v11+v13+v14_avg3,3,THR,"0.229,0.338,0.433","0.360,0.103,0.537","0.026,0.319,0.655",0.5,0.5,True,0.4089765662799752,0.22950649578231758,0.6143847322151008,0.37827017126793727,0.0988959887818252,SN=2=0.2726;SN=3-4=0.3514;SN=5-8=0.3715;SN=9-12=0.3545;SN>=13=0.3442,0.378019701099503,
167,,v11+v12_5f+v13+v14_seed1,4,THR,"0.286,0.220,0.362,0.132","0.431,0.020,0.224,0.326","0.036,0.316,0.308,0.341",0.5,0.5,True,0.4101369416262223,0.2281177644205444,0.6157778793754168,0.37845745829379,0.09934096003472026,SN=2=0.2731;SN=3-4=0.3547;SN=5-8=0.3725;SN=9-12=0.3523;SN>=13=0.3414,0.3779845024989082,
168,,v11plus+v12_5f+v13+v14_seed2,4,THR,"0.291,0.225,0.294,0.190","0.157,0.088,0.268,0.487","0.040,0.411,0.284,0.265",0.5,0.5,True,0.4089299610199417,0.22828791401932896,0.6153799915009268,0.3779631483158936,0.09712971494194811,SN=2=0.2725;SN=3-4=0.3526;SN=5-8=0.3697;SN=9-12=0.3498;SN>=13=0.3446,0.3779631483158936,
169,,v11+v12_5f+v14_seed2+v16_testhist_aug,4,THR,"0.271,0.255,0.050,0.424","0.093,0.034,0.321,0.551","0.043,0.520,0.332,0.105",0.5,0.5,True,0.4085218765560702,0.22963148116402227,0.6134133634128263,0.37794401577060227,0.09586757094250992,SN=2=0.2731;SN=3-4=0.3519;SN=5-8=0.3690;SN=9-12=0.3512;SN>=13=0.3409,0.37794401577060227,
170,,v11plus+v14_seed0+v16_testhist_aug,3,THR,"0.295,0.327,0.378","0.030,0.393,0.576","0.038,0.644,0.318",0.5,0.5,True,0.40887035823792683,0.23071407048202547,0.6110970698329143,0.3780531854545638,0.09861500910757032,SN=2=0.2726;SN=3-4=0.3500;SN=5-8=0.3712;SN=9-12=0.3534;SN>=13=0.3456,0.37794320512325696,
171,,v11plus+v13+v14_seed1,3,THR,"0.235,0.293,0.472","0.251,0.278,0.472","0.033,0.332,0.635",0.5,0.5,True,0.4084966184544024,0.2284257177185613,0.6151193083760168,0.3777927961443888,0.09799736542614551,SN=2=0.2726;SN=3-4=0.3526;SN=5-8=0.3706;SN=9-12=0.3493;SN>=13=0.3454,0.3777927961443888,
172,,v11+v11_aug+v13+v14_seed0+v16_testhist_aug,5,TEMP,"0.186,0.191,0.314,0.113,0.197","0.279,0.046,0.139,0.208,0.329","0.027,0.016,0.412,0.387,0.158",0.5,0.5,True,0.408472795494009,0.22946659619411047,0.6127957066868317,0.3777348980126141,0.09593963188866406,SN=2=0.2741;SN=3-4=0.3492;SN=5-8=0.3701;SN=9-12=0.3530;SN>=13=0.3463,0.3777348980126141,
173,9,v11+v11_aug+v13+v14_seed0+v16_testhist_aug,5,NONE,"0.186,0.191,0.314,0.113,0.197","0.279,0.046,0.139,0.208,0.329","0.027,0.016,0.412,0.387,0.158",1.0,1.0,False,0.408472795494009,0.22946659619411047,0.6127957066868317,0.3777348980126141,0.09593963188866406,SN=2=0.2741;SN=3-4=0.3492;SN=5-8=0.3701;SN=9-12=0.3530;SN>=13=0.3463,0.3777348980126141,
174,,v11_aug+v12_5f+v13+v14_seed0,4,THR,"0.325,0.380,0.224,0.071","0.292,0.027,0.146,0.536","0.008,0.435,0.363,0.194",0.5,0.5,True,0.4075570218039244,0.22937056639672262,0.6148138553982905,0.3777338063599169,0.09621579947061099,SN=2=0.2711;SN=3-4=0.3521;SN=5-8=0.3673;SN=9-12=0.3494;SN>=13=0.3441,0.3777338063599169,
175,,v11_aug+v11plus+v13+v14_seed0+v16_testhist_aug,5,TEMP,"0.304,0.101,0.260,0.017,0.319","0.017,0.019,0.180,0.173,0.612","0.004,0.037,0.269,0.603,0.087",0.5,0.5,True,0.40942902786378604,0.22838116149698728,0.6130326272149458,0.3777306011872985,0.08613738631575457,SN=2=0.2776;SN=3-4=0.3481;SN=5-8=0.3637;SN=9-12=0.3484;SN>=13=0.3468,0.3777306011872985,
176,10,v11_aug+v11plus+v13+v14_seed0+v16_testhist_aug,5,NONE,"0.304,0.101,0.260,0.017,0.319","0.017,0.019,0.180,0.173,0.612","0.004,0.037,0.269,0.603,0.087",1.0,1.0,False,0.40942902786378604,0.22838116149698728,0.6130326272149458,0.3777306011872985,0.08613738631575457,SN=2=0.2776;SN=3-4=0.3481;SN=5-8=0.3637;SN=9-12=0.3484;SN>=13=0.3468,0.3777306011872985,
177,,v11+v11_aug+v11plus+v12_5f,4,THR,"0.218,0.280,0.020,0.483","0.319,0.199,0.055,0.427","0.018,0.057,0.073,0.853",0.5,0.5,True,0.4073778958704664,0.23179693002192722,0.6102632325102535,0.3777225768590082,0.09517167008339877,SN=2=0.2738;SN=3-4=0.3519;SN=5-8=0.3689;SN=9-12=0.3548;SN>=13=0.3391,0.3777225768590082,
178,,v11plus+v12_5f+v13+v14_seed1,4,THR,"0.265,0.211,0.331,0.194","0.136,0.008,0.334,0.522","0.043,0.349,0.376,0.232",0.5,0.5,True,0.40887605747986133,0.22747554438355935,0.6158113320754425,0.3777029071604568,0.09409129811881584,SN=2=0.2747;SN=3-4=0.3512;SN=5-8=0.3688;SN=9-12=0.3472;SN>=13=0.3392,0.3777029071604568,
179,,v11_aug+v11plus+v12_5f,3,THR,"0.241,0.196,0.562","0.292,0.205,0.504","0.015,0.052,0.933",0.5,0.5,True,0.407841606861203,0.23036849871146708,0.6119672715482484,0.37767749653871774,0.09257348369428353,SN=2=0.2747;SN=3-4=0.3527;SN=5-8=0.3673;SN=9-12=0.3506;SN>=13=0.3376,0.37767749653871774,
180,,v11_aug+v13+v14_seed1,3,THR,"0.402,0.237,0.361","0.283,0.390,0.327","0.018,0.323,0.659",0.5,0.5,True,0.4074010930295434,0.22950791042746058,0.614461631346292,0.37765592765206,0.0935288292393256,SN=2=0.2739;SN=3-4=0.3516;SN=5-8=0.3675;SN=9-12=0.3475;SN>=13=0.3432,0.37765592765206,
181,,v11_aug+v12_5f+v13+v14_avg3,4,THR,"0.368,0.116,0.238,0.277","0.253,0.039,0.033,0.675","0.040,0.414,0.240,0.306",0.5,0.5,True,0.4079686187484406,0.22863659102764683,0.6149558765280999,0.37763325921605495,0.09447636294609824,SN=2=0.2730;SN=3-4=0.3511;SN=5-8=0.3675;SN=9-12=0.3498;SN>=13=0.3446,0.37763325921605495,
182,,v11+v11plus+v12_5f+v14_seed0+v16_testhist_aug,5,THR,"0.251,0.168,0.051,0.237,0.293","0.293,0.082,0.149,0.180,0.296","0.019,0.019,0.620,0.131,0.211",0.5,0.5,True,0.41015236473791344,0.22982021233535316,0.6133596291109833,0.37866095665150334,0.10050387754409795,SN=2=0.2729;SN=3-4=0.3506;SN=5-8=0.3734;SN=9-12=0.3554;SN>=13=0.3410,0.3776065421019327,
183,,v11+v11_aug+v11plus+v13+v16_testhist_aug,5,TEMP,"0.016,0.210,0.243,0.311,0.220","0.126,0.101,0.000,0.282,0.491","0.051,0.019,0.026,0.290,0.614",0.5,0.5,True,0.41078502843003556,0.22753885241837518,0.6112594897253107,0.37758145028442647,0.09163202220501449,SN=2=0.2761;SN=3-4=0.3480;SN=5-8=0.3677;SN=9-12=0.3510;SN>=13=0.3401,0.37758145028442647,
184,11,v11+v11_aug+v11plus+v13+v16_testhist_aug,5,NONE,"0.016,0.210,0.243,0.311,0.220","0.126,0.101,0.000,0.282,0.491","0.051,0.019,0.026,0.290,0.614",1.0,1.0,False,0.41078502843003556,0.22753885241837518,0.6112594897253107,0.37758145028442647,0.09163202220501449,SN=2=0.2761;SN=3-4=0.3480;SN=5-8=0.3677;SN=9-12=0.3510;SN>=13=0.3401,0.37758145028442647,
185,,v11+v11_aug+v11plus+v12_5f+v14_avg3,5,THR,"0.167,0.257,0.111,0.101,0.364","0.206,0.151,0.090,0.072,0.481","0.034,0.072,0.004,0.345,0.545",0.5,0.5,True,0.4110441765435715,0.23221472409060517,0.6127512223102567,0.37985380471572205,0.103146963711578,SN=2=0.2730;SN=3-4=0.3522;SN=5-8=0.3761;SN=9-12=0.3542;SN>=13=0.3440,0.3774778470824114,
186,,v11_aug+v11plus+v13+v16_testhist_aug,4,TEMP,"0.244,0.170,0.306,0.280","0.171,0.044,0.258,0.527","0.052,0.044,0.585,0.319",0.5,0.5,True,0.41083247395768213,0.22743845107416066,0.6104225872458958,0.37739288746191624,0.09019762503891621,SN=2=0.2760;SN=3-4=0.3490;SN=5-8=0.3662;SN=9-12=0.3483;SN>=13=0.3412,0.37739288746191624,
187,12,v11_aug+v11plus+v13+v16_testhist_aug,4,NONE,"0.244,0.170,0.306,0.280","0.171,0.044,0.258,0.527","0.052,0.044,0.585,0.319",1.0,1.0,False,0.41083247395768213,0.22743845107416066,0.6104225872458958,0.37739288746191624,0.09019762503891621,SN=2=0.2760;SN=3-4=0.3490;SN=5-8=0.3662;SN=9-12=0.3483;SN>=13=0.3412,0.37739288746191624,
188,,v11_aug+v11plus+v16_testhist_aug,3,THR,"0.281,0.150,0.568","0.188,0.099,0.713","0.034,0.026,0.940",0.5,0.5,True,0.40865395351846984,0.2302800325414392,0.6080632230568646,0.37718623903533655,0.0913825328263485,SN=2=0.2750;SN=3-4=0.3487;SN=5-8=0.3664;SN=9-12=0.3507;SN>=13=0.3415,0.37718623903533655,
189,,v11+v11plus+v13+v14_seed1,4,THR,"0.157,0.135,0.322,0.385","0.348,0.099,0.232,0.321","0.024,0.052,0.150,0.774",0.5,0.5,True,0.41052713971229876,0.22735991966894917,0.614432820522955,0.3780413878570902,0.10018684425706953,SN=2=0.2723;SN=3-4=0.3524;SN=5-8=0.3725;SN=9-12=0.3527;SN>=13=0.3435,0.3771454899510337,
190,,v11_aug+v11plus+v14_seed2,3,THR,"0.288,0.200,0.512","0.249,0.193,0.558","0.022,0.029,0.948",0.5,0.5,True,0.40809914069294456,0.23091538448698573,0.6111046448542226,0.37782673904281666,0.09982974816081247,SN=2=0.2720;SN=3-4=0.3515;SN=5-8=0.3718;SN=9-12=0.3532;SN>=13=0.3446,0.37710938918488873,
191,,v11+v11plus+v13+v14_seed1+v16_testhist_aug,5,TEMP,"0.107,0.200,0.352,0.098,0.242","0.171,0.070,0.213,0.206,0.339","0.034,0.008,0.452,0.451,0.055",0.5,0.5,True,0.40715706156301174,0.2282739145100543,0.6145788374950687,0.3770881579282402,0.0942169545894197,SN=2=0.2754;SN=3-4=0.3489;SN=5-8=0.3696;SN=9-12=0.3491;SN>=13=0.3442,0.3770881579282402,
192,13,v11+v11plus+v13+v14_seed1+v16_testhist_aug,5,NONE,"0.107,0.200,0.352,0.098,0.242","0.171,0.070,0.213,0.206,0.339","0.034,0.008,0.452,0.451,0.055",1.0,1.0,False,0.40715706156301174,0.2282739145100543,0.6145788374950687,0.3770881579282402,0.0942169545894197,SN=2=0.2754;SN=3-4=0.3489;SN=5-8=0.3696;SN=9-12=0.3491;SN>=13=0.3442,0.3770881579282402,
193,,v11_aug+v12_5f+v13,3,THR,"0.297,0.459,0.244","0.373,0.202,0.425","0.015,0.607,0.379",0.5,0.5,True,0.41022512313330395,0.22587067025949806,0.6144963823031555,0.37733759381775195,0.09892509231392371,SN=2=0.2716;SN=3-4=0.3540;SN=5-8=0.3706;SN=9-12=0.3463;SN>=13=0.3379,0.37707257188326837,
194,,v11_aug+v13+v14_seed0,3,THR,"0.369,0.263,0.368","0.310,0.149,0.541","0.012,0.271,0.718",0.5,0.5,True,0.4078373555533831,0.22911504327304916,0.612325913865224,0.3772461423036177,0.09874268336984776,SN=2=0.2711;SN=3-4=0.3519;SN=5-8=0.3699;SN=9-12=0.3493;SN>=13=0.3461,0.37707232484117215,
195,,v11+v11_aug+v11plus+v14_seed1,4,THR,"0.166,0.278,0.100,0.456","0.370,0.134,0.016,0.480","0.075,0.017,0.003,0.905",0.5,0.5,True,0.40891986160134763,0.22940804497491268,0.6122762434744421,0.3777864113253926,0.09982752679873219,SN=2=0.2707;SN=3-4=0.3515;SN=5-8=0.3706;SN=9-12=0.3566;SN>=13=0.3431,0.3770701721485048,
196,,v11+v11_aug+v14_avg3,3,THR,"0.214,0.334,0.453","0.373,0.049,0.578","0.029,0.021,0.950",0.5,0.5,True,0.40616443007400327,0.23057934237493694,0.6128392141736096,0.37726535181429804,0.09879938655591786,SN=2=0.2726;SN=3-4=0.3492;SN=5-8=0.3714;SN=9-12=0.3549;SN>=13=0.3463,0.37706318275881745,
197,,v11+v11_aug+v13+v16_testhist_aug,4,TEMP,"0.153,0.280,0.300,0.266","0.232,0.157,0.316,0.295","0.017,0.040,0.515,0.427",0.5,0.5,True,0.4092582216428771,0.22772907696772404,0.6111895859996485,0.3770328366441702,0.0943496592008855,SN=2=0.2731;SN=3-4=0.3497;SN=5-8=0.3674;SN=9-12=0.3538;SN>=13=0.3392,0.3770328366441702,
198,14,v11+v11_aug+v13+v16_testhist_aug,4,NONE,"0.153,0.280,0.300,0.266","0.232,0.157,0.316,0.295","0.017,0.040,0.515,0.427",1.0,1.0,False,0.4092582216428771,0.22772907696772404,0.6111895859996485,0.3770328366441702,0.0943496592008855,SN=2=0.2731;SN=3-4=0.3497;SN=5-8=0.3674;SN=9-12=0.3538;SN>=13=0.3392,0.3770328366441702,
199,,v11_aug+v12_5f+v13+v14_seed1+v16_testhist_aug,5,TEMP,"0.274,0.015,0.321,0.090,0.301","0.115,0.055,0.140,0.127,0.563","0.019,0.336,0.218,0.343,0.084",0.5,0.5,True,0.4052803439741913,0.22955816191697026,0.6154610795421692,0.3770276182648985,0.08531714889062714,SN=2=0.2791;SN=3-4=0.3486;SN=5-8=0.3644;SN=9-12=0.3455;SN>=13=0.3449,0.3770276182648985,
200,15,v11_aug+v12_5f+v13+v14_seed1+v16_testhist_aug,5,NONE,"0.274,0.015,0.321,0.090,0.301","0.115,0.055,0.140,0.127,0.563","0.019,0.336,0.218,0.343,0.084",1.0,1.0,False,0.4052803439741913,0.22955816191697026,0.6154610795421692,0.3770276182648985,0.08531714889062714,SN=2=0.2791;SN=3-4=0.3486;SN=5-8=0.3644;SN=9-12=0.3455;SN>=13=0.3449,0.3770276182648985,
201,,v11+v11plus+v13+v14_avg3+v16_testhist_aug,5,TEMP,"0.138,0.132,0.419,0.014,0.298","0.064,0.021,0.199,0.095,0.622","0.035,0.039,0.350,0.536,0.040",0.5,0.5,True,0.4065911976713601,0.22870847560570656,0.6144007820029229,0.3770000257114113,0.08923437174975879,SN=2=0.2781;SN=3-4=0.3476;SN=5-8=0.3673;SN=9-12=0.3475;SN>=13=0.3482,0.3770000257114113,
202,16,v11+v11plus+v13+v14_avg3+v16_testhist_aug,5,NONE,"0.138,0.132,0.419,0.014,0.298","0.064,0.021,0.199,0.095,0.622","0.035,0.039,0.350,0.536,0.040",1.0,1.0,False,0.4065911976713601,0.22870847560570656,0.6144007820029229,0.3770000257114113,0.08923437174975879,SN=2=0.2781;SN=3-4=0.3476;SN=5-8=0.3673;SN=9-12=0.3475;SN>=13=0.3482,0.3770000257114113,
203,,v11+v11_aug+v14_seed1,3,THR,"0.174,0.320,0.506","0.315,0.115,0.570","0.023,0.030,0.947",0.5,0.5,True,0.40655640772998375,0.22953711354221543,0.6127938663551655,0.3769961817799128,0.097083103255725,SN=2=0.2719;SN=3-4=0.3488;SN=5-8=0.3690;SN=9-12=0.3551;SN>=13=0.3447,0.3769961817799128,
204,,v11_aug+v13+v14_seed2+v16_testhist_aug,4,TEMP,"0.331,0.246,0.201,0.222","0.115,0.079,0.291,0.515","0.016,0.323,0.532,0.129",0.5,0.5,True,0.40519144638806914,0.2307241625301824,0.6130603349118816,0.37697831054967695,0.08664139644142721,SN=2=0.2769;SN=3-4=0.3486;SN=5-8=0.3636;SN=9-12=0.3471;SN>=13=0.3449,0.37697831054967695,
205,17,v11_aug+v13+v14_seed2+v16_testhist_aug,4,NONE,"0.331,0.246,0.201,0.222","0.115,0.079,0.291,0.515","0.016,0.323,0.532,0.129",1.0,1.0,False,0.40519144638806914,0.2307241625301824,0.6130603349118816,0.37697831054967695,0.08664139644142721,SN=2=0.2769;SN=3-4=0.3486;SN=5-8=0.3636;SN=9-12=0.3471;SN>=13=0.3449,0.37697831054967695,
206,,v11+v11plus+v13+v14_seed2+v16_testhist_aug,5,TEMP,"0.142,0.164,0.438,0.029,0.228","0.076,0.009,0.147,0.265,0.503","0.019,0.019,0.402,0.544,0.016",0.5,0.5,True,0.40632526079466685,0.2291004078281218,0.6136180102742932,0.37689386950397413,0.09023838476959095,SN=2=0.2764;SN=3-4=0.3486;SN=5-8=0.3666;SN=9-12=0.3492;SN>=13=0.3452,0.37689386950397413,
207,18,v11+v11plus+v13+v14_seed2+v16_testhist_aug,5,NONE,"0.142,0.164,0.438,0.029,0.228","0.076,0.009,0.147,0.265,0.503","0.019,0.019,0.402,0.544,0.016",1.0,1.0,False,0.40632526079466685,0.2291004078281218,0.6136180102742932,0.37689386950397413,0.09023838476959095,SN=2=0.2764;SN=3-4=0.3486;SN=5-8=0.3666;SN=9-12=0.3492;SN>=13=0.3452,0.37689386950397413,
208,,v11_aug+v12_5f+v13+v14_seed0+v16_testhist_aug,5,TEMP,"0.217,0.017,0.335,0.048,0.383","0.198,0.160,0.101,0.071,0.470","0.021,0.441,0.327,0.068,0.144",0.5,0.5,True,0.40489873689101985,0.2299365126813997,0.6147698458528625,0.37688806899954036,0.0857074924359551,SN=2=0.2787;SN=3-4=0.3492;SN=5-8=0.3644;SN=9-12=0.3450;SN>=13=0.3414,0.37688806899954036,
209,19,v11_aug+v12_5f+v13+v14_seed0+v16_testhist_aug,5,NONE,"0.217,0.017,0.335,0.048,0.383","0.198,0.160,0.101,0.071,0.470","0.021,0.441,0.327,0.068,0.144",1.0,1.0,False,0.40489873689101985,0.2299365126813997,0.6147698458528625,0.37688806899954036,0.0857074924359551,SN=2=0.2787;SN=3-4=0.3492;SN=5-8=0.3644;SN=9-12=0.3450;SN>=13=0.3414,0.37688806899954036,
210,,v11+v11plus+v12_5f+v14_avg3,4,THR,"0.047,0.245,0.215,0.493","0.293,0.093,0.143,0.470","0.012,0.017,0.404,0.567",0.5,0.5,True,0.4039971161239247,0.2309360596657693,0.6143687158428501,0.37684701348444766,0.09543191009056862,SN=2=0.2739;SN=3-4=0.3507;SN=5-8=0.3693;SN=9-12=0.3533;SN>=13=0.3444,0.37684701348444766,
211,,v11+v11_aug+v11plus+v16_testhist_aug,4,THR,"0.104,0.232,0.103,0.561","0.256,0.250,0.046,0.448","0.006,0.070,0.090,0.834",0.5,0.5,True,0.40863045926826086,0.23078648288367504,0.6053946835604443,0.37684571357286323,0.09536451828296444,SN=2=0.2729;SN=3-4=0.3489;SN=5-8=0.3682;SN=9-12=0.3488;SN>=13=0.3369,0.37684571357286323,
212,,v11+v11_aug+v11plus+v12_5f+v14_seed0,5,THR,"0.168,0.276,0.070,0.317,0.168","0.319,0.057,0.088,0.131,0.406","0.016,0.001,0.028,0.666,0.289",0.5,0.5,True,0.4092660786961674,0.22860444045913483,0.6134220213461774,0.3778326119313564,0.10040606899329818,SN=2=0.2713;SN=3-4=0.3516;SN=5-8=0.3717;SN=9-12=0.3539;SN>=13=0.3430,0.37682710165718564,
213,,v11_aug+v12_5f+v13+v14_avg3+v16_testhist_aug,5,TEMP,"0.384,0.040,0.248,0.060,0.268","0.167,0.039,0.132,0.094,0.567","0.006,0.406,0.252,0.318,0.019",0.5,0.5,True,0.40504886479811714,0.22926050528434128,0.6152703913138022,0.3767778262957438,0.08662588756082834,SN=2=0.2778;SN=3-4=0.3484;SN=5-8=0.3645;SN=9-12=0.3452;SN>=13=0.3447,0.3767778262957438,
214,20,v11_aug+v12_5f+v13+v14_avg3+v16_testhist_aug,5,NONE,"0.384,0.040,0.248,0.060,0.268","0.167,0.039,0.132,0.094,0.567","0.006,0.406,0.252,0.318,0.019",1.0,1.0,False,0.40504886479811714,0.22926050528434128,0.6152703913138022,0.3767778262957438,0.08662588756082834,SN=2=0.2778;SN=3-4=0.3484;SN=5-8=0.3645;SN=9-12=0.3452;SN>=13=0.3447,0.3767778262957438,
215,,v11_aug+v13+v14_seed1+v16_testhist_aug,4,TEMP,"0.368,0.238,0.107,0.287","0.091,0.173,0.200,0.535","0.004,0.308,0.660,0.028",0.5,0.5,True,0.40530081400387213,0.22941343148985055,0.6144575282441282,0.37677720384631475,0.08538405408161809,SN=2=0.2781;SN=3-4=0.3478;SN=5-8=0.3635;SN=9-12=0.3454;SN>=13=0.3448,0.37677720384631475,
216,21,v11_aug+v13+v14_seed1+v16_testhist_aug,4,NONE,"0.368,0.238,0.107,0.287","0.091,0.173,0.200,0.535","0.004,0.308,0.660,0.028",1.0,1.0,False,0.40530081400387213,0.22941343148985055,0.6144575282441282,0.37677720384631475,0.08538405408161809,SN=2=0.2781;SN=3-4=0.3478;SN=5-8=0.3635;SN=9-12=0.3454;SN>=13=0.3448,0.37677720384631475,
217,,v11_aug+v11plus+v14_seed1,3,THR,"0.226,0.213,0.560","0.183,0.160,0.657","0.043,0.071,0.886",0.5,0.5,True,0.40794322164678737,0.2290011762256023,0.6123301382535364,0.37724378679966314,0.0993384637464424,SN=2=0.2706;SN=3-4=0.3515;SN=5-8=0.3699;SN=9-12=0.3532;SN>=13=0.3461,0.37677207914892025,
218,,v11+v11_aug+v12_5f+v14_seed2,4,THR,"0.280,0.259,0.261,0.200","0.399,0.078,0.195,0.328","0.021,0.031,0.383,0.566",0.5,0.5,True,0.4065763466826472,0.2287443970856155,0.6132080123491279,0.3767698999771307,0.09644937253463942,SN=2=0.2716;SN=3-4=0.3504;SN=5-8=0.3680;SN=9-12=0.3554;SN>=13=0.3412,0.3767698999771307,
219,,v11+v11plus+v13+v14_seed0+v16_testhist_aug,5,TEMP,"0.211,0.100,0.311,0.030,0.348","0.222,0.021,0.133,0.239,0.386","0.030,0.035,0.209,0.604,0.121",0.5,0.5,True,0.4065893386396954,0.22892354505213533,0.6128102461733247,0.3767672027113973,0.09407280904752652,SN=2=0.2748;SN=3-4=0.3476;SN=5-8=0.3688;SN=9-12=0.3479;SN>=13=0.3485,0.3767672027113973,
220,22,v11+v11plus+v13+v14_seed0+v16_testhist_aug,5,NONE,"0.211,0.100,0.311,0.030,0.348","0.222,0.021,0.133,0.239,0.386","0.030,0.035,0.209,0.604,0.121",1.0,1.0,False,0.4065893386396954,0.22892354505213533,0.6128102461733247,0.3767672027113973,0.09407280904752652,SN=2=0.2748;SN=3-4=0.3476;SN=5-8=0.3688;SN=9-12=0.3479;SN>=13=0.3485,0.3767672027113973,
221,,v11_aug+v13+v14_avg3,3,THR,"0.361,0.219,0.420","0.280,0.085,0.635","0.028,0.284,0.688",0.5,0.5,True,0.40799167570269906,0.22758599950321173,0.6139778093475997,0.3770266319518843,0.09892562141936867,SN=2=0.2704;SN=3-4=0.3507;SN=5-8=0.3693;SN=9-12=0.3502;SN>=13=0.3430,0.37676134546467827,
222,,v11+v11_aug+v14_seed2,3,THR,"0.212,0.323,0.465","0.283,0.172,0.546","0.033,0.017,0.951",0.5,0.5,True,0.406128502479713,0.23014696662087758,0.6108689066597904,0.37668396897219436,0.09428890070981993,SN=2=0.2716;SN=3-4=0.3485;SN=5-8=0.3659;SN=9-12=0.3562;SN>=13=0.3429,0.37668396897219436,
223,,v11_aug+v13+v14_avg3+v16_testhist_aug,4,TEMP,"0.301,0.265,0.149,0.285","0.061,0.137,0.278,0.524","0.011,0.290,0.615,0.083",0.5,0.5,True,0.4052740186761948,0.22925595839800134,0.6139999420070692,0.37661197923109235,0.08700405412012718,SN=2=0.2770;SN=3-4=0.3481;SN=5-8=0.3640;SN=9-12=0.3464;SN>=13=0.3476,0.37661197923109235,
224,23,v11_aug+v13+v14_avg3+v16_testhist_aug,4,NONE,"0.301,0.265,0.149,0.285","0.061,0.137,0.278,0.524","0.011,0.290,0.615,0.083",1.0,1.0,False,0.4052740186761948,0.22925595839800134,0.6139999420070692,0.37661197923109235,0.08700405412012718,SN=2=0.2770;SN=3-4=0.3481;SN=5-8=0.3640;SN=9-12=0.3464;SN>=13=0.3476,0.37661197923109235,
225,,v11+v11plus+v12_5f+v13,4,THR,"0.288,0.092,0.277,0.343","0.421,0.065,0.097,0.417","0.015,0.013,0.761,0.211",0.5,0.5,True,0.41045647599118773,0.22778476981590834,0.6142552798781349,0.37814755429846536,0.10153333907643886,SN=2=0.2725;SN=3-4=0.3531;SN=5-8=0.3740;SN=9-12=0.3550;SN>=13=0.3417,0.3765784089827242,
226,,v11_aug+v11plus+v12_5f+v14_seed2+v16_testhist_aug,5,TEMP,"0.294,0.101,0.182,0.174,0.250","0.086,0.003,0.110,0.247,0.554","0.014,0.020,0.634,0.243,0.089",0.5,0.5,True,0.4053100335245418,0.22936106309953308,0.6135285864918161,0.3765741559479932,0.08552530140704095,SN=2=0.2780;SN=3-4=0.3452;SN=5-8=0.3635;SN=9-12=0.3505;SN>=13=0.3461,0.3765741559479932,
227,24,v11_aug+v11plus+v12_5f+v14_seed2+v16_testhist_aug,5,NONE,"0.294,0.101,0.182,0.174,0.250","0.086,0.003,0.110,0.247,0.554","0.014,0.020,0.634,0.243,0.089",1.0,1.0,False,0.4053100335245418,0.22936106309953308,0.6135285864918161,0.3765741559479932,0.08552530140704095,SN=2=0.2780;SN=3-4=0.3452;SN=5-8=0.3635;SN=9-12=0.3505;SN>=13=0.3461,0.3765741559479932,
228,,v11_aug+v12_5f+v14_avg3,3,THR,"0.367,0.254,0.379","0.284,0.051,0.665","0.018,0.405,0.577",0.5,0.5,True,0.4042968747569598,0.23010872451067468,0.6140340593056859,0.376569051568191,0.09724139291902917,SN=2=0.2707;SN=3-4=0.3519;SN=5-8=0.3679;SN=9-12=0.3529;SN>=13=0.3465,0.376569051568191,
229,,v11_aug+v11plus+v12_5f+v14_seed1+v16_testhist_aug,5,TEMP,"0.252,0.192,0.066,0.182,0.308","0.141,0.102,0.129,0.204,0.424","0.000,0.024,0.488,0.365,0.123",0.5,0.5,True,0.4060087801040511,0.2281243376799825,0.6143999845671213,0.37653324402703775,0.09150851381503766,SN=2=0.2760;SN=3-4=0.3473;SN=5-8=0.3675;SN=9-12=0.3522;SN>=13=0.3427,0.37653324402703775,
230,25,v11_aug+v11plus+v12_5f+v14_seed1+v16_testhist_aug,5,NONE,"0.252,0.192,0.066,0.182,0.308","0.141,0.102,0.129,0.204,0.424","0.000,0.024,0.488,0.365,0.123",1.0,1.0,False,0.4060087801040511,0.2281243376799825,0.6143999845671213,0.37653324402703775,0.09150851381503766,SN=2=0.2760;SN=3-4=0.3473;SN=5-8=0.3675;SN=9-12=0.3522;SN>=13=0.3427,0.37653324402703775,
231,,v11+v12_5f+v13+v14_avg3+v16_testhist_aug,5,TEMP,"0.234,0.099,0.310,0.073,0.283","0.248,0.001,0.167,0.252,0.332","0.040,0.336,0.340,0.224,0.060",0.5,0.5,True,0.40504540503826003,0.2286367065705824,0.6152427945895672,0.3765214035614505,0.09305459192181487,SN=2=0.2756;SN=3-4=0.3494;SN=5-8=0.3687;SN=9-12=0.3529;SN>=13=0.3436,0.3765214035614505,
232,26,v11+v12_5f+v13+v14_avg3+v16_testhist_aug,5,NONE,"0.234,0.099,0.310,0.073,0.283","0.248,0.001,0.167,0.252,0.332","0.040,0.336,0.340,0.224,0.060",1.0,1.0,False,0.40504540503826003,0.2286367065705824,0.6152427945895672,0.3765214035614505,0.09305459192181487,SN=2=0.2756;SN=3-4=0.3494;SN=5-8=0.3687;SN=9-12=0.3529;SN>=13=0.3436,0.3765214035614505,
233,,v11plus+v13+v14_seed1+v16_testhist_aug,4,TEMP,"0.262,0.328,0.032,0.378","0.029,0.153,0.253,0.565","0.045,0.328,0.621,0.007",0.5,0.5,True,0.40572148687701387,0.22799635456488812,0.6151442970355143,0.37651599598386365,0.08561232853291156,SN=2=0.2787;SN=3-4=0.3457;SN=5-8=0.3643;SN=9-12=0.3461;SN>=13=0.3478,0.37651599598386365,
234,27,v11plus+v13+v14_seed1+v16_testhist_aug,4,NONE,"0.262,0.328,0.032,0.378","0.029,0.153,0.253,0.565","0.045,0.328,0.621,0.007",1.0,1.0,False,0.40572148687701387,0.22799635456488812,0.6151442970355143,0.37651599598386365,0.08561232853291156,SN=2=0.2787;SN=3-4=0.3457;SN=5-8=0.3643;SN=9-12=0.3461;SN>=13=0.3478,0.37651599598386365,
235,,v11+v11plus+v12_5f+v13+v16_testhist_aug,5,TEMP,"0.214,0.126,0.032,0.401,0.227","0.321,0.075,0.204,0.080,0.320","0.028,0.006,0.605,0.301,0.059",0.5,0.5,True,0.4065080400865144,0.22730736487443864,0.6148030823830175,0.3764867784609848,0.09754072777047301,SN=2=0.2739;SN=3-4=0.3502;SN=5-8=0.3714;SN=9-12=0.3526;SN>=13=0.3415,0.3764867784609848,
236,28,v11+v11plus+v12_5f+v13+v16_testhist_aug,5,NONE,"0.214,0.126,0.032,0.401,0.227","0.321,0.075,0.204,0.080,0.320","0.028,0.006,0.605,0.301,0.059",1.0,1.0,False,0.4065080400865144,0.22730736487443864,0.6148030823830175,0.3764867784609848,0.09754072777047301,SN=2=0.2739;SN=3-4=0.3502;SN=5-8=0.3714;SN=9-12=0.3526;SN>=13=0.3415,0.3764867784609848,
237,,v11+v13+v14_avg3+v16_testhist_aug,4,TEMP,"0.215,0.340,0.050,0.395","0.062,0.153,0.214,0.571","0.023,0.254,0.713,0.009",0.5,0.5,True,0.40459909225874136,0.22943617897577365,0.6143229950901254,0.37647870751183116,0.08813600599568827,SN=2=0.2783;SN=3-4=0.3467;SN=5-8=0.3664;SN=9-12=0.3465;SN>=13=0.3457,0.37647870751183116,
238,29,v11+v13+v14_avg3+v16_testhist_aug,4,NONE,"0.215,0.340,0.050,0.395","0.062,0.153,0.214,0.571","0.023,0.254,0.713,0.009",1.0,1.0,False,0.40459909225874136,0.22943617897577365,0.6143229950901254,0.37647870751183116,0.08813600599568827,SN=2=0.2783;SN=3-4=0.3467;SN=5-8=0.3664;SN=9-12=0.3465;SN>=13=0.3457,0.37647870751183116,
239,,v11+v13+v14_seed1+v16_testhist_aug,4,TEMP,"0.246,0.321,0.128,0.306","0.105,0.123,0.202,0.569","0.014,0.284,0.647,0.054",0.5,0.5,True,0.4048313653013197,0.22901458175744618,0.6146629708912451,0.3764709730017554,0.09149489580832165,SN=2=0.2772;SN=3-4=0.3471;SN=5-8=0.3687;SN=9-12=0.3471;SN>=13=0.3463,0.3764709730017554,
240,30,v11+v13+v14_seed1+v16_testhist_aug,4,NONE,"0.246,0.321,0.128,0.306","0.105,0.123,0.202,0.569","0.014,0.284,0.647,0.054",1.0,1.0,False,0.4048313653013197,0.22901458175744618,0.6146629708912451,0.3764709730017554,0.09149489580832165,SN=2=0.2772;SN=3-4=0.3471;SN=5-8=0.3687;SN=9-12=0.3471;SN>=13=0.3463,0.3764709730017554,
241,,v11+v12_5f+v13+v14_seed2+v16_testhist_aug,5,TEMP,"0.281,0.010,0.315,0.018,0.376","0.082,0.056,0.099,0.253,0.511","0.040,0.545,0.290,0.095,0.030",0.5,0.5,True,0.4043895277222464,0.22933341260762918,0.6148857133160851,0.3764663187951673,0.08855136643309303,SN=2=0.2782;SN=3-4=0.3477;SN=5-8=0.3667;SN=9-12=0.3472;SN>=13=0.3434,0.3764663187951673,
242,31,v11+v12_5f+v13+v14_seed2+v16_testhist_aug,5,NONE,"0.281,0.010,0.315,0.018,0.376","0.082,0.056,0.099,0.253,0.511","0.040,0.545,0.290,0.095,0.030",1.0,1.0,False,0.4043895277222464,0.22933341260762918,0.6148857133160851,0.3764663187951673,0.08855136643309303,SN=2=0.2782;SN=3-4=0.3477;SN=5-8=0.3667;SN=9-12=0.3472;SN>=13=0.3434,0.3764663187951673,
243,,v11+v11plus+v14_avg3,3,THR,"0.247,0.166,0.586","0.374,0.023,0.603","0.022,0.072,0.905",0.5,0.5,True,0.40635676377528346,0.23013367184163736,0.6126679952598931,0.377129773298747,0.09979630163586878,SN=2=0.2722;SN=3-4=0.3491;SN=5-8=0.3720;SN=9-12=0.3550;SN>=13=0.3459,0.37642914670329086,
244,,v11_aug+v13+v14_seed0+v16_testhist_aug,4,TEMP,"0.287,0.333,0.021,0.359","0.168,0.175,0.168,0.490","0.021,0.343,0.536,0.100",0.5,0.5,True,0.4052341427992887,0.2294892221570976,0.61258390683035,0.37640612734862455,0.0872788962146972,SN=2=0.2779;SN=3-4=0.3479;SN=5-8=0.3652;SN=9-12=0.3451;SN>=13=0.3445,0.37640612734862455,
245,32,v11_aug+v13+v14_seed0+v16_testhist_aug,4,NONE,"0.287,0.333,0.021,0.359","0.168,0.175,0.168,0.490","0.021,0.343,0.536,0.100",1.0,1.0,False,0.4052341427992887,0.2294892221570976,0.61258390683035,0.37640612734862455,0.0872788962146972,SN=2=0.2779;SN=3-4=0.3479;SN=5-8=0.3652;SN=9-12=0.3451;SN>=13=0.3445,0.37640612734862455,
246,,v11+v12_5f+v13+v14_seed0+v16_testhist_aug,5,TEMP,"0.306,0.038,0.365,0.055,0.235","0.192,0.029,0.098,0.143,0.537","0.026,0.358,0.357,0.245,0.014",0.5,0.5,True,0.40451033456610397,0.22894696537696285,0.6149346188615612,0.37636984374953897,0.09615450421057331,SN=2=0.2749;SN=3-4=0.3501;SN=5-8=0.3710;SN=9-12=0.3472;SN>=13=0.3470,0.37636984374953897,
247,33,v11+v12_5f+v13+v14_seed0+v16_testhist_aug,5,NONE,"0.306,0.038,0.365,0.055,0.235","0.192,0.029,0.098,0.143,0.537","0.026,0.358,0.357,0.245,0.014",1.0,1.0,False,0.40451033456610397,0.22894696537696285,0.6149346188615612,0.37636984374953897,0.09615450421057331,SN=2=0.2749;SN=3-4=0.3501;SN=5-8=0.3710;SN=9-12=0.3472;SN>=13=0.3470,0.37636984374953897,
248,,v11+v11_aug+v12_5f+v14_seed1,4,THR,"0.183,0.289,0.516,0.012","0.326,0.131,0.202,0.342","0.010,0.025,0.477,0.487",0.5,0.5,True,0.4079954472852259,0.22638666662474058,0.6142710334637296,0.3766070522567326,0.09888564458023852,SN=2=0.2700;SN=3-4=0.3515;SN=5-8=0.3689;SN=9-12=0.3534;SN>=13=0.3434,0.3763617541890916,
249,,v11+v13+v14_seed2+v16_testhist_aug,4,TEMP,"0.255,0.354,0.087,0.304","0.048,0.152,0.234,0.565","0.046,0.379,0.472,0.103",0.5,0.5,True,0.4051749716392599,0.22906285614384703,0.6133292279539603,0.3763609767040349,0.08920633076123086,SN=2=0.2770;SN=3-4=0.3482;SN=5-8=0.3662;SN=9-12=0.3474;SN>=13=0.3442,0.3763609767040349,
250,34,v11+v13+v14_seed2+v16_testhist_aug,4,NONE,"0.255,0.354,0.087,0.304","0.048,0.152,0.234,0.565","0.046,0.379,0.472,0.103",1.0,1.0,False,0.4051749716392599,0.22906285614384703,0.6133292279539603,0.3763609767040349,0.08920633076123086,SN=2=0.2770;SN=3-4=0.3482;SN=5-8=0.3662;SN=9-12=0.3474;SN>=13=0.3442,0.3763609767040349,
251,,v11_aug+v11plus+v12_5f+v14_avg3+v16_testhist_aug,5,TEMP,"0.282,0.140,0.103,0.199,0.276","0.122,0.052,0.170,0.078,0.579","0.021,0.007,0.163,0.770,0.039",0.5,0.5,True,0.40578733313039056,0.22825143418659238,0.6136964168190483,0.37635479029060287,0.0891613819050327,SN=2=0.2763;SN=3-4=0.3465;SN=5-8=0.3655;SN=9-12=0.3510;SN>=13=0.3462,0.37635479029060287,
252,35,v11_aug+v11plus+v12_5f+v14_avg3+v16_testhist_aug,5,NONE,"0.282,0.140,0.103,0.199,0.276","0.122,0.052,0.170,0.078,0.579","0.021,0.007,0.163,0.770,0.039",1.0,1.0,False,0.40578733313039056,0.22825143418659238,0.6136964168190483,0.37635479029060287,0.0891613819050327,SN=2=0.2763;SN=3-4=0.3465;SN=5-8=0.3655;SN=9-12=0.3510;SN>=13=0.3462,0.37635479029060287,
253,,v11_aug+v12_5f+v13+v14_seed2+v16_testhist_aug,5,TEMP,"0.386,0.022,0.199,0.193,0.199","0.128,0.008,0.120,0.190,0.554","0.003,0.452,0.370,0.078,0.097",0.5,0.5,True,0.40346351152955806,0.22995644213298413,0.6148392999121908,0.3763358414474551,0.08852670634367232,SN=2=0.2759;SN=3-4=0.3485;SN=5-8=0.3644;SN=9-12=0.3469;SN>=13=0.3445,0.3763358414474551,
254,36,v11_aug+v12_5f+v13+v14_seed2+v16_testhist_aug,5,NONE,"0.386,0.022,0.199,0.193,0.199","0.128,0.008,0.120,0.190,0.554","0.003,0.452,0.370,0.078,0.097",1.0,1.0,False,0.40346351152955806,0.22995644213298413,0.6148392999121908,0.3763358414474551,0.08852670634367232,SN=2=0.2759;SN=3-4=0.3485;SN=5-8=0.3644;SN=9-12=0.3469;SN>=13=0.3445,0.3763358414474551,
255,,v11_aug+v11plus+v12_5f+v14_seed0+v16_testhist_aug,5,TEMP,"0.220,0.220,0.063,0.224,0.273","0.140,0.042,0.221,0.096,0.501","0.034,0.014,0.617,0.231,0.105",0.5,0.5,True,0.4059430678707682,0.2282585966231283,0.6132372299348552,0.3763281117845297,0.0887257630136084,SN=2=0.2760;SN=3-4=0.3471;SN=5-8=0.3647;SN=9-12=0.3509;SN>=13=0.3425,0.3763281117845297,
256,37,v11_aug+v11plus+v12_5f+v14_seed0+v16_testhist_aug,5,NONE,"0.220,0.220,0.063,0.224,0.273","0.140,0.042,0.221,0.096,0.501","0.034,0.014,0.617,0.231,0.105",1.0,1.0,False,0.4059430678707682,0.2282585966231283,0.6132372299348552,0.3763281117845297,0.0887257630136084,SN=2=0.2760;SN=3-4=0.3471;SN=5-8=0.3647;SN=9-12=0.3509;SN>=13=0.3425,0.3763281117845297,
257,,v11+v11plus+v12_5f+v14_seed0,4,THR,"0.170,0.206,0.319,0.305","0.343,0.043,0.152,0.462","0.041,0.002,0.547,0.410",0.5,0.5,True,0.40602355710094834,0.22883079728381173,0.6132802964185953,0.3765978010376231,0.09896652830582142,SN=2=0.2710;SN=3-4=0.3515;SN=5-8=0.3699;SN=9-12=0.3560;SN>=13=0.3422,0.3763120611071907,
258,,v11+v12_5f+v13+v14_seed0,4,THR,"0.269,0.360,0.316,0.054","0.395,0.152,0.103,0.350","0.017,0.533,0.282,0.168",0.5,0.5,True,0.4100210527961034,0.22797124801860208,0.6149438003055341,0.378185680386989,0.10215122997716908,SN=2=0.2721;SN=3-4=0.3528;SN=5-8=0.3742;SN=9-12=0.3536;SN>=13=0.3441,0.3763075896208828,
259,,v11+v12_5f+v13+v14_seed1+v16_testhist_aug,5,TEMP,"0.192,0.079,0.358,0.033,0.337","0.257,0.026,0.195,0.217,0.305","0.022,0.360,0.233,0.271,0.114",0.5,0.5,True,0.4039218266352925,0.22900675814760021,0.6156070094687816,0.3762928358069134,0.08981539823198453,SN=2=0.2769;SN=3-4=0.3497;SN=5-8=0.3667;SN=9-12=0.3502;SN>=13=0.3425,0.3762928358069134,
260,38,v11+v12_5f+v13+v14_seed1+v16_testhist_aug,5,NONE,"0.192,0.079,0.358,0.033,0.337","0.257,0.026,0.195,0.217,0.305","0.022,0.360,0.233,0.271,0.114",1.0,1.0,False,0.4039218266352925,0.22900675814760021,0.6156070094687816,0.3762928358069134,0.08981539823198453,SN=2=0.2769;SN=3-4=0.3497;SN=5-8=0.3667;SN=9-12=0.3502;SN>=13=0.3425,0.3762928358069134,
261,,v11+v12_5f+v13+v14_avg3,4,THR,"0.207,0.389,0.295,0.109","0.354,0.056,0.172,0.418","0.023,0.331,0.286,0.360",0.5,0.5,True,0.40751603479323667,0.2267150322451558,0.6154811920034389,0.37678866521604476,0.09946149622828115,SN=2=0.2719;SN=3-4=0.3537;SN=5-8=0.3713;SN=9-12=0.3534;SN>=13=0.3394,0.3762554413243825,
262,,v11plus+v13+v14_seed2+v16_testhist_aug,4,TEMP,"0.250,0.329,0.036,0.386","0.024,0.068,0.340,0.568","0.047,0.382,0.385,0.185",0.5,0.5,True,0.4055100292655711,0.2283011982404318,0.613642589696173,0.37625300894163577,0.08699136482910635,SN=2=0.2778;SN=3-4=0.3454;SN=5-8=0.3648;SN=9-12=0.3477;SN>=13=0.3476,0.37625300894163577,
263,39,v11plus+v13+v14_seed2+v16_testhist_aug,4,NONE,"0.250,0.329,0.036,0.386","0.024,0.068,0.340,0.568","0.047,0.382,0.385,0.185",1.0,1.0,False,0.4055100292655711,0.2283011982404318,0.613642589696173,0.37625300894163577,0.08699136482910635,SN=2=0.2778;SN=3-4=0.3454;SN=5-8=0.3648;SN=9-12=0.3477;SN>=13=0.3476,0.37625300894163577,
264,,v11_aug+v12_5f+v13+v16_testhist_aug,4,TEMP,"0.354,0.100,0.203,0.344","0.123,0.233,0.095,0.549","0.020,0.513,0.324,0.143",0.5,0.5,True,0.40480760338821825,0.22843866655903367,0.6146998864345808,0.376238485265817,0.08553807994056395,SN=2=0.2778;SN=3-4=0.3486;SN=5-8=0.3633;SN=9-12=0.3445;SN>=13=0.3410,0.376238485265817,
265,40,v11_aug+v12_5f+v13+v16_testhist_aug,4,NONE,"0.354,0.100,0.203,0.344","0.123,0.233,0.095,0.549","0.020,0.513,0.324,0.143",1.0,1.0,False,0.40480760338821825,0.22843866655903367,0.6146998864345808,0.376238485265817,0.08553807994056395,SN=2=0.2778;SN=3-4=0.3486;SN=5-8=0.3633;SN=9-12=0.3445;SN>=13=0.3410,0.376238485265817,
266,,v11_aug+v11plus+v14_seed2+v16_testhist_aug,4,TEMP,"0.240,0.237,0.268,0.255","0.101,0.037,0.368,0.495","0.025,0.055,0.811,0.109",0.5,0.5,True,0.40586781802710126,0.2291074989092141,0.6112118519088664,0.3762324971562994,0.08850771020214188,SN=2=0.2761;SN=3-4=0.3444;SN=5-8=0.3646;SN=9-12=0.3527;SN>=13=0.3448,0.3762324971562994,
267,41,v11_aug+v11plus+v14_seed2+v16_testhist_aug,4,NONE,"0.240,0.237,0.268,0.255","0.101,0.037,0.368,0.495","0.025,0.055,0.811,0.109",1.0,1.0,False,0.40586781802710126,0.2291074989092141,0.6112118519088664,0.3762324971562994,0.08850771020214188,SN=2=0.2761;SN=3-4=0.3444;SN=5-8=0.3646;SN=9-12=0.3527;SN>=13=0.3448,0.3762324971562994,
268,,v11+v11_aug+v11plus+v13+v14_avg3,5,THR,"0.172,0.153,0.185,0.273,0.217","0.246,0.144,0.053,0.097,0.461","0.100,0.029,0.026,0.220,0.625",0.5,0.5,True,0.41217951412620785,0.2288716685201285,0.6115521664036193,0.37873090633925843,0.10343118319200861,SN=2=0.2712;SN=3-4=0.3504;SN=5-8=0.3746;SN=9-12=0.3563;SN>=13=0.3409,0.37621283896573243,
269,,v11+v12_5f+v13+v16_testhist_aug,4,TEMP,"0.298,0.007,0.376,0.319","0.300,0.202,0.134,0.364","0.031,0.519,0.370,0.080",0.5,0.5,True,0.4052628479405531,0.22782832314179072,0.6148216560778412,0.37620079964850583,0.09494867688598502,SN=2=0.2752;SN=3-4=0.3505;SN=5-8=0.3701;SN=9-12=0.3490;SN>=13=0.3415,0.37620079964850583,
270,42,v11+v12_5f+v13+v16_testhist_aug,4,NONE,"0.298,0.007,0.376,0.319","0.300,0.202,0.134,0.364","0.031,0.519,0.370,0.080",1.0,1.0,False,0.4052628479405531,0.22782832314179072,0.6148216560778412,0.37620079964850583,0.09494867688598502,SN=2=0.2752;SN=3-4=0.3505;SN=5-8=0.3701;SN=9-12=0.3490;SN>=13=0.3415,0.37620079964850583,
271,,v11+v11_aug+v12_5f+v14_seed0,4,THR,"0.172,0.296,0.333,0.199","0.401,0.061,0.072,0.466","0.055,0.009,0.658,0.278",0.5,0.5,True,0.4068338815406217,0.2284060828052477,0.6128692329079797,0.3766698323199437,0.09950270037013292,SN=2=0.2713;SN=3-4=0.3487;SN=5-8=0.3708;SN=9-12=0.3558;SN>=13=0.3434,0.37611600635735554,
272,,v11+v11_aug+v12_5f+v14_avg3+v16_testhist_aug,5,TEMP,"0.176,0.222,0.211,0.132,0.259","0.100,0.152,0.002,0.237,0.509","0.026,0.009,0.478,0.356,0.130",0.5,0.5,True,0.4049167765468206,0.22827976496789115,0.6139339314017688,0.37606540288623846,0.09031647314569885,SN=2=0.2759;SN=3-4=0.3472;SN=5-8=0.3663;SN=9-12=0.3495;SN>=13=0.3438,0.37606540288623846,
273,43,v11+v11_aug+v12_5f+v14_avg3+v16_testhist_aug,5,NONE,"0.176,0.222,0.211,0.132,0.259","0.100,0.152,0.002,0.237,0.509","0.026,0.009,0.478,0.356,0.130",1.0,1.0,False,0.4049167765468206,0.22827976496789115,0.6139339314017688,0.37606540288623846,0.09031647314569885,SN=2=0.2759;SN=3-4=0.3472;SN=5-8=0.3663;SN=9-12=0.3495;SN>=13=0.3438,0.37606540288623846,
274,,v11+v13+v14_seed0,3,THR,"0.243,0.331,0.426","0.401,0.223,0.376","0.028,0.420,0.552",0.5,0.5,True,0.4087329574749425,0.2273230024590454,0.6127937190791278,0.3769811277894207,0.10022958724062353,SN=2=0.2703;SN=3-4=0.3531;SN=5-8=0.3705;SN=9-12=0.3509;SN>=13=0.3425,0.3760638583915873,
275,,v11+v11plus+v12_5f+v13+v14_seed2,5,THR,"0.120,0.146,0.200,0.405,0.129","0.374,0.051,0.149,0.121,0.304","0.006,0.023,0.351,0.222,0.398",0.5,0.5,True,0.4105810909865562,0.2258337585731911,0.6151469640931746,0.37759533264253387,0.10145895171318342,SN=2=0.2710;SN=3-4=0.3550;SN=5-8=0.3724;SN=9-12=0.3508;SN>=13=0.3409,0.37606338100842046,
276,,v11+v11_aug+v11plus+v12_5f+v16_testhist_aug,5,TEMP,"0.028,0.246,0.165,0.304,0.256","0.112,0.162,0.013,0.281,0.431","0.003,0.054,0.028,0.400,0.516",0.5,0.5,True,0.4067917527966423,0.22736762827406493,0.611987336567657,0.37606121974181433,0.09068906175975872,SN=2=0.2752;SN=3-4=0.3474;SN=5-8=0.3659;SN=9-12=0.3505;SN>=13=0.3411,0.37606121974181433,
277,44,v11+v11_aug+v11plus+v12_5f+v16_testhist_aug,5,NONE,"0.028,0.246,0.165,0.304,0.256","0.112,0.162,0.013,0.281,0.431","0.003,0.054,0.028,0.400,0.516",1.0,1.0,False,0.4067917527966423,0.22736762827406493,0.611987336567657,0.37606121974181433,0.09068906175975872,SN=2=0.2752;SN=3-4=0.3474;SN=5-8=0.3659;SN=9-12=0.3505;SN>=13=0.3411,0.37606121974181433,
278,,v11plus+v12_5f+v13+v14_seed0+v16_testhist_aug,5,TEMP,"0.242,0.064,0.284,0.026,0.384","0.019,0.051,0.141,0.207,0.583","0.035,0.348,0.349,0.178,0.090",0.5,0.5,True,0.40457192980902124,0.22796859281876344,0.6151674862045999,0.3760497062920339,0.08587904154293186,SN=2=0.2780;SN=3-4=0.3455;SN=5-8=0.3639;SN=9-12=0.3456;SN>=13=0.3473,0.3760497062920339,
279,45,v11plus+v12_5f+v13+v14_seed0+v16_testhist_aug,5,NONE,"0.242,0.064,0.284,0.026,0.384","0.019,0.051,0.141,0.207,0.583","0.035,0.348,0.349,0.178,0.090",1.0,1.0,False,0.40457192980902124,0.22796859281876344,0.6151674862045999,0.3760497062920339,0.08587904154293186,SN=2=0.2780;SN=3-4=0.3455;SN=5-8=0.3639;SN=9-12=0.3456;SN>=13=0.3473,0.3760497062920339,
280,,v11plus+v12_5f+v13+v14_seed2+v16_testhist_aug,5,TEMP,"0.225,0.052,0.322,0.106,0.294","0.047,0.094,0.062,0.249,0.549","0.032,0.476,0.358,0.115,0.018",0.5,0.5,True,0.4043332236919504,0.22812058158770349,0.6153190117955747,0.37604532447097655,0.08917610019052552,SN=2=0.2765;SN=3-4=0.3474;SN=5-8=0.3657;SN=9-12=0.3478;SN>=13=0.3465,0.37604532447097655,
281,46,v11plus+v12_5f+v13+v14_seed2+v16_testhist_aug,5,NONE,"0.225,0.052,0.322,0.106,0.294","0.047,0.094,0.062,0.249,0.549","0.032,0.476,0.358,0.115,0.018",1.0,1.0,False,0.4043332236919504,0.22812058158770349,0.6153190117955747,0.37604532447097655,0.08917610019052552,SN=2=0.2765;SN=3-4=0.3474;SN=5-8=0.3657;SN=9-12=0.3478;SN>=13=0.3465,0.37604532447097655,
282,,v11_aug+v11plus+v12_5f+v16_testhist_aug,4,TEMP,"0.264,0.168,0.359,0.209","0.176,0.053,0.203,0.568","0.026,0.033,0.795,0.146",0.5,0.5,True,0.40574366130058775,0.22801682739508874,0.6126142027902033,0.37602703603631127,0.0863887799662218,SN=2=0.2766;SN=3-4=0.3471;SN=5-8=0.3630;SN=9-12=0.3489;SN>=13=0.3444,0.37602703603631127,
283,47,v11_aug+v11plus+v12_5f+v16_testhist_aug,4,NONE,"0.264,0.168,0.359,0.209","0.176,0.053,0.203,0.568","0.026,0.033,0.795,0.146",1.0,1.0,False,0.40574366130058775,0.22801682739508874,0.6126142027902033,0.37602703603631127,0.0863887799662218,SN=2=0.2766;SN=3-4=0.3471;SN=5-8=0.3630;SN=9-12=0.3489;SN>=13=0.3444,0.37602703603631127,
284,,v11+v11_aug+v12_5f+v14_avg3,4,THR,"0.219,0.307,0.049,0.425","0.284,0.125,0.025,0.566","0.023,0.013,0.391,0.573",0.5,0.5,True,0.4080591008460245,0.2301968936373032,0.6141666432180112,0.37813572643693333,0.10263284260227606,SN=2=0.2712;SN=3-4=0.3515;SN=5-8=0.3738;SN=9-12=0.3569;SN>=13=0.3439,0.37601682935827363,
285,,v11+v11_aug+v12_5f+v14_seed1+v16_testhist_aug,5,TEMP,"0.245,0.215,0.096,0.156,0.288","0.012,0.203,0.148,0.182,0.455","0.030,0.001,0.270,0.325,0.374",0.5,0.5,True,0.4055713307245013,0.22760839294767896,0.6137188159780148,0.3760156526644751,0.09150063591126745,SN=2=0.2747;SN=3-4=0.3478;SN=5-8=0.3662;SN=9-12=0.3507;SN>=13=0.3433,0.3760156526644751,
286,48,v11+v11_aug+v12_5f+v14_seed1+v16_testhist_aug,5,NONE,"0.245,0.215,0.096,0.156,0.288","0.012,0.203,0.148,0.182,0.455","0.030,0.001,0.270,0.325,0.374",1.0,1.0,False,0.4055713307245013,0.22760839294767896,0.6137188159780148,0.3760156526644751,0.09150063591126745,SN=2=0.2747;SN=3-4=0.3478;SN=5-8=0.3662;SN=9-12=0.3507;SN>=13=0.3433,0.3760156526644751,
287,,v11plus+v13+v14_avg3+v16_testhist_aug,4,TEMP,"0.298,0.304,0.090,0.308","0.041,0.078,0.311,0.569","0.051,0.242,0.691,0.017",0.5,0.5,True,0.4048727816316932,0.22789511659925074,0.6145389046493775,0.3760149402222531,0.08894417063265703,SN=2=0.2767;SN=3-4=0.3449;SN=5-8=0.3657;SN=9-12=0.3468;SN>=13=0.3471,0.3760149402222531,
288,49,v11plus+v13+v14_avg3+v16_testhist_aug,4,NONE,"0.298,0.304,0.090,0.308","0.041,0.078,0.311,0.569","0.051,0.242,0.691,0.017",1.0,1.0,False,0.4048727816316932,0.22789511659925074,0.6145389046493775,0.3760149402222531,0.08894417063265703,SN=2=0.2767;SN=3-4=0.3449;SN=5-8=0.3657;SN=9-12=0.3468;SN>=13=0.3471,0.3760149402222531,
289,,v11_aug+v12_5f+v14_seed2,3,THR,"0.384,0.488,0.128","0.373,0.173,0.455","0.022,0.559,0.419",0.5,0.5,True,0.40372609750551247,0.22961712712709748,0.61332712648579,0.376002715150202,0.09584148835978429,SN=2=0.2705;SN=3-4=0.3537;SN=5-8=0.3663;SN=9-12=0.3519;SN>=13=0.3398,0.376002715150202,
290,,v11+v12_5f+v14_seed2,3,THR,"0.301,0.679,0.020","0.403,0.122,0.475","0.023,0.548,0.429",0.5,0.5,True,0.40303853337600615,0.2302293869389954,0.6134399910854845,0.37599516634309754,0.09542061013617653,SN=2=0.2721;SN=3-4=0.3524;SN=5-8=0.3675;SN=9-12=0.3525;SN>=13=0.3432,0.37599516634309754,
291,,v11+v11_aug+v11plus+v14_avg3+v16_testhist_aug,5,TEMP,"0.134,0.232,0.088,0.282,0.263","0.007,0.044,0.014,0.381,0.554","0.081,0.003,0.030,0.838,0.048",0.5,0.5,True,0.40688462840387196,0.2271361736142569,0.6119091845587994,0.37599015771901145,0.09156518091409938,SN=2=0.2760;SN=3-4=0.3434;SN=5-8=0.3676;SN=9-12=0.3521;SN>=13=0.3463,0.37599015771901145,
292,50,v11+v11_aug+v11plus+v14_avg3+v16_testhist_aug,5,NONE,"0.134,0.232,0.088,0.282,0.263","0.007,0.044,0.014,0.381,0.554","0.081,0.003,0.030,0.838,0.048",1.0,1.0,False,0.40688462840387196,0.2271361736142569,0.6119091845587994,0.37599015771901145,0.09156518091409938,SN=2=0.2760;SN=3-4=0.3434;SN=5-8=0.3676;SN=9-12=0.3521;SN>=13=0.3463,0.37599015771901145,
293,,v11+v11_aug+v12_5f+v14_seed0+v16_testhist_aug,5,TEMP,"0.174,0.207,0.068,0.319,0.232","0.163,0.133,0.083,0.209,0.411","0.042,0.006,0.546,0.089,0.317",0.5,0.5,True,0.40480634218142114,0.2286265981013945,0.612991730268133,0.3759715221667529,0.09509467013246414,SN=2=0.2748;SN=3-4=0.3476;SN=5-8=0.3699;SN=9-12=0.3492;SN>=13=0.3421,0.3759715221667529,
294,51,v11+v11_aug+v12_5f+v14_seed0+v16_testhist_aug,5,NONE,"0.174,0.207,0.068,0.319,0.232","0.163,0.133,0.083,0.209,0.411","0.042,0.006,0.546,0.089,0.317",1.0,1.0,False,0.40480634218142114,0.2286265981013945,0.612991730268133,0.3759715221667529,0.09509467013246414,SN=2=0.2748;SN=3-4=0.3476;SN=5-8=0.3699;SN=9-12=0.3492;SN>=13=0.3421,0.3759715221667529,
295,,v11+v11plus+v12_5f+v13+v14_seed0,5,THR,"0.163,0.193,0.156,0.347,0.142","0.353,0.069,0.114,0.157,0.307","0.007,0.022,0.348,0.357,0.267",0.5,0.5,True,0.4109515641826668,0.22798028984947033,0.6151391093711559,0.37860056348708604,0.10370637316577536,SN=2=0.2728;SN=3-4=0.3517;SN=5-8=0.3765;SN=9-12=0.3547;SN>=13=0.3442,0.37594490112667667,
296,,v11+v11plus+v14_seed1,3,THR,"0.190,0.190,0.620","0.401,0.047,0.553","0.025,0.004,0.972",0.5,0.5,True,0.4056894961253628,0.22826556686607322,0.6128955346756803,0.37616113213171054,0.09883401266158931,SN=2=0.2713;SN=3-4=0.3486;SN=5-8=0.3702;SN=9-12=0.3533;SN>=13=0.3465,0.3759416500233942,
297,,v11+v11plus+v13+v16_testhist_aug,4,TEMP,"0.132,0.161,0.338,0.369","0.312,0.065,0.331,0.292","0.044,0.003,0.454,0.498",0.5,0.5,True,0.40731037044512575,0.22649198728065761,0.6120009416557586,0.3759211314214651,0.0963088179511547,SN=2=0.2742;SN=3-4=0.3475;SN=5-8=0.3705;SN=9-12=0.3499;SN>=13=0.3412,0.3759211314214651,
298,52,v11+v11plus+v13+v16_testhist_aug,4,NONE,"0.132,0.161,0.338,0.369","0.312,0.065,0.331,0.292","0.044,0.003,0.454,0.498",1.0,1.0,False,0.40731037044512575,0.22649198728065761,0.6120009416557586,0.3759211314214651,0.0963088179511547,SN=2=0.2742;SN=3-4=0.3475;SN=5-8=0.3705;SN=9-12=0.3499;SN>=13=0.3412,0.3759211314214651,
299,,v11+v11plus+v12_5f+v14_seed2,4,THR,"0.222,0.232,0.245,0.301","0.417,0.028,0.217,0.338","0.026,0.026,0.455,0.493",0.5,0.5,True,0.4051045103872209,0.23005729537684352,0.6136540343231816,0.3767955291702621,0.10016341651998728,SN=2=0.2727;SN=3-4=0.3505;SN=5-8=0.3729;SN=9-12=0.3531;SN>=13=0.3415,0.37591134513274677,
300,,v11+v11_aug+v11plus+v14_seed2,4,THR,"0.175,0.201,0.161,0.463","0.347,0.042,0.052,0.559","0.092,0.020,0.049,0.840",0.5,0.5,True,0.4089770535416131,0.22927938587422414,0.6091735234924571,0.37713728046482636,0.10086256561359114,SN=2=0.2705;SN=3-4=0.3501;SN=5-8=0.3714;SN=9-12=0.3553;SN>=13=0.3405,0.37590352188050913,
301,,v11+v11plus+v12_5f+v14_seed1,4,THR,"0.172,0.211,0.585,0.031","0.434,0.035,0.214,0.317","0.020,0.005,0.457,0.518",0.5,0.5,True,0.40499975337684985,0.2284058791686252,0.614431794541145,0.37624861192641906,0.09912204625651527,SN=2=0.2710;SN=3-4=0.3495;SN=5-8=0.3701;SN=9-12=0.3547;SN>=13=0.3424,0.37588511302063976,
302,,v11_aug+v11plus+v14_seed1+v16_testhist_aug,4,TEMP,"0.289,0.160,0.250,0.301","0.161,0.044,0.312,0.482","0.029,0.037,0.888,0.046",0.5,0.5,True,0.40544207557463235,0.22771024857485825,0.6130698872274458,0.3758749071052855,0.08829083915598002,SN=2=0.2764;SN=3-4=0.3453;SN=5-8=0.3647;SN=9-12=0.3514;SN>=13=0.3416,0.3758749071052855,
303,53,v11_aug+v11plus+v14_seed1+v16_testhist_aug,4,NONE,"0.289,0.160,0.250,0.301","0.161,0.044,0.312,0.482","0.029,0.037,0.888,0.046",1.0,1.0,False,0.40544207557463235,0.22771024857485825,0.6130698872274458,0.3758749071052855,0.08829083915598002,SN=2=0.2764;SN=3-4=0.3453;SN=5-8=0.3647;SN=9-12=0.3514;SN>=13=0.3416,0.3758749071052855,
304,,v11plus+v12_5f+v13+v14_avg3+v16_testhist_aug,5,TEMP,"0.306,0.023,0.316,0.087,0.268","0.127,0.039,0.013,0.253,0.568","0.029,0.421,0.286,0.205,0.058",0.5,0.5,True,0.40445288587857153,0.22744635375246097,0.6155665580629236,0.3758730074649977,0.0929308041418413,SN=2=0.2761;SN=3-4=0.3460;SN=5-8=0.3690;SN=9-12=0.3477;SN>=13=0.3455,0.3758730074649977,
305,54,v11plus+v12_5f+v13+v14_avg3+v16_testhist_aug,5,NONE,"0.306,0.023,0.316,0.087,0.268","0.127,0.039,0.013,0.253,0.568","0.029,0.421,0.286,0.205,0.058",1.0,1.0,False,0.40445288587857153,0.22744635375246097,0.6155665580629236,0.3758730074649977,0.0929308041418413,SN=2=0.2761;SN=3-4=0.3460;SN=5-8=0.3690;SN=9-12=0.3477;SN>=13=0.3455,0.3758730074649977,
306,,v11plus+v12_5f+v13+v14_seed1+v16_testhist_aug,5,TEMP,"0.275,0.030,0.306,0.067,0.322","0.033,0.087,0.117,0.267,0.496","0.014,0.272,0.300,0.317,0.097",0.5,0.5,True,0.4044603451532727,0.2273184487475733,0.6157562805400173,0.37586277366834187,0.08617670180622905,SN=2=0.2776;SN=3-4=0.3461;SN=5-8=0.3637;SN=9-12=0.3457;SN>=13=0.3465,0.37586277366834187,
307,55,v11plus+v12_5f+v13+v14_seed1+v16_testhist_aug,5,NONE,"0.275,0.030,0.306,0.067,0.322","0.033,0.087,0.117,0.267,0.496","0.014,0.272,0.300,0.317,0.097",1.0,1.0,False,0.4044603451532727,0.2273184487475733,0.6157562805400173,0.37586277366834187,0.08617670180622905,SN=2=0.2776;SN=3-4=0.3461;SN=5-8=0.3637;SN=9-12=0.3457;SN>=13=0.3465,0.37586277366834187,
308,,v11+v11_aug+v12_5f+v14_seed2+v16_testhist_aug,5,TEMP,"0.198,0.172,0.331,0.061,0.237","0.110,0.041,0.057,0.212,0.580","0.032,0.030,0.563,0.195,0.180",0.5,0.5,True,0.4047577917272128,0.2280841492594839,0.6131773409797665,0.37577224459063197,0.09128175260489724,SN=2=0.2755;SN=3-4=0.3465;SN=5-8=0.3668;SN=9-12=0.3493;SN>=13=0.3449,0.37577224459063197,
309,56,v11+v11_aug+v12_5f+v14_seed2+v16_testhist_aug,5,NONE,"0.198,0.172,0.331,0.061,0.237","0.110,0.041,0.057,0.212,0.580","0.032,0.030,0.563,0.195,0.180",1.0,1.0,False,0.4047577917272128,0.2280841492594839,0.6131773409797665,0.37577224459063197,0.09128175260489724,SN=2=0.2755;SN=3-4=0.3465;SN=5-8=0.3668;SN=9-12=0.3493;SN>=13=0.3449,0.37577224459063197,
310,,v11plus+v13+v14_seed0,3,THR,"0.282,0.341,0.377","0.249,0.066,0.686","0.048,0.384,0.567",0.5,0.5,True,0.408871802925881,0.22684646339343556,0.6130930442185735,0.37690591537144136,0.10070547303752148,SN=2=0.2709;SN=3-4=0.3510;SN=5-8=0.3716;SN=9-12=0.3519;SN>=13=0.3483,0.3757507030751589,
311,,v11_aug+v11plus+v14_avg3+v16_testhist_aug,4,TEMP,"0.235,0.188,0.358,0.218","0.054,0.098,0.323,0.526","0.015,0.074,0.894,0.017",0.5,0.5,True,0.4054090396989623,0.22763006187859897,0.6126387702484833,0.3757433946807212,0.09176674898574944,SN=2=0.2743;SN=3-4=0.3451;SN=5-8=0.3661;SN=9-12=0.3513;SN>=13=0.3459,0.3757433946807212,
312,57,v11_aug+v11plus+v14_avg3+v16_testhist_aug,4,NONE,"0.235,0.188,0.358,0.218","0.054,0.098,0.323,0.526","0.015,0.074,0.894,0.017",1.0,1.0,False,0.4054090396989623,0.22763006187859897,0.6126387702484833,0.3757433946807212,0.09176674898574944,SN=2=0.2743;SN=3-4=0.3451;SN=5-8=0.3661;SN=9-12=0.3513;SN>=13=0.3459,0.3757433946807212,
313,,v11+v11_aug+v13,3,THR,"0.230,0.291,0.479","0.328,0.187,0.485","0.089,0.028,0.883",0.5,0.5,True,0.40728275360915517,0.22929714777354793,0.6055330458914312,0.3757385697313675,0.09766579139646431,SN=2=0.2704;SN=3-4=0.3491;SN=5-8=0.3681;SN=9-12=0.3553;SN>=13=0.3324,0.3757385697313675,
314,,v11_aug+v11plus+v13,3,THR,"0.268,0.177,0.555","0.324,0.146,0.529","0.007,0.045,0.948",0.5,0.5,True,0.4078995221644221,0.22808878182370879,0.606632353841577,0.37572179236356773,0.08828962800907542,SN=2=0.2734;SN=3-4=0.3489;SN=5-8=0.3616;SN=9-12=0.3493;SN>=13=0.3313,0.37572179236356773,
315,,v11+v11_aug+v14_seed1+v16_testhist_aug,4,TEMP,"0.198,0.255,0.253,0.293","0.150,0.165,0.262,0.423","0.044,0.014,0.808,0.134",0.5,0.5,True,0.40565345991639484,0.22713357257661465,0.612900568463394,0.37569492668988264,0.09371418740015008,SN=2=0.2742;SN=3-4=0.3472;SN=5-8=0.3679;SN=9-12=0.3511;SN>=13=0.3418,0.37569492668988264,
316,58,v11+v11_aug+v14_seed1+v16_testhist_aug,4,NONE,"0.198,0.255,0.253,0.293","0.150,0.165,0.262,0.423","0.044,0.014,0.808,0.134",1.0,1.0,False,0.40565345991639484,0.22713357257661465,0.612900568463394,0.37569492668988264,0.09371418740015008,SN=2=0.2742;SN=3-4=0.3472;SN=5-8=0.3679;SN=9-12=0.3511;SN>=13=0.3418,0.37569492668988264,
317,,v11+v11_aug+v14_avg3+v16_testhist_aug,4,TEMP,"0.201,0.239,0.259,0.302","0.094,0.047,0.305,0.554","0.016,0.031,0.940,0.014",0.5,0.5,True,0.4057159319594163,0.2271023797182624,0.6127312810522244,0.37567358088151637,0.09116994843934417,SN=2=0.2751;SN=3-4=0.3449;SN=5-8=0.3663;SN=9-12=0.3509;SN>=13=0.3461,0.37567358088151637,
318,59,v11+v11_aug+v14_avg3+v16_testhist_aug,4,NONE,"0.201,0.239,0.259,0.302","0.094,0.047,0.305,0.554","0.016,0.031,0.940,0.014",1.0,1.0,False,0.4057159319594163,0.2271023797182624,0.6127312810522244,0.37567358088151637,0.09116994843934417,SN=2=0.2751;SN=3-4=0.3449;SN=5-8=0.3663;SN=9-12=0.3509;SN>=13=0.3461,0.37567358088151637,
319,,v11plus+v13+v14_seed0+v16_testhist_aug,4,TEMP,"0.212,0.360,0.040,0.387","0.010,0.180,0.320,0.490","0.045,0.369,0.458,0.127",0.5,0.5,True,0.40505128402131435,0.22748853469947164,0.6132231768305714,0.3756605628544287,0.08732666530096989,SN=2=0.2768;SN=3-4=0.3458;SN=5-8=0.3642;SN=9-12=0.3452;SN>=13=0.3483,0.3756605628544287,
320,60,v11plus+v13+v14_seed0+v16_testhist_aug,4,NONE,"0.212,0.360,0.040,0.387","0.010,0.180,0.320,0.490","0.045,0.369,0.458,0.127",1.0,1.0,False,0.40505128402131435,0.22748853469947164,0.6132231768305714,0.3756605628544287,0.08732666530096989,SN=2=0.2768;SN=3-4=0.3458;SN=5-8=0.3642;SN=9-12=0.3452;SN>=13=0.3483,0.3756605628544287,
321,,v11+v13+v14_seed0+v16_testhist_aug,4,TEMP,"0.239,0.314,0.182,0.265","0.100,0.150,0.165,0.585","0.031,0.355,0.476,0.138",0.5,0.5,True,0.40418899931406715,0.22844739194190372,0.612983930413658,0.37565134258512,0.09424532105893674,SN=2=0.2745;SN=3-4=0.3467;SN=5-8=0.3688;SN=9-12=0.3474;SN>=13=0.3468,0.37565134258512,
322,61,v11+v13+v14_seed0+v16_testhist_aug,4,NONE,"0.239,0.314,0.182,0.265","0.100,0.150,0.165,0.585","0.031,0.355,0.476,0.138",1.0,1.0,False,0.40418899931406715,0.22844739194190372,0.612983930413658,0.37565134258512,0.09424532105893674,SN=2=0.2745;SN=3-4=0.3467;SN=5-8=0.3688;SN=9-12=0.3474;SN>=13=0.3468,0.37565134258512,
323,,v11+v11_aug+v12_5f+v16_testhist_aug,4,TEMP,"0.225,0.189,0.319,0.266","0.139,0.139,0.246,0.476","0.026,0.036,0.783,0.155",0.5,0.5,True,0.4051430722632965,0.22751361257127703,0.6123304427065223,0.3755287624751339,0.0930450398691946,SN=2=0.2744;SN=3-4=0.3481;SN=5-8=0.3675;SN=9-12=0.3500;SN>=13=0.3423,0.3755287624751339,
324,62,v11+v11_aug+v12_5f+v16_testhist_aug,4,NONE,"0.225,0.189,0.319,0.266","0.139,0.139,0.246,0.476","0.026,0.036,0.783,0.155",1.0,1.0,False,0.4051430722632965,0.22751361257127703,0.6123304427065223,0.3755287624751339,0.0930450398691946,SN=2=0.2744;SN=3-4=0.3481;SN=5-8=0.3675;SN=9-12=0.3500;SN>=13=0.3423,0.3755287624751339,
325,,v11plus+v12_5f+v13+v16_testhist_aug,4,TEMP,"0.265,0.027,0.394,0.315","0.029,0.237,0.074,0.661","0.032,0.520,0.395,0.053",0.5,0.5,True,0.4044333802449635,0.2268661948287421,0.6150273986400269,0.37552530975748766,0.08698228083309223,SN=2=0.2782;SN=3-4=0.3461;SN=5-8=0.3652;SN=9-12=0.3450;SN>=13=0.3443,0.37552530975748766,
326,63,v11plus+v12_5f+v13+v16_testhist_aug,4,NONE,"0.265,0.027,0.394,0.315","0.029,0.237,0.074,0.661","0.032,0.520,0.395,0.053",1.0,1.0,False,0.4044333802449635,0.2268661948287421,0.6150273986400269,0.37552530975748766,0.08698228083309223,SN=2=0.2782;SN=3-4=0.3461;SN=5-8=0.3652;SN=9-12=0.3450;SN>=13=0.3443,0.37552530975748766,
327,,v11plus+v12_5f+v14_seed2,3,THR,"0.256,0.548,0.196","0.328,0.053,0.619","0.027,0.517,0.457",0.5,0.5,True,0.40262290396260475,0.2291247950475524,0.613688334788635,0.3754367465617899,0.0974539741206033,SN=2=0.2710;SN=3-4=0.3517;SN=5-8=0.3685;SN=9-12=0.3476;SN>=13=0.3433,0.3754367465617899,
328,,v11_aug+v13+v16_testhist_aug,3,TEMP,"0.365,0.256,0.379","0.220,0.260,0.520","0.024,0.414,0.562",0.5,0.5,True,0.4045899805601006,0.22779570595070023,0.6115685128062068,0.3752679771655617,0.08569374375544242,SN=2=0.2770;SN=3-4=0.3466;SN=5-8=0.3627;SN=9-12=0.3439;SN>=13=0.3405,0.3752679771655617,
329,64,v11_aug+v13+v16_testhist_aug,3,NONE,"0.365,0.256,0.379","0.220,0.260,0.520","0.024,0.414,0.562",1.0,1.0,False,0.4045899805601006,0.22779570595070023,0.6115685128062068,0.3752679771655617,0.08569374375544242,SN=2=0.2770;SN=3-4=0.3466;SN=5-8=0.3627;SN=9-12=0.3439;SN>=13=0.3405,0.3752679771655617,
330,,v11+v11_aug+v14_seed2+v16_testhist_aug,4,TEMP,"0.145,0.235,0.375,0.245","0.018,0.160,0.342,0.480","0.029,0.005,0.657,0.309",0.5,0.5,True,0.4034505385471224,0.22891572000492752,0.6112559101337689,0.37519768544757376,0.0872998928612525,SN=2=0.2754;SN=3-4=0.3456;SN=5-8=0.3627;SN=9-12=0.3480;SN>=13=0.3444,0.37519768544757376,
331,65,v11+v11_aug+v14_seed2+v16_testhist_aug,4,NONE,"0.145,0.235,0.375,0.245","0.018,0.160,0.342,0.480","0.029,0.005,0.657,0.309",1.0,1.0,False,0.4034505385471224,0.22891572000492752,0.6112559101337689,0.37519768544757376,0.0872998928612525,SN=2=0.2754;SN=3-4=0.3456;SN=5-8=0.3627;SN=9-12=0.3480;SN>=13=0.3444,0.37519768544757376,
332,,v11+v11plus+v16_testhist_aug,3,THR,"0.221,0.193,0.586","0.126,0.124,0.750","0.026,0.029,0.945",0.5,0.5,True,0.40613134347457197,0.22766278207222537,0.6083109859066221,0.3751798474000434,0.09547212635286684,SN=2=0.2730;SN=3-4=0.3467;SN=5-8=0.3684;SN=9-12=0.3495;SN>=13=0.3394,0.3751798474000434,
333,,v11+v11plus+v12_5f+v14_seed1+v16_testhist_aug,5,TEMP,"0.209,0.141,0.188,0.209,0.252","0.310,0.049,0.178,0.150,0.314","0.040,0.009,0.406,0.446,0.099",0.5,0.5,True,0.40313427617835207,0.22751849120501416,0.6143465906090633,0.3751304250751592,0.09557775463651885,SN=2=0.2740;SN=3-4=0.3456;SN=5-8=0.3696;SN=9-12=0.3537;SN>=13=0.3440,0.3751304250751592,
334,66,v11+v11plus+v12_5f+v14_seed1+v16_testhist_aug,5,NONE,"0.209,0.141,0.188,0.209,0.252","0.310,0.049,0.178,0.150,0.314","0.040,0.009,0.406,0.446,0.099",1.0,1.0,False,0.40313427617835207,0.22751849120501416,0.6143465906090633,0.3751304250751592,0.09557775463651885,SN=2=0.2740;SN=3-4=0.3456;SN=5-8=0.3696;SN=9-12=0.3537;SN>=13=0.3440,0.3751304250751592,
335,,v11+v13+v16_testhist_aug,3,TEMP,"0.319,0.329,0.352","0.207,0.276,0.516","0.044,0.436,0.520",0.5,0.5,True,0.40507115274725414,0.22666720604735452,0.6119680731094291,0.3750889581397293,0.09330852722800731,SN=2=0.2747;SN=3-4=0.3479;SN=5-8=0.3680;SN=9-12=0.3513;SN>=13=0.3435,0.3750889581397293,
336,67,v11+v13+v16_testhist_aug,3,NONE,"0.319,0.329,0.352","0.207,0.276,0.516","0.044,0.436,0.520",1.0,1.0,False,0.40507115274725414,0.22666720604735452,0.6119680731094291,0.3750889581397293,0.09330852722800731,SN=2=0.2747;SN=3-4=0.3479;SN=5-8=0.3680;SN=9-12=0.3513;SN>=13=0.3435,0.3750889581397293,
337,,v11+v11_aug+v11plus+v14_seed0+v16_testhist_aug,5,TEMP,"0.092,0.294,0.099,0.239,0.276","0.046,0.117,0.117,0.243,0.476","0.029,0.012,0.077,0.771,0.112",0.5,0.5,True,0.4054304011927951,0.2271941789426622,0.6101400684888196,0.3750778457519469,0.09838379665812891,SN=2=0.2733;SN=3-4=0.3447;SN=5-8=0.3717;SN=9-12=0.3514;SN>=13=0.3442,0.3750778457519469,
338,68,v11+v11_aug+v11plus+v14_seed0+v16_testhist_aug,5,NONE,"0.092,0.294,0.099,0.239,0.276","0.046,0.117,0.117,0.243,0.476","0.029,0.012,0.077,0.771,0.112",1.0,1.0,False,0.4054304011927951,0.2271941789426622,0.6101400684888196,0.3750778457519469,0.09838379665812891,SN=2=0.2733;SN=3-4=0.3447;SN=5-8=0.3717;SN=9-12=0.3514;SN>=13=0.3442,0.3750778457519469,
339,,v11+v11plus+v13+v14_seed2,4,THR,"0.156,0.189,0.330,0.325","0.265,0.085,0.228,0.422","0.045,0.013,0.576,0.367",0.5,0.5,True,0.4106066641057721,0.22807953665292507,0.6125985218112825,0.37799418466573537,0.10424201155166479,SN=2=0.2718;SN=3-4=0.3496;SN=5-8=0.3760;SN=9-12=0.3553;SN>=13=0.3418,0.3750707031123813,
340,,v11_aug+v12_5f+v14_avg3+v16_testhist_aug,4,TEMP,"0.407,0.114,0.216,0.263","0.122,0.154,0.163,0.560","0.023,0.418,0.439,0.120",0.5,0.5,True,0.401963268148757,0.2286893356454192,0.6138841545762033,0.37503787243291115,0.08704235521314357,SN=2=0.2758;SN=3-4=0.3459;SN=5-8=0.3629;SN=9-12=0.3466;SN>=13=0.3446,0.37503787243291115,
341,69,v11_aug+v12_5f+v14_avg3+v16_testhist_aug,4,NONE,"0.407,0.114,0.216,0.263","0.122,0.154,0.163,0.560","0.023,0.418,0.439,0.120",1.0,1.0,False,0.401963268148757,0.2286893356454192,0.6138841545762033,0.37503787243291115,0.08704235521314357,SN=2=0.2758;SN=3-4=0.3459;SN=5-8=0.3629;SN=9-12=0.3466;SN>=13=0.3446,0.37503787243291115,
342,,v11_aug+v11plus+v14_seed0,3,THR,"0.338,0.220,0.442","0.202,0.181,0.617","0.001,0.058,0.941",0.5,0.5,True,0.4060421711350616,0.22946559070959474,0.6107731161795762,0.3763577279737778,0.10105895590105574,SN=2=0.2681;SN=3-4=0.3504;SN=5-8=0.3691;SN=9-12=0.3536;SN>=13=0.3458,0.37502577424572825,
343,,v11+v12_5f+v14_avg3,3,THR,"0.272,0.640,0.088","0.412,0.096,0.492","0.030,0.386,0.584",0.5,0.5,True,0.40222176231983015,0.22824188311619262,0.614168893612371,0.3750192368968833,0.09755638821806056,SN=2=0.2704;SN=3-4=0.3509;SN=5-8=0.3679;SN=9-12=0.3516;SN>=13=0.3446,0.3750192368968833,
344,,v11+v11_aug+v14_seed0+v16_testhist_aug,4,TEMP,"0.188,0.269,0.243,0.300","0.156,0.126,0.284,0.434","0.029,0.046,0.485,0.439",0.5,0.5,True,0.40474184826765197,0.22754356854514196,0.6102706936710953,0.3749683054593366,0.09421116391272766,SN=2=0.2736;SN=3-4=0.3455;SN=5-8=0.3678;SN=9-12=0.3502;SN>=13=0.3444,0.3749683054593366,
345,70,v11+v11_aug+v14_seed0+v16_testhist_aug,4,NONE,"0.188,0.269,0.243,0.300","0.156,0.126,0.284,0.434","0.029,0.046,0.485,0.439",1.0,1.0,False,0.40474184826765197,0.22754356854514196,0.6102706936710953,0.3749683054593366,0.09421116391272766,SN=2=0.2736;SN=3-4=0.3455;SN=5-8=0.3678;SN=9-12=0.3502;SN>=13=0.3444,0.3749683054593366,
346,,v11_aug+v12_5f+v14_seed1,3,THR,"0.393,0.295,0.311","0.302,0.127,0.571","0.025,0.421,0.553",0.5,0.5,True,0.40444567761748385,0.2258583583882981,0.6142306719911386,0.3749677488005405,0.09714754641159734,SN=2=0.2693;SN=3-4=0.3516;SN=5-8=0.3664;SN=9-12=0.3497;SN>=13=0.3416,0.3749677488005405,
347,,v11+v11plus+v12_5f+v14_seed2+v16_testhist_aug,5,TEMP,"0.132,0.209,0.277,0.003,0.379","0.112,0.037,0.060,0.254,0.537","0.032,0.006,0.380,0.214,0.368",0.5,0.5,True,0.4026365617051866,0.2281229191514725,0.6132905100324471,0.37496189434915306,0.088368582194773,SN=2=0.2765;SN=3-4=0.3434;SN=5-8=0.3649;SN=9-12=0.3483;SN>=13=0.3455,0.37496189434915306,
348,71,v11+v11plus+v12_5f+v14_seed2+v16_testhist_aug,5,NONE,"0.132,0.209,0.277,0.003,0.379","0.112,0.037,0.060,0.254,0.537","0.032,0.006,0.380,0.214,0.368",1.0,1.0,False,0.4026365617051866,0.2281229191514725,0.6132905100324471,0.37496189434915306,0.088368582194773,SN=2=0.2765;SN=3-4=0.3434;SN=5-8=0.3649;SN=9-12=0.3483;SN>=13=0.3455,0.37496189434915306,
349,,v11+v12_5f+v14_seed1,3,THR,"0.264,0.657,0.079","0.417,0.091,0.492","0.019,0.417,0.564",0.5,0.5,True,0.40270820632667365,0.22742997626516326,0.614361376793233,0.3749275483953814,0.09508160258076687,SN=2=0.2703;SN=3-4=0.3518;SN=5-8=0.3654;SN=9-12=0.3521;SN>=13=0.3437,0.3749275483953814,
350,,v11+v11_aug+v11plus+v14_seed2+v16_testhist_aug,5,TEMP,"0.099,0.283,0.090,0.240,0.288","0.074,0.007,0.031,0.321,0.567","0.095,0.015,0.002,0.540,0.348",0.5,0.5,True,0.4048285914261153,0.22744392942912284,0.6098712422778841,0.3748832567976721,0.09281411608513979,SN=2=0.2748;SN=3-4=0.3428;SN=5-8=0.3676;SN=9-12=0.3524;SN>=13=0.3434,0.3748832567976721,
351,72,v11+v11_aug+v11plus+v14_seed2+v16_testhist_aug,5,NONE,"0.099,0.283,0.090,0.240,0.288","0.074,0.007,0.031,0.321,0.567","0.095,0.015,0.002,0.540,0.348",1.0,1.0,False,0.4048285914261153,0.22744392942912284,0.6098712422778841,0.3748832567976721,0.09281411608513979,SN=2=0.2748;SN=3-4=0.3428;SN=5-8=0.3676;SN=9-12=0.3524;SN>=13=0.3434,0.3748832567976721,
352,,v11+v12_5f+v13,3,THR,"0.230,0.441,0.329","0.468,0.180,0.352","0.022,0.585,0.393",0.5,0.5,True,0.4089124562790448,0.22474746138125914,0.6146609758578585,0.37639616223569333,0.10145292791072685,SN=2=0.2707;SN=3-4=0.3545;SN=5-8=0.3722;SN=9-12=0.3511;SN>=13=0.3370,0.37486722250280824,
353,,v11+v11_aug+v11plus+v13+v14_seed1,5,TEMP,"0.190,0.153,0.136,0.293,0.228","0.241,0.150,0.020,0.153,0.436","0.006,0.050,0.038,0.462,0.443",0.5,0.5,True,0.4049034290231609,0.22538599289786543,0.6136302552248687,0.3748418198133843,0.09407819216321395,SN=2=0.2729;SN=3-4=0.3475;SN=5-8=0.3669;SN=9-12=0.3514;SN>=13=0.3426,0.3748418198133843,
354,73,v11+v11_aug+v11plus+v13+v14_seed1,5,NONE,"0.190,0.153,0.136,0.293,0.228","0.241,0.150,0.020,0.153,0.436","0.006,0.050,0.038,0.462,0.443",1.0,1.0,False,0.4049034290231609,0.22538599289786543,0.6136302552248687,0.3748418198133843,0.09407819216321395,SN=2=0.2729;SN=3-4=0.3475;SN=5-8=0.3669;SN=9-12=0.3514;SN>=13=0.3426,0.3748418198133843,
355,,v11+v11_aug+v16_testhist_aug,3,THR,"0.177,0.251,0.572","0.293,0.257,0.450","0.025,0.011,0.964",0.5,0.5,True,0.4074085132636537,0.22569611510377657,0.607966953207586,0.37483524198848933,0.09670245393612897,SN=2=0.2715;SN=3-4=0.3485;SN=5-8=0.3682;SN=9-12=0.3450;SN>=13=0.3368,0.37483524198848933,
356,,v11_aug+v12_5f+v14_seed2+v16_testhist_aug,4,TEMP,"0.395,0.291,0.024,0.290","0.166,0.127,0.178,0.528","0.009,0.493,0.481,0.018",0.5,0.5,True,0.4013070538377592,0.2291005419341799,0.613297467897025,0.3748225318881806,0.0871458305037291,SN=2=0.2761;SN=3-4=0.3466;SN=5-8=0.3632;SN=9-12=0.3457;SN>=13=0.3425,0.3748225318881806,
357,74,v11_aug+v12_5f+v14_seed2+v16_testhist_aug,4,NONE,"0.395,0.291,0.024,0.290","0.166,0.127,0.178,0.528","0.009,0.493,0.481,0.018",1.0,1.0,False,0.4013070538377592,0.2291005419341799,0.613297467897025,0.3748225318881806,0.0871458305037291,SN=2=0.2761;SN=3-4=0.3466;SN=5-8=0.3632;SN=9-12=0.3457;SN>=13=0.3425,0.3748225318881806,
358,,v11+v11_aug+v11plus+v14_seed1+v16_testhist_aug,5,TEMP,"0.103,0.137,0.190,0.279,0.290","0.139,0.072,0.009,0.343,0.436","0.061,0.088,0.043,0.544,0.264",0.5,0.5,True,0.4061785064032698,0.22626014721930984,0.6091696712133494,0.3748093956917018,0.09087786378139862,SN=2=0.2745;SN=3-4=0.3440;SN=5-8=0.3653;SN=9-12=0.3504;SN>=13=0.3415,0.3748093956917018,
359,75,v11+v11_aug+v11plus+v14_seed1+v16_testhist_aug,5,NONE,"0.103,0.137,0.190,0.279,0.290","0.139,0.072,0.009,0.343,0.436","0.061,0.088,0.043,0.544,0.264",1.0,1.0,False,0.4061785064032698,0.22626014721930984,0.6091696712133494,0.3748093956917018,0.09087786378139862,SN=2=0.2745;SN=3-4=0.3440;SN=5-8=0.3653;SN=9-12=0.3504;SN>=13=0.3415,0.3748093956917018,
360,,v11_aug+v12_5f+v14_seed1+v16_testhist_aug,4,TEMP,"0.376,0.219,0.137,0.268","0.120,0.149,0.165,0.566","0.018,0.342,0.622,0.017",0.5,0.5,True,0.4017104996298632,0.2281846126077432,0.6142028079423305,0.3747986064835087,0.0848926097467661,SN=2=0.2768;SN=3-4=0.3452;SN=5-8=0.3616;SN=9-12=0.3453;SN>=13=0.3441,0.3747986064835087,
361,76,v11_aug+v12_5f+v14_seed1+v16_testhist_aug,4,NONE,"0.376,0.219,0.137,0.268","0.120,0.149,0.165,0.566","0.018,0.342,0.622,0.017",1.0,1.0,False,0.4017104996298632,0.2281846126077432,0.6142028079423305,0.3747986064835087,0.0848926097467661,SN=2=0.2768;SN=3-4=0.3452;SN=5-8=0.3616;SN=9-12=0.3453;SN>=13=0.3441,0.3747986064835087,
362,,v11+v11_aug+v11plus+v13,4,THR,"0.079,0.287,0.177,0.457","0.318,0.165,0.082,0.435","0.011,0.087,0.043,0.859",0.5,0.5,True,0.4081437340869345,0.22855237350380228,0.6050853382874319,0.3756955106937811,0.10019367252737676,SN=2=0.2700;SN=3-4=0.3482;SN=5-8=0.3702;SN=9-12=0.3548;SN>=13=0.3325,0.374796198652571,
363,,v11_aug+v12_5f+v14_seed0,3,THR,"0.406,0.532,0.061","0.242,0.133,0.625","0.015,0.549,0.436",0.5,0.5,True,0.4028047629165762,0.22751495435921426,0.6132165308446617,0.3747711930792485,0.09633699911139815,SN=2=0.2673;SN=3-4=0.3514;SN=5-8=0.3636;SN=9-12=0.3517;SN>=13=0.3413,0.3747711930792485,
364,,v11_aug+v11plus+v14_seed0+v16_testhist_aug,4,TEMP,"0.275,0.235,0.233,0.257","0.174,0.124,0.341,0.361","0.024,0.021,0.765,0.190",0.5,0.5,True,0.40449917438440547,0.2269584965655969,0.6108897373495807,0.37476101584991717,0.09626067466518484,SN=2=0.2726;SN=3-4=0.3447;SN=5-8=0.3689;SN=9-12=0.3523;SN>=13=0.3438,0.37476101584991717,
365,77,v11_aug+v11plus+v14_seed0+v16_testhist_aug,4,NONE,"0.275,0.235,0.233,0.257","0.174,0.124,0.341,0.361","0.024,0.021,0.765,0.190",1.0,1.0,False,0.40449917438440547,0.2269584965655969,0.6108897373495807,0.37476101584991717,0.09626067466518484,SN=2=0.2726;SN=3-4=0.3447;SN=5-8=0.3689;SN=9-12=0.3523;SN>=13=0.3438,0.37476101584991717,
366,,v11plus+v13+v16_testhist_aug,3,TEMP,"0.237,0.408,0.355","0.131,0.313,0.556","0.048,0.459,0.493",0.5,0.5,True,0.40530858987900337,0.2253831172815987,0.6122228643677493,0.37472125573779075,0.09165440281886122,SN=2=0.2754;SN=3-4=0.3457;SN=5-8=0.3671;SN=9-12=0.3454;SN>=13=0.3443,0.37472125573779075,
367,78,v11plus+v13+v16_testhist_aug,3,NONE,"0.237,0.408,0.355","0.131,0.313,0.556","0.048,0.459,0.493",1.0,1.0,False,0.40530858987900337,0.2253831172815987,0.6122228643677493,0.37472125573779075,0.09165440281886122,SN=2=0.2754;SN=3-4=0.3457;SN=5-8=0.3671;SN=9-12=0.3454;SN>=13=0.3443,0.37472125573779075,
368,,v11_aug+v12_5f+v14_seed0+v16_testhist_aug,4,TEMP,"0.415,0.202,0.142,0.241","0.154,0.050,0.305,0.491","0.014,0.570,0.313,0.104",0.5,0.5,True,0.40157188756569867,0.22846168250219664,0.6132425892149888,0.3746619458701559,0.08601383244922345,SN=2=0.2761;SN=3-4=0.3455;SN=5-8=0.3621;SN=9-12=0.3453;SN>=13=0.3420,0.3746619458701559,
369,79,v11_aug+v12_5f+v14_seed0+v16_testhist_aug,4,NONE,"0.415,0.202,0.142,0.241","0.154,0.050,0.305,0.491","0.014,0.570,0.313,0.104",1.0,1.0,False,0.40157188756569867,0.22846168250219664,0.6132425892149888,0.3746619458701559,0.08601383244922345,SN=2=0.2761;SN=3-4=0.3455;SN=5-8=0.3621;SN=9-12=0.3453;SN>=13=0.3420,0.3746619458701559,
370,,v11+v11plus+v12_5f+v14_seed0+v16_testhist_aug,5,TEMP,"0.251,0.168,0.051,0.237,0.293","0.293,0.082,0.149,0.180,0.296","0.019,0.019,0.620,0.131,0.211",0.5,0.5,True,0.4021673031915535,0.22764323449724536,0.6133596291109833,0.3745961408977162,0.09533552926319383,SN=2=0.2735;SN=3-4=0.3451;SN=5-8=0.3688;SN=9-12=0.3534;SN>=13=0.3437,0.3745961408977162,
371,80,v11+v11plus+v12_5f+v14_seed0+v16_testhist_aug,5,NONE,"0.251,0.168,0.051,0.237,0.293","0.293,0.082,0.149,0.180,0.296","0.019,0.019,0.620,0.131,0.211",1.0,1.0,False,0.4021673031915535,0.22764323449724536,0.6133596291109833,0.3745961408977162,0.09533552926319383,SN=2=0.2735;SN=3-4=0.3451;SN=5-8=0.3688;SN=9-12=0.3534;SN>=13=0.3437,0.3745961408977162,
372,,v11_aug+v11plus+v13+v14_seed0,4,THR,"0.141,0.217,0.257,0.385","0.206,0.226,0.138,0.429","0.032,0.052,0.275,0.641",0.5,0.5,True,0.4125169368409684,0.22635446251691768,0.6124083377042551,0.3780302272840055,0.10533455624661814,SN=2=0.2687;SN=3-4=0.3525;SN=5-8=0.3740;SN=9-12=0.3517;SN>=13=0.3409,0.3745604733831747,
373,,v11plus+v12_5f+v14_seed0,3,THR,"0.268,0.452,0.280","0.213,0.067,0.720","0.043,0.503,0.454",0.5,0.5,True,0.4022972314210945,0.22733403792416804,0.6135289437496558,0.37455829648803624,0.09479802076052563,SN=2=0.2704;SN=3-4=0.3509;SN=5-8=0.3652;SN=9-12=0.3477;SN>=13=0.3462,0.37455829648803624,
374,,v11_aug+v14_avg3+v16_testhist_aug,3,TEMP,"0.368,0.390,0.242","0.142,0.341,0.517","0.029,0.933,0.038",0.5,0.5,True,0.4021187834569922,0.227962228449603,0.6125839629355074,0.37454919734973957,0.08727772147010698,SN=2=0.2756;SN=3-4=0.3445;SN=5-8=0.3629;SN=9-12=0.3454;SN>=13=0.3444,0.37454919734973957,
375,81,v11_aug+v14_avg3+v16_testhist_aug,3,NONE,"0.368,0.390,0.242","0.142,0.341,0.517","0.029,0.933,0.038",1.0,1.0,False,0.4021187834569922,0.227962228449603,0.6125839629355074,0.37454919734973957,0.08727772147010698,SN=2=0.2756;SN=3-4=0.3445;SN=5-8=0.3629;SN=9-12=0.3454;SN>=13=0.3444,0.37454919734973957,
376,,v11+v12_5f+v14_seed0,3,THR,"0.263,0.655,0.082","0.429,0.115,0.456","0.011,0.555,0.434",0.5,0.5,True,0.40233986575303626,0.22723812008219885,0.6132602780159717,0.37448324993728843,0.09731958208534597,SN=2=0.2683;SN=3-4=0.3517;SN=5-8=0.3656;SN=9-12=0.3498;SN>=13=0.3445,0.37448324993728843,
377,,v11_aug+v14_seed1+v16_testhist_aug,3,TEMP,"0.394,0.396,0.210","0.181,0.355,0.464","0.023,0.882,0.095",0.5,0.5,True,0.40226315518665673,0.22749633311900003,0.6126966897475363,0.37444313327177,0.08751678519453465,SN=2=0.2756;SN=3-4=0.3450;SN=5-8=0.3631;SN=9-12=0.3458;SN>=13=0.3402,0.37444313327177,
378,82,v11_aug+v14_seed1+v16_testhist_aug,3,NONE,"0.394,0.396,0.210","0.181,0.355,0.464","0.023,0.882,0.095",1.0,1.0,False,0.40226315518665673,0.22749633311900003,0.6126966897475363,0.37444313327177,0.08751678519453465,SN=2=0.2756;SN=3-4=0.3450;SN=5-8=0.3631;SN=9-12=0.3458;SN>=13=0.3402,0.37444313327177,
379,,v11+v11plus+v12_5f+v14_avg3+v16_testhist_aug,5,TEMP,"0.169,0.216,0.215,0.067,0.333","0.039,0.108,0.157,0.191,0.505","0.059,0.024,0.391,0.513,0.013",0.5,0.5,True,0.40231194933401354,0.22691807298544697,0.6137126213085909,0.37443453318950237,0.0912082753152908,SN=2=0.2751;SN=3-4=0.3435;SN=5-8=0.3663;SN=9-12=0.3488;SN>=13=0.3441,0.37443453318950237,
380,83,v11+v11plus+v12_5f+v14_avg3+v16_testhist_aug,5,NONE,"0.169,0.216,0.215,0.067,0.333","0.039,0.108,0.157,0.191,0.505","0.059,0.024,0.391,0.513,0.013",1.0,1.0,False,0.40231194933401354,0.22691807298544697,0.6137126213085909,0.37443453318950237,0.0912082753152908,SN=2=0.2751;SN=3-4=0.3435;SN=5-8=0.3663;SN=9-12=0.3488;SN>=13=0.3441,0.37443453318950237,
381,,v11+v11plus+v13,3,THR,"0.258,0.262,0.480","0.457,0.008,0.535","0.059,0.067,0.874",0.5,0.5,True,0.40533304989174357,0.22719986703862732,0.6067871397197424,0.37437059471609685,0.09699341537334144,SN=2=0.2689;SN=3-4=0.3472;SN=5-8=0.3659;SN=9-12=0.3547;SN>=13=0.3358,0.37437059471609685,
382,,v11+v11_aug+v12_5f,3,THR,"0.231,0.279,0.491","0.371,0.196,0.433","0.033,0.020,0.948",0.5,0.5,True,0.4077163240173319,0.22443253604019292,0.6118253032232928,0.3752246046676685,0.10011831273167959,SN=2=0.2687;SN=3-4=0.3509;SN=5-8=0.3688;SN=9-12=0.3500;SN>=13=0.3380,0.374362972524307,
383,,v11+v11_aug+v11plus+v13+v14_seed0,5,TEMP,"0.169,0.153,0.161,0.305,0.213","0.340,0.044,0.056,0.232,0.327","0.059,0.013,0.017,0.350,0.562",0.5,0.5,True,0.40364716734491424,0.22599931728085682,0.6124792603985827,0.374354445930025,0.09586640444097061,SN=2=0.2717;SN=3-4=0.3461;SN=5-8=0.3676;SN=9-12=0.3546;SN>=13=0.3417,0.374354445930025,
384,84,v11+v11_aug+v11plus+v13+v14_seed0,5,NONE,"0.169,0.153,0.161,0.305,0.213","0.340,0.044,0.056,0.232,0.327","0.059,0.013,0.017,0.350,0.562",1.0,1.0,False,0.40364716734491424,0.22599931728085682,0.6124792603985827,0.374354445930025,0.09586640444097061,SN=2=0.2717;SN=3-4=0.3461;SN=5-8=0.3676;SN=9-12=0.3546;SN>=13=0.3417,0.374354445930025,
385,,v11_aug+v12_5f+v16_testhist_aug,3,TEMP,"0.385,0.364,0.250","0.183,0.240,0.577","0.019,0.598,0.383",0.5,0.5,True,0.4022368411298587,0.22725912589376626,0.6127657221931091,0.3743515312480718,0.0863673700801279,SN=2=0.2758;SN=3-4=0.3469;SN=5-8=0.3621;SN=9-12=0.3441;SN>=13=0.3419,0.3743515312480718,
386,85,v11_aug+v12_5f+v16_testhist_aug,3,NONE,"0.385,0.364,0.250","0.183,0.240,0.577","0.019,0.598,0.383",1.0,1.0,False,0.4022368411298587,0.22725912589376626,0.6127657221931091,0.3743515312480718,0.0863673700801279,SN=2=0.2758;SN=3-4=0.3469;SN=5-8=0.3621;SN=9-12=0.3441;SN>=13=0.3419,0.3743515312480718,
387,,v11plus+v12_5f+v14_seed1,3,THR,"0.254,0.547,0.198","0.211,0.021,0.768","0.026,0.422,0.552",0.5,0.5,True,0.4021444251348652,0.22640066075828771,0.6145789732200447,0.3743338290012701,0.09627142128427219,SN=2=0.2710;SN=3-4=0.3480;SN=5-8=0.3673;SN=9-12=0.3486;SN>=13=0.3491,0.3743338290012701,
388,,v11+v11_aug+v11plus+v14_seed0,4,THR,"0.179,0.272,0.102,0.446","0.348,0.056,0.068,0.528","0.083,0.027,0.023,0.867",0.5,0.5,True,0.40912884937378813,0.22703582602244973,0.6094285527851577,0.37635158071552677,0.10244616413620494,SN=2=0.2696;SN=3-4=0.3484;SN=5-8=0.3721;SN=9-12=0.3540;SN>=13=0.3434,0.3743260228699026,
389,,v11_aug+v11plus+v12_5f+v13+v14_seed2,5,TEMP,"0.160,0.203,0.108,0.343,0.186","0.233,0.203,0.017,0.171,0.375","0.005,0.038,0.347,0.263,0.346",0.5,0.5,True,0.403673528428655,0.22416994408568205,0.6152677692227755,0.37419094285029,0.09613215526385477,SN=2=0.2710;SN=3-4=0.3501;SN=5-8=0.3672;SN=9-12=0.3492;SN>=13=0.3423,0.37419094285029,
390,86,v11_aug+v11plus+v12_5f+v13+v14_seed2,5,NONE,"0.160,0.203,0.108,0.343,0.186","0.233,0.203,0.017,0.171,0.375","0.005,0.038,0.347,0.263,0.346",1.0,1.0,False,0.403673528428655,0.22416994408568205,0.6152677692227755,0.37419094285029,0.09613215526385477,SN=2=0.2710;SN=3-4=0.3501;SN=5-8=0.3672;SN=9-12=0.3492;SN>=13=0.3423,0.37419094285029,
391,,v11+v11plus+v14_avg3+v16_testhist_aug,4,TEMP,"0.183,0.154,0.296,0.367","0.004,0.103,0.337,0.556","0.007,0.063,0.918,0.012",0.5,0.5,True,0.40150002628741993,0.22739903353049953,0.6130364584546195,0.3741669156180917,0.09030237844674593,SN=2=0.2753;SN=3-4=0.3417;SN=5-8=0.3656;SN=9-12=0.3489;SN>=13=0.3474,0.3741669156180917,
392,87,v11+v11plus+v14_avg3+v16_testhist_aug,4,NONE,"0.183,0.154,0.296,0.367","0.004,0.103,0.337,0.556","0.007,0.063,0.918,0.012",1.0,1.0,False,0.40150002628741993,0.22739903353049953,0.6130364584546195,0.3741669156180917,0.09030237844674593,SN=2=0.2753;SN=3-4=0.3417;SN=5-8=0.3656;SN=9-12=0.3489;SN>=13=0.3474,0.3741669156180917,
393,,v11_aug+v11plus+v13+v14_avg3,4,TEMP,"0.218,0.180,0.311,0.292","0.217,0.099,0.302,0.381","0.002,0.068,0.150,0.780",0.5,0.5,True,0.4042684524090033,0.2241128249927009,0.6139498698043522,0.3741424849215521,0.09432548087634407,SN=2=0.2726;SN=3-4=0.3470;SN=5-8=0.3669;SN=9-12=0.3469;SN>=13=0.3442,0.3741424849215521,
394,88,v11_aug+v11plus+v13+v14_avg3,4,NONE,"0.218,0.180,0.311,0.292","0.217,0.099,0.302,0.381","0.002,0.068,0.150,0.780",1.0,1.0,False,0.4042684524090033,0.2241128249927009,0.6139498698043522,0.3741424849215521,0.09432548087634407,SN=2=0.2726;SN=3-4=0.3470;SN=5-8=0.3669;SN=9-12=0.3469;SN>=13=0.3442,0.3741424849215521,
395,,v11plus+v12_5f+v14_avg3,3,THR,"0.265,0.185,0.550","0.245,0.037,0.717","0.022,0.326,0.652",0.5,0.5,True,0.40270649156742966,0.2261593332539075,0.6143172715390075,0.37440978423633636,0.09895488134196845,SN=2=0.2685;SN=3-4=0.3496;SN=5-8=0.3675;SN=9-12=0.3472;SN>=13=0.3455,0.3741298677878304,
396,,v11+v11_aug+v12_5f+v13+v14_seed1,5,TEMP,"0.188,0.114,0.170,0.292,0.236","0.357,0.019,0.094,0.154,0.375","0.026,0.000,0.162,0.385,0.426",0.5,0.5,True,0.40171821992694834,0.2258356537463097,0.615468138066,0.3741151770825032,0.09434733184167027,SN=2=0.2725;SN=3-4=0.3488;SN=5-8=0.3669;SN=9-12=0.3509;SN>=13=0.3410,0.3741151770825032,
397,89,v11+v11_aug+v12_5f+v13+v14_seed1,5,NONE,"0.188,0.114,0.170,0.292,0.236","0.357,0.019,0.094,0.154,0.375","0.026,0.000,0.162,0.385,0.426",1.0,1.0,False,0.40171821992694834,0.2258356537463097,0.615468138066,0.3741151770825032,0.09434733184167027,SN=2=0.2725;SN=3-4=0.3488;SN=5-8=0.3669;SN=9-12=0.3509;SN>=13=0.3410,0.3741151770825032,
398,,v11+v11_aug+v11plus+v12_5f+v13,5,TEMP,"0.051,0.156,0.181,0.347,0.265","0.278,0.124,0.059,0.169,0.369","0.006,0.032,0.047,0.627,0.288",0.5,0.5,True,0.40393837642185526,0.22404422379348943,0.6142065195460071,0.37403434399533936,0.09421894628052402,SN=2=0.2734;SN=3-4=0.3468;SN=5-8=0.3677;SN=9-12=0.3495;SN>=13=0.3383,0.37403434399533936,
399,90,v11+v11_aug+v11plus+v12_5f+v13,5,NONE,"0.051,0.156,0.181,0.347,0.265","0.278,0.124,0.059,0.169,0.369","0.006,0.032,0.047,0.627,0.288",1.0,1.0,False,0.40393837642185526,0.22404422379348943,0.6142065195460071,0.37403434399533936,0.09421894628052402,SN=2=0.2734;SN=3-4=0.3468;SN=5-8=0.3677;SN=9-12=0.3495;SN>=13=0.3383,0.37403434399533936,
400,,v11+v11plus+v12_5f+v16_testhist_aug,4,TEMP,"0.186,0.136,0.349,0.328","0.328,0.036,0.248,0.388","0.045,0.041,0.581,0.333",0.5,0.5,True,0.4017344085784447,0.22697589669435625,0.6124986971227374,0.3739838615336679,0.09496640252414373,SN=2=0.2730;SN=3-4=0.3453;SN=5-8=0.3679;SN=9-12=0.3513;SN>=13=0.3425,0.3739838615336679,
401,91,v11+v11plus+v12_5f+v16_testhist_aug,4,NONE,"0.186,0.136,0.349,0.328","0.328,0.036,0.248,0.388","0.045,0.041,0.581,0.333",1.0,1.0,False,0.4017344085784447,0.22697589669435625,0.6124986971227374,0.3739838615336679,0.09496640252414373,SN=2=0.2730;SN=3-4=0.3453;SN=5-8=0.3679;SN=9-12=0.3513;SN>=13=0.3425,0.3739838615336679,
402,,v11_aug+v14_seed2+v16_testhist_aug,3,TEMP,"0.385,0.391,0.224","0.131,0.383,0.486","0.015,0.757,0.227",0.5,0.5,True,0.4005975245287313,0.22886479697229167,0.6109612021187366,0.3739771690241565,0.0850791109248763,SN=2=0.2751;SN=3-4=0.3436;SN=5-8=0.3602;SN=9-12=0.3459;SN>=13=0.3436,0.3739771690241565,
403,92,v11_aug+v14_seed2+v16_testhist_aug,3,NONE,"0.385,0.391,0.224","0.131,0.383,0.486","0.015,0.757,0.227",1.0,1.0,False,0.4005975245287313,0.22886479697229167,0.6109612021187366,0.3739771690241565,0.0850791109248763,SN=2=0.2751;SN=3-4=0.3436;SN=5-8=0.3602;SN=9-12=0.3459;SN>=13=0.3436,0.3739771690241565,
404,,v11_aug+v11plus+v12_5f+v13+v14_seed1,5,TEMP,"0.219,0.143,0.227,0.241,0.171","0.216,0.175,0.034,0.143,0.433","0.029,0.042,0.190,0.412,0.328",0.5,0.5,True,0.403946185549395,0.22330465687090464,0.6152004125062382,0.3739404194693675,0.09469406952928172,SN=2=0.2721;SN=3-4=0.3489;SN=5-8=0.3668;SN=9-12=0.3463;SN>=13=0.3438,0.3739404194693675,
405,93,v11_aug+v11plus+v12_5f+v13+v14_seed1,5,NONE,"0.219,0.143,0.227,0.241,0.171","0.216,0.175,0.034,0.143,0.433","0.029,0.042,0.190,0.412,0.328",1.0,1.0,False,0.403946185549395,0.22330465687090464,0.6152004125062382,0.3739404194693675,0.09469406952928172,SN=2=0.2721;SN=3-4=0.3489;SN=5-8=0.3668;SN=9-12=0.3463;SN>=13=0.3438,0.3739404194693675,
406,,v11_aug+v11plus+v12_5f+v13+v14_avg3,5,TEMP,"0.218,0.211,0.283,0.235,0.053","0.236,0.178,0.124,0.023,0.439","0.031,0.032,0.435,0.240,0.263",0.5,0.5,True,0.4034648598434742,0.22372015605320827,0.615198970273666,0.3739138004134062,0.09399603634166143,SN=2=0.2715;SN=3-4=0.3485;SN=5-8=0.3655;SN=9-12=0.3469;SN>=13=0.3428,0.3739138004134062,
407,94,v11_aug+v11plus+v12_5f+v13+v14_avg3,5,NONE,"0.218,0.211,0.283,0.235,0.053","0.236,0.178,0.124,0.023,0.439","0.031,0.032,0.435,0.240,0.263",1.0,1.0,False,0.4034648598434742,0.22372015605320827,0.615198970273666,0.3739138004134062,0.09399603634166143,SN=2=0.2715;SN=3-4=0.3485;SN=5-8=0.3655;SN=9-12=0.3469;SN>=13=0.3428,0.3739138004134062,
408,,v11+v11_aug+v13+v14_seed1,4,TEMP,"0.192,0.190,0.272,0.346","0.278,0.112,0.174,0.436","0.038,0.036,0.260,0.666",0.5,0.5,True,0.4020050986203516,0.22560747662102423,0.6142571008205189,0.3738964502606541,0.0935897170106395,SN=2=0.2717;SN=3-4=0.3478;SN=5-8=0.3653;SN=9-12=0.3534;SN>=13=0.3413,0.3738964502606541,
409,95,v11+v11_aug+v13+v14_seed1,4,NONE,"0.192,0.190,0.272,0.346","0.278,0.112,0.174,0.436","0.038,0.036,0.260,0.666",1.0,1.0,False,0.4020050986203516,0.22560747662102423,0.6142571008205189,0.3738964502606541,0.0935897170106395,SN=2=0.2717;SN=3-4=0.3478;SN=5-8=0.3653;SN=9-12=0.3534;SN>=13=0.3413,0.3738964502606541,
410,,v11+v11plus+v14_seed2+v16_testhist_aug,4,TEMP,"0.149,0.182,0.285,0.385","0.066,0.030,0.333,0.572","0.009,0.028,0.886,0.078",0.5,0.5,True,0.40135066353913157,0.2276383124262583,0.6113585512187016,0.3738673006298963,0.0867781882927624,SN=2=0.2764;SN=3-4=0.3416;SN=5-8=0.3632;SN=9-12=0.3492;SN>=13=0.3446,0.3738673006298963,
411,96,v11+v11plus+v14_seed2+v16_testhist_aug,4,NONE,"0.149,0.182,0.285,0.385","0.066,0.030,0.333,0.572","0.009,0.028,0.886,0.078",1.0,1.0,False,0.40135066353913157,0.2276383124262583,0.6113585512187016,0.3738673006298963,0.0867781882927624,SN=2=0.2764;SN=3-4=0.3416;SN=5-8=0.3632;SN=9-12=0.3492;SN>=13=0.3446,0.3738673006298963,
412,,v11+v11_aug+v11plus+v13+v14_seed2,5,TEMP,"0.095,0.099,0.157,0.353,0.296","0.383,0.063,0.041,0.111,0.402","0.023,0.017,0.010,0.475,0.474",0.5,0.5,True,0.40262779599157716,0.22545899595915314,0.6131437740067367,0.37386347158163946,0.09422311313543791,SN=2=0.2711;SN=3-4=0.3485;SN=5-8=0.3654;SN=9-12=0.3518;SN>=13=0.3409,0.37386347158163946,
413,97,v11+v11_aug+v11plus+v13+v14_seed2,5,NONE,"0.095,0.099,0.157,0.353,0.296","0.383,0.063,0.041,0.111,0.402","0.023,0.017,0.010,0.475,0.474",1.0,1.0,False,0.40262779599157716,0.22545899595915314,0.6131437740067367,0.37386347158163946,0.09422311313543791,SN=2=0.2711;SN=3-4=0.3485;SN=5-8=0.3654;SN=9-12=0.3518;SN>=13=0.3409,0.37386347158163946,
414,,v11+v12_5f+v14_avg3+v16_testhist_aug,4,TEMP,"0.239,0.390,0.022,0.349","0.245,0.056,0.289,0.410","0.005,0.314,0.591,0.089",0.5,0.5,True,0.3995270540464053,0.22812336705265968,0.6139164699091805,0.37384346242146216,0.09305824584787953,SN=2=0.2742;SN=3-4=0.3450;SN=5-8=0.3673;SN=9-12=0.3496;SN>=13=0.3449,0.37384346242146216,
415,98,v11+v12_5f+v14_avg3+v16_testhist_aug,4,NONE,"0.239,0.390,0.022,0.349","0.245,0.056,0.289,0.410","0.005,0.314,0.591,0.089",1.0,1.0,False,0.3995270540464053,0.22812336705265968,0.6139164699091805,0.37384346242146216,0.09305824584787953,SN=2=0.2742;SN=3-4=0.3450;SN=5-8=0.3673;SN=9-12=0.3496;SN>=13=0.3449,0.37384346242146216,
416,,v11+v12_5f+v14_seed2+v16_testhist_aug,4,TEMP,"0.271,0.255,0.050,0.424","0.093,0.034,0.321,0.551","0.043,0.520,0.332,0.105",0.5,0.5,True,0.39939437366131275,0.2284772124540401,0.6134133634128263,0.37383130712870644,0.08875801791331261,SN=2=0.2770;SN=3-4=0.3432;SN=5-8=0.3658;SN=9-12=0.3462;SN>=13=0.3427,0.37383130712870644,
417,99,v11+v12_5f+v14_seed2+v16_testhist_aug,4,NONE,"0.271,0.255,0.050,0.424","0.093,0.034,0.321,0.551","0.043,0.520,0.332,0.105",1.0,1.0,False,0.39939437366131275,0.2284772124540401,0.6134133634128263,0.37383130712870644,0.08875801791331261,SN=2=0.2770;SN=3-4=0.3432;SN=5-8=0.3658;SN=9-12=0.3462;SN>=13=0.3427,0.37383130712870644,
418,,v11+v12_5f+v14_seed0+v16_testhist_aug,4,TEMP,"0.233,0.309,0.081,0.378","0.298,0.190,0.137,0.375","0.008,0.572,0.367,0.053",0.5,0.5,True,0.39943064937524775,0.22848294492487975,0.6132558622100637,0.37381661016206374,0.09396766469000511,SN=2=0.2731;SN=3-4=0.3458;SN=5-8=0.3671;SN=9-12=0.3493;SN>=13=0.3452,0.37381661016206374,
419,100,v11+v12_5f+v14_seed0+v16_testhist_aug,4,NONE,"0.233,0.309,0.081,0.378","0.298,0.190,0.137,0.375","0.008,0.572,0.367,0.053",1.0,1.0,False,0.39943064937524775,0.22848294492487975,0.6132558622100637,0.37381661016206374,0.09396766469000511,SN=2=0.2731;SN=3-4=0.3458;SN=5-8=0.3671;SN=9-12=0.3493;SN>=13=0.3452,0.37381661016206374,
420,,v11+v11_aug+v11plus+v13+v14_avg3,5,TEMP,"0.172,0.153,0.185,0.273,0.217","0.246,0.144,0.053,0.097,0.461","0.100,0.029,0.026,0.220,0.625",0.5,0.5,True,0.40233659847214986,0.22640687844624088,0.6115521664036193,0.3738078240480802,0.09374880907044086,SN=2=0.2715;SN=3-4=0.3463;SN=5-8=0.3652;SN=9-12=0.3503;SN>=13=0.3378,0.3738078240480802,
421,101,v11+v11_aug+v11plus+v13+v14_avg3,5,NONE,"0.172,0.153,0.185,0.273,0.217","0.246,0.144,0.053,0.097,0.461","0.100,0.029,0.026,0.220,0.625",1.0,1.0,False,0.40233659847214986,0.22640687844624088,0.6115521664036193,0.3738078240480802,0.09374880907044086,SN=2=0.2715;SN=3-4=0.3463;SN=5-8=0.3652;SN=9-12=0.3503;SN>=13=0.3378,0.3738078240480802,
422,,v11_aug+v11plus+v13+v14_seed1,4,TEMP,"0.194,0.210,0.303,0.293","0.210,0.061,0.379,0.350","0.010,0.083,0.301,0.606",0.5,0.5,True,0.404182888743119,0.2230355513395354,0.6143255062084515,0.3737524772747521,0.09122217698843715,SN=2=0.2732;SN=3-4=0.3462;SN=5-8=0.3645;SN=9-12=0.3477;SN>=13=0.3428,0.3737524772747521,
423,102,v11_aug+v11plus+v13+v14_seed1,4,NONE,"0.194,0.210,0.303,0.293","0.210,0.061,0.379,0.350","0.010,0.083,0.301,0.606",1.0,1.0,False,0.404182888743119,0.2230355513395354,0.6143255062084515,0.3737524772747521,0.09122217698843715,SN=2=0.2732;SN=3-4=0.3462;SN=5-8=0.3645;SN=9-12=0.3477;SN>=13=0.3428,0.3737524772747521,
424,,v11+v12_5f+v14_seed1+v16_testhist_aug,4,TEMP,"0.290,0.374,0.015,0.321","0.295,0.161,0.281,0.263","0.029,0.358,0.452,0.161",0.5,0.5,True,0.3997152205256826,0.22749319631615011,0.614283901759104,0.3737401470885539,0.09383355202411248,SN=2=0.2737;SN=3-4=0.3473;SN=5-8=0.3675;SN=9-12=0.3504;SN>=13=0.3422,0.3737401470885539,
425,103,v11+v12_5f+v14_seed1+v16_testhist_aug,4,NONE,"0.290,0.374,0.015,0.321","0.295,0.161,0.281,0.263","0.029,0.358,0.452,0.161",1.0,1.0,False,0.3997152205256826,0.22749319631615011,0.614283901759104,0.3737401470885539,0.09383355202411248,SN=2=0.2737;SN=3-4=0.3473;SN=5-8=0.3675;SN=9-12=0.3504;SN>=13=0.3422,0.3737401470885539,
426,,v11_aug+v11plus+v13+v14_seed2,4,TEMP,"0.182,0.174,0.261,0.382","0.207,0.176,0.212,0.405","0.006,0.035,0.249,0.710",0.5,0.5,True,0.40338235816354523,0.22423601452215075,0.6132815922002056,0.3737036675143195,0.09536089097304429,SN=2=0.2715;SN=3-4=0.3471;SN=5-8=0.3669;SN=9-12=0.3476;SN>=13=0.3415,0.3737036675143195,
427,104,v11_aug+v11plus+v13+v14_seed2,4,NONE,"0.182,0.174,0.261,0.382","0.207,0.176,0.212,0.405","0.006,0.035,0.249,0.710",1.0,1.0,False,0.40338235816354523,0.22423601452215075,0.6132815922002056,0.3737036675143195,0.09536089097304429,SN=2=0.2715;SN=3-4=0.3471;SN=5-8=0.3669;SN=9-12=0.3476;SN>=13=0.3415,0.3737036675143195,
428,,v11_aug+v11plus+v12_5f+v13+v14_seed0,5,TEMP,"0.260,0.170,0.213,0.342,0.016","0.193,0.104,0.055,0.353,0.295","0.019,0.022,0.712,0.236,0.011",0.5,0.5,True,0.40363078958784737,0.223406856532501,0.6144317858778487,0.3737014156237092,0.08929915583704945,SN=2=0.2754;SN=3-4=0.3460;SN=5-8=0.3647;SN=9-12=0.3450;SN>=13=0.3396,0.3737014156237092,
429,105,v11_aug+v11plus+v12_5f+v13+v14_seed0,5,NONE,"0.260,0.170,0.213,0.342,0.016","0.193,0.104,0.055,0.353,0.295","0.019,0.022,0.712,0.236,0.011",1.0,1.0,False,0.40363078958784737,0.223406856532501,0.6144317858778487,0.3737014156237092,0.08929915583704945,SN=2=0.2754;SN=3-4=0.3460;SN=5-8=0.3647;SN=9-12=0.3450;SN>=13=0.3396,0.3737014156237092,
430,,v11plus+v12_5f+v14_seed1+v16_testhist_aug,4,TEMP,"0.364,0.194,0.193,0.250","0.071,0.107,0.210,0.612","0.044,0.275,0.607,0.074",0.5,0.5,True,0.4001095332536542,0.2268824829112958,0.6144710677387002,0.37369102001372007,0.08387147609409784,SN=2=0.2771;SN=3-4=0.3412;SN=5-8=0.3610;SN=9-12=0.3471;SN>=13=0.3470,0.37369102001372007,
431,106,v11plus+v12_5f+v14_seed1+v16_testhist_aug,4,NONE,"0.364,0.194,0.193,0.250","0.071,0.107,0.210,0.612","0.044,0.275,0.607,0.074",1.0,1.0,False,0.4001095332536542,0.2268824829112958,0.6144710677387002,0.37369102001372007,0.08387147609409784,SN=2=0.2771;SN=3-4=0.3412;SN=5-8=0.3610;SN=9-12=0.3471;SN>=13=0.3470,0.37369102001372007,
432,,v11+v11plus+v14_seed1+v16_testhist_aug,4,TEMP,"0.175,0.219,0.377,0.229","0.295,0.029,0.373,0.302","0.021,0.020,0.797,0.162",0.5,0.5,True,0.40170156279289865,0.22589601296306636,0.6132429576113523,0.3736876218246565,0.09416970059823765,SN=2=0.2728;SN=3-4=0.3434;SN=5-8=0.3670;SN=9-12=0.3530;SN>=13=0.3424,0.3736876218246565,
433,107,v11+v11plus+v14_seed1+v16_testhist_aug,4,NONE,"0.175,0.219,0.377,0.229","0.295,0.029,0.373,0.302","0.021,0.020,0.797,0.162",1.0,1.0,False,0.40170156279289865,0.22589601296306636,0.6132429576113523,0.3736876218246565,0.09416970059823765,SN=2=0.2728;SN=3-4=0.3434;SN=5-8=0.3670;SN=9-12=0.3530;SN>=13=0.3424,0.3736876218246565,
434,,v11+v11_aug+v12_5f+v13+v14_seed0,5,TEMP,"0.185,0.265,0.222,0.281,0.047","0.283,0.117,0.074,0.138,0.388","0.024,0.015,0.298,0.184,0.479",0.5,0.5,True,0.40152228864561984,0.2254629185824561,0.6143109196926356,0.3736562668297575,0.09069041370213499,SN=2=0.2727;SN=3-4=0.3463;SN=5-8=0.3634;SN=9-12=0.3528;SN>=13=0.3416,0.3736562668297575,
435,108,v11+v11_aug+v12_5f+v13+v14_seed0,5,NONE,"0.185,0.265,0.222,0.281,0.047","0.283,0.117,0.074,0.138,0.388","0.024,0.015,0.298,0.184,0.479",1.0,1.0,False,0.40152228864561984,0.2254629185824561,0.6143109196926356,0.3736562668297575,0.09069041370213499,SN=2=0.2727;SN=3-4=0.3463;SN=5-8=0.3634;SN=9-12=0.3528;SN>=13=0.3416,0.3736562668297575,
436,,v11plus+v12_5f+v14_avg3+v16_testhist_aug,4,TEMP,"0.305,0.310,0.002,0.382","0.084,0.103,0.257,0.556","0.041,0.397,0.556,0.007",0.5,0.5,True,0.39966752479718676,0.22722397060618219,0.614384030075559,0.3736334041764594,0.08396833631874451,SN=2=0.2759;SN=3-4=0.3426;SN=5-8=0.3599;SN=9-12=0.3461;SN>=13=0.3471,0.3736334041764594,
437,109,v11plus+v12_5f+v14_avg3+v16_testhist_aug,4,NONE,"0.305,0.310,0.002,0.382","0.084,0.103,0.257,0.556","0.041,0.397,0.556,0.007",1.0,1.0,False,0.39966752479718676,0.22722397060618219,0.614384030075559,0.3736334041764594,0.08396833631874451,SN=2=0.2759;SN=3-4=0.3426;SN=5-8=0.3599;SN=9-12=0.3461;SN>=13=0.3471,0.3736334041764594,
438,,v11+v11_aug+v12_5f+v13+v14_seed2,5,TEMP,"0.112,0.294,0.137,0.267,0.190","0.340,0.119,0.003,0.127,0.410","0.021,0.004,0.162,0.341,0.472",0.5,0.5,True,0.4015096112556199,0.2252456182688689,0.6144816600623635,0.3735984238222682,0.09044420300013756,SN=2=0.2717;SN=3-4=0.3480;SN=5-8=0.3621;SN=9-12=0.3503;SN>=13=0.3406,0.3735984238222682,
439,110,v11+v11_aug+v12_5f+v13+v14_seed2,5,NONE,"0.112,0.294,0.137,0.267,0.190","0.340,0.119,0.003,0.127,0.410","0.021,0.004,0.162,0.341,0.472",1.0,1.0,False,0.4015096112556199,0.2252456182688689,0.6144816600623635,0.3735984238222682,0.09044420300013756,SN=2=0.2717;SN=3-4=0.3480;SN=5-8=0.3621;SN=9-12=0.3503;SN>=13=0.3406,0.3735984238222682,
440,,v11plus+v12_5f+v14_seed2+v16_testhist_aug,4,TEMP,"0.320,0.302,0.075,0.304","0.087,0.229,0.088,0.596","0.030,0.488,0.357,0.124",0.5,0.5,True,0.39964879325552904,0.22734370666358278,0.6137623704941156,0.3735494740664678,0.08465006690633398,SN=2=0.2766;SN=3-4=0.3432;SN=5-8=0.3613;SN=9-12=0.3446;SN>=13=0.3445,0.3735494740664678,
441,111,v11plus+v12_5f+v14_seed2+v16_testhist_aug,4,NONE,"0.320,0.302,0.075,0.304","0.087,0.229,0.088,0.596","0.030,0.488,0.357,0.124",1.0,1.0,False,0.39964879325552904,0.22734370666358278,0.6137623704941156,0.3735494740664678,0.08465006690633398,SN=2=0.2766;SN=3-4=0.3432;SN=5-8=0.3613;SN=9-12=0.3446;SN>=13=0.3445,0.3735494740664678,
442,,v11+v11plus+v12_5f,3,THR,"0.166,0.210,0.625","0.518,0.002,0.480","0.023,0.026,0.951",0.5,0.5,True,0.4044587377017651,0.223546980531309,0.6120921929812264,0.373620725889475,0.0985748206933808,SN=2=0.2697;SN=3-4=0.3500;SN=5-8=0.3683;SN=9-12=0.3484;SN>=13=0.3374,0.3735308397652629,
443,,v11+v11_aug+v13+v14_avg3,4,TEMP,"0.234,0.232,0.292,0.242","0.373,0.118,0.125,0.384","0.032,0.032,0.070,0.866",0.5,0.5,True,0.40165073827926273,0.22555297123057053,0.6132337823554481,0.37352824027502296,0.0919674636909093,SN=2=0.2710;SN=3-4=0.3458;SN=5-8=0.3629;SN=9-12=0.3532;SN>=13=0.3409,0.37352824027502296,
444,112,v11+v11_aug+v13+v14_avg3,4,NONE,"0.234,0.232,0.292,0.242","0.373,0.118,0.125,0.384","0.032,0.032,0.070,0.866",1.0,1.0,False,0.40165073827926273,0.22555297123057053,0.6132337823554481,0.37352824027502296,0.0919674636909093,SN=2=0.2710;SN=3-4=0.3458;SN=5-8=0.3629;SN=9-12=0.3532;SN>=13=0.3409,0.37352824027502296,
445,,v11+v11plus+v14_seed0+v16_testhist_aug,4,TEMP,"0.251,0.148,0.279,0.321","0.251,0.009,0.263,0.476","0.031,0.012,0.944,0.013",0.5,0.5,True,0.401206161559192,0.2271959850288227,0.6107809849278841,0.3735170556207827,0.09410309368723047,SN=2=0.2728;SN=3-4=0.3428;SN=5-8=0.3669;SN=9-12=0.3538;SN>=13=0.3467,0.3735170556207827,
446,113,v11+v11plus+v14_seed0+v16_testhist_aug,4,NONE,"0.251,0.148,0.279,0.321","0.251,0.009,0.263,0.476","0.031,0.012,0.944,0.013",1.0,1.0,False,0.401206161559192,0.2271959850288227,0.6107809849278841,0.3735170556207827,0.09410309368723047,SN=2=0.2728;SN=3-4=0.3428;SN=5-8=0.3669;SN=9-12=0.3538;SN>=13=0.3467,0.3735170556207827,
447,,v11+v11_aug+v12_5f+v13+v14_avg3,5,TEMP,"0.208,0.154,0.185,0.346,0.107","0.408,0.038,0.091,0.215,0.248","0.002,0.007,0.425,0.235,0.331",0.5,0.5,True,0.40110903507760454,0.22493110558521243,0.6152804844665809,0.373472153158443,0.09212565256257726,SN=2=0.2723;SN=3-4=0.3476;SN=5-8=0.3644;SN=9-12=0.3508;SN>=13=0.3416,0.373472153158443,
448,114,v11+v11_aug+v12_5f+v13+v14_avg3,5,NONE,"0.208,0.154,0.185,0.346,0.107","0.408,0.038,0.091,0.215,0.248","0.002,0.007,0.425,0.235,0.331",1.0,1.0,False,0.40110903507760454,0.22493110558521243,0.6152804844665809,0.373472153158443,0.09212565256257726,SN=2=0.2723;SN=3-4=0.3476;SN=5-8=0.3644;SN=9-12=0.3508;SN>=13=0.3416,0.373472153158443,
449,,v11+v11plus+v12_5f+v13+v14_seed0,5,TEMP,"0.163,0.193,0.156,0.347,0.142","0.353,0.069,0.114,0.157,0.307","0.007,0.022,0.348,0.357,0.267",0.5,0.5,True,0.40017645270599833,0.22587369880953387,0.6151391093711559,0.3734478824804441,0.09654254434144571,SN=2=0.2714;SN=3-4=0.3476;SN=5-8=0.3680;SN=9-12=0.3518;SN>=13=0.3432,0.3734478824804441,
450,115,v11+v11plus+v12_5f+v13+v14_seed0,5,NONE,"0.163,0.193,0.156,0.347,0.142","0.353,0.069,0.114,0.157,0.307","0.007,0.022,0.348,0.357,0.267",1.0,1.0,False,0.40017645270599833,0.22587369880953387,0.6151391093711559,0.3734478824804441,0.09654254434144571,SN=2=0.2714;SN=3-4=0.3476;SN=5-8=0.3680;SN=9-12=0.3518;SN>=13=0.3432,0.3734478824804441,
451,,v11+v11plus+v13+v14_avg3,4,TEMP,"0.138,0.194,0.386,0.282","0.356,0.039,0.269,0.336","0.011,0.049,0.313,0.627",0.5,0.5,True,0.40008946224364206,0.22618005031743108,0.6146212925976097,0.3734320635439512,0.09556708271468362,SN=2=0.2724;SN=3-4=0.3471;SN=5-8=0.3680;SN=9-12=0.3509;SN>=13=0.3396,0.3734320635439512,
452,116,v11+v11plus+v13+v14_avg3,4,NONE,"0.138,0.194,0.386,0.282","0.356,0.039,0.269,0.336","0.011,0.049,0.313,0.627",1.0,1.0,False,0.40008946224364206,0.22618005031743108,0.6146212925976097,0.3734320635439512,0.09556708271468362,SN=2=0.2724;SN=3-4=0.3471;SN=5-8=0.3680;SN=9-12=0.3509;SN>=13=0.3396,0.3734320635439512,
453,,v11_aug+v14_seed0+v16_testhist_aug,3,TEMP,"0.355,0.371,0.275","0.126,0.368,0.507","0.024,0.630,0.345",0.5,0.5,True,0.4009210284690052,0.2273328392009771,0.6105419918092543,0.37340994542984374,0.08670919258556681,SN=2=0.2755;SN=3-4=0.3432;SN=5-8=0.3622;SN=9-12=0.3450;SN>=13=0.3440,0.37340994542984374,
454,117,v11_aug+v14_seed0+v16_testhist_aug,3,NONE,"0.355,0.371,0.275","0.126,0.368,0.507","0.024,0.630,0.345",1.0,1.0,False,0.4009210284690052,0.2273328392009771,0.6105419918092543,0.37340994542984374,0.08670919258556681,SN=2=0.2755;SN=3-4=0.3432;SN=5-8=0.3622;SN=9-12=0.3450;SN>=13=0.3440,0.37340994542984374,
455,,v11+v11plus+v12_5f+v13+v14_seed1,5,TEMP,"0.123,0.124,0.276,0.316,0.161","0.325,0.014,0.001,0.279,0.381","0.013,0.023,0.376,0.161,0.427",0.5,0.5,True,0.4001870802138138,0.22514492595447394,0.6157759837636692,0.37328799922004896,0.09329106237746765,SN=2=0.2733;SN=3-4=0.3476;SN=5-8=0.3666;SN=9-12=0.3493;SN>=13=0.3419,0.37328799922004896,
456,118,v11+v11plus+v12_5f+v13+v14_seed1,5,NONE,"0.123,0.124,0.276,0.316,0.161","0.325,0.014,0.001,0.279,0.381","0.013,0.023,0.376,0.161,0.427",1.0,1.0,False,0.4001870802138138,0.22514492595447394,0.6157759837636692,0.37328799922004896,0.09329106237746765,SN=2=0.2733;SN=3-4=0.3476;SN=5-8=0.3666;SN=9-12=0.3493;SN>=13=0.3419,0.37328799922004896,
457,,v11+v12_5f+v16_testhist_aug,3,TEMP,"0.276,0.383,0.340","0.330,0.268,0.402","0.014,0.583,0.404",0.5,0.5,True,0.3998950077320521,0.22678431911208735,0.6128091702744263,0.37323356479254105,0.09450123317454628,SN=2=0.2729;SN=3-4=0.3468;SN=5-8=0.3674;SN=9-12=0.3487;SN>=13=0.3420,0.37323356479254105,
458,119,v11+v12_5f+v16_testhist_aug,3,NONE,"0.276,0.383,0.340","0.330,0.268,0.402","0.014,0.583,0.404",1.0,1.0,False,0.3998950077320521,0.22678431911208735,0.6128091702744263,0.37323356479254105,0.09450123317454628,SN=2=0.2729;SN=3-4=0.3468;SN=5-8=0.3674;SN=9-12=0.3487;SN>=13=0.3420,0.37323356479254105,
459,,v11plus+v12_5f+v14_seed0+v16_testhist_aug,4,TEMP,"0.328,0.256,0.138,0.277","0.081,0.084,0.217,0.617","0.035,0.541,0.318,0.107",0.5,0.5,True,0.399632808197994,0.22661039813236653,0.6135929052791019,0.3732158635879646,0.0856727918359319,SN=2=0.2761;SN=3-4=0.3423;SN=5-8=0.3618;SN=9-12=0.3480;SN>=13=0.3464,0.3732158635879646,
460,120,v11plus+v12_5f+v14_seed0+v16_testhist_aug,4,NONE,"0.328,0.256,0.138,0.277","0.081,0.084,0.217,0.617","0.035,0.541,0.318,0.107",1.0,1.0,False,0.399632808197994,0.22661039813236653,0.6135929052791019,0.3732158635879646,0.0856727918359319,SN=2=0.2761;SN=3-4=0.3423;SN=5-8=0.3618;SN=9-12=0.3480;SN>=13=0.3464,0.3732158635879646,
461,,v11+v11plus+v14_seed2,3,THR,"0.312,0.195,0.494","0.314,0.095,0.591","0.049,0.018,0.933",0.5,0.5,True,0.4022233960760272,0.23107977080874234,0.6110426750578596,0.37552980176547973,0.10306766987167032,SN=2=0.2702;SN=3-4=0.3478;SN=5-8=0.3732;SN=9-12=0.3550;SN>=13=0.3428,0.37319349105212285,
462,,v11+v11_aug+v13+v14_seed2,4,TEMP,"0.192,0.234,0.311,0.263","0.386,0.023,0.222,0.369","0.015,0.042,0.481,0.462",0.5,0.5,True,0.4015616263314946,0.2251339238414754,0.6124658001112915,0.37317138009144635,0.09116659162204516,SN=2=0.2708;SN=3-4=0.3473;SN=5-8=0.3619;SN=9-12=0.3511;SN>=13=0.3385,0.37317138009144635,
463,121,v11+v11_aug+v13+v14_seed2,4,NONE,"0.192,0.234,0.311,0.263","0.386,0.023,0.222,0.369","0.015,0.042,0.481,0.462",1.0,1.0,False,0.4015616263314946,0.2251339238414754,0.6124658001112915,0.37317138009144635,0.09116659162204516,SN=2=0.2708;SN=3-4=0.3473;SN=5-8=0.3619;SN=9-12=0.3511;SN>=13=0.3385,0.37317138009144635,
464,,v11+v14_seed1+v16_testhist_aug,3,TEMP,"0.350,0.286,0.365","0.082,0.380,0.538","0.038,0.758,0.205",0.5,0.5,True,0.3992678063757148,0.22714547338181204,0.6129297984252589,0.37315127158806255,0.08939654342268982,SN=2=0.2762;SN=3-4=0.3418;SN=5-8=0.3656;SN=9-12=0.3468;SN>=13=0.3442,0.37315127158806255,
465,122,v11+v14_seed1+v16_testhist_aug,3,NONE,"0.350,0.286,0.365","0.082,0.380,0.538","0.038,0.758,0.205",1.0,1.0,False,0.3992678063757148,0.22714547338181204,0.6129297984252589,0.37315127158806255,0.08939654342268982,SN=2=0.2762;SN=3-4=0.3418;SN=5-8=0.3656;SN=9-12=0.3468;SN>=13=0.3442,0.37315127158806255,
466,,v11+v11plus+v12_5f+v13+v14_seed2,5,TEMP,"0.120,0.146,0.200,0.405,0.129","0.374,0.051,0.149,0.121,0.304","0.006,0.023,0.351,0.222,0.398",0.5,0.5,True,0.3994022016688919,0.2258504386280223,0.6151469640931746,0.37313044893740066,0.09482795699910873,SN=2=0.2725;SN=3-4=0.3492;SN=5-8=0.3673;SN=9-12=0.3481;SN>=13=0.3394,0.37313044893740066,
467,123,v11+v11plus+v12_5f+v13+v14_seed2,5,NONE,"0.120,0.146,0.200,0.405,0.129","0.374,0.051,0.149,0.121,0.304","0.006,0.023,0.351,0.222,0.398",1.0,1.0,False,0.3994022016688919,0.2258504386280223,0.6151469640931746,0.37313044893740066,0.09482795699910873,SN=2=0.2725;SN=3-4=0.3492;SN=5-8=0.3673;SN=9-12=0.3481;SN>=13=0.3394,0.37313044893740066,
468,,v11plus+v14_avg3+v16_testhist_aug,3,TEMP,"0.278,0.375,0.347","0.112,0.353,0.534","0.032,0.892,0.076",0.5,0.5,True,0.39896135376313585,0.2272587007483759,0.6131250179701518,0.3731130253986351,0.08582846687769852,SN=2=0.2746;SN=3-4=0.3432;SN=5-8=0.3604;SN=9-12=0.3467;SN>=13=0.3464,0.3731130253986351,
469,124,v11plus+v14_avg3+v16_testhist_aug,3,NONE,"0.278,0.375,0.347","0.112,0.353,0.534","0.032,0.892,0.076",1.0,1.0,False,0.39896135376313585,0.2272587007483759,0.6131250179701518,0.3731130253986351,0.08582846687769852,SN=2=0.2746;SN=3-4=0.3432;SN=5-8=0.3604;SN=9-12=0.3467;SN>=13=0.3464,0.3731130253986351,
470,,v11+v11_aug+v13+v14_seed0,4,TEMP,"0.241,0.103,0.326,0.330","0.345,0.116,0.167,0.373","0.035,0.035,0.406,0.523",0.5,0.5,True,0.40105831554433685,0.22550883034463615,0.6122881942854799,0.3730844972126852,0.09499716269433622,SN=2=0.2707;SN=3-4=0.3458;SN=5-8=0.3657;SN=9-12=0.3518;SN>=13=0.3418,0.3730844972126852,
471,125,v11+v11_aug+v13+v14_seed0,4,NONE,"0.241,0.103,0.326,0.330","0.345,0.116,0.167,0.373","0.035,0.035,0.406,0.523",1.0,1.0,False,0.40105831554433685,0.22550883034463615,0.6122881942854799,0.3730844972126852,0.09499716269433622,SN=2=0.2707;SN=3-4=0.3458;SN=5-8=0.3657;SN=9-12=0.3518;SN>=13=0.3418,0.3730844972126852,
472,,v11plus+v12_5f+v16_testhist_aug,3,TEMP,"0.282,0.299,0.419","0.110,0.265,0.625","0.036,0.629,0.335",0.5,0.5,True,0.3997931869635794,0.22628179088042844,0.6130863891568296,0.3730472689689691,0.08477275683091434,SN=2=0.2762;SN=3-4=0.3429;SN=5-8=0.3610;SN=9-12=0.3432;SN>=13=0.3444,0.3730472689689691,
473,126,v11plus+v12_5f+v16_testhist_aug,3,NONE,"0.282,0.299,0.419","0.110,0.265,0.625","0.036,0.629,0.335",1.0,1.0,False,0.3997931869635794,0.22628179088042844,0.6130863891568296,0.3730472689689691,0.08477275683091434,SN=2=0.2762;SN=3-4=0.3429;SN=5-8=0.3610;SN=9-12=0.3432;SN>=13=0.3444,0.3730472689689691,
474,,v11+v11plus+v12_5f+v13+v14_avg3,5,TEMP,"0.161,0.157,0.093,0.335,0.254","0.324,0.046,0.115,0.112,0.402","0.030,0.037,0.297,0.249,0.386",0.5,0.5,True,0.39966302119056396,0.2250117330111922,0.6154422249090212,0.37295834666250677,0.09467962904146648,SN=2=0.2723;SN=3-4=0.3462;SN=5-8=0.3670;SN=9-12=0.3502;SN>=13=0.3420,0.37295834666250677,
475,127,v11+v11plus+v12_5f+v13+v14_avg3,5,NONE,"0.161,0.157,0.093,0.335,0.254","0.324,0.046,0.115,0.112,0.402","0.030,0.037,0.297,0.249,0.386",1.0,1.0,False,0.39966302119056396,0.2250117330111922,0.6154422249090212,0.37295834666250677,0.09467962904146648,SN=2=0.2723;SN=3-4=0.3462;SN=5-8=0.3670;SN=9-12=0.3502;SN>=13=0.3420,0.37295834666250677,
476,,v11+v11_aug+v12_5f+v13,4,TEMP,"0.263,0.103,0.277,0.357","0.350,0.161,0.268,0.220","0.029,0.025,0.721,0.225",0.5,0.5,True,0.40133604211733054,0.22402225559272676,0.6140323930650223,0.3729497976970274,0.094506986312971,SN=2=0.2723;SN=3-4=0.3475;SN=5-8=0.3668;SN=9-12=0.3464;SN>=13=0.3379,0.3729497976970274,
477,128,v11+v11_aug+v12_5f+v13,4,NONE,"0.263,0.103,0.277,0.357","0.350,0.161,0.268,0.220","0.029,0.025,0.721,0.225",1.0,1.0,False,0.40133604211733054,0.22402225559272676,0.6140323930650223,0.3729497976970274,0.094506986312971,SN=2=0.2723;SN=3-4=0.3475;SN=5-8=0.3668;SN=9-12=0.3464;SN>=13=0.3379,0.3729497976970274,
478,,v11plus+v14_seed1+v16_testhist_aug,3,TEMP,"0.321,0.309,0.370","0.064,0.399,0.537","0.042,0.796,0.162",0.5,0.5,True,0.3994369053841098,0.22627081527647128,0.6132650448916506,0.3729360972425626,0.08549420429943821,SN=2=0.2747;SN=3-4=0.3420;SN=5-8=0.3602;SN=9-12=0.3471;SN>=13=0.3475,0.3729360972425626,
479,129,v11plus+v14_seed1+v16_testhist_aug,3,NONE,"0.321,0.309,0.370","0.064,0.399,0.537","0.042,0.796,0.162",1.0,1.0,False,0.3994369053841098,0.22627081527647128,0.6132650448916506,0.3729360972425626,0.08549420429943821,SN=2=0.2747;SN=3-4=0.3420;SN=5-8=0.3602;SN=9-12=0.3471;SN>=13=0.3475,0.3729360972425626,
480,,v11+v11_aug+v11plus+v12_5f+v14_avg3,5,TEMP,"0.167,0.257,0.111,0.101,0.364","0.206,0.151,0.090,0.072,0.481","0.034,0.072,0.004,0.345,0.545",0.5,0.5,True,0.40048176153830717,0.2254815175955859,0.6127512223102567,0.3729355561156086,0.09307904361476288,SN=2=0.2716;SN=3-4=0.3459;SN=5-8=0.3647;SN=9-12=0.3497;SN>=13=0.3360,0.3729355561156086,
481,130,v11+v11_aug+v11plus+v12_5f+v14_avg3,5,NONE,"0.167,0.257,0.111,0.101,0.364","0.206,0.151,0.090,0.072,0.481","0.034,0.072,0.004,0.345,0.545",1.0,1.0,False,0.40048176153830717,0.2254815175955859,0.6127512223102567,0.3729355561156086,0.09307904361476288,SN=2=0.2716;SN=3-4=0.3459;SN=5-8=0.3647;SN=9-12=0.3497;SN>=13=0.3360,0.3729355561156086,
482,,v11_aug+v11plus+v12_5f+v13,4,TEMP,"0.247,0.161,0.232,0.361","0.266,0.173,0.242,0.319","0.011,0.024,0.641,0.324",0.5,0.5,True,0.40365199938497354,0.22116583804031645,0.6148064429169232,0.3728884235535006,0.09046426263612084,SN=2=0.2732;SN=3-4=0.3482;SN=5-8=0.3637;SN=9-12=0.3445;SN>=13=0.3368,0.3728884235535006,
483,131,v11_aug+v11plus+v12_5f+v13,4,NONE,"0.247,0.161,0.232,0.361","0.266,0.173,0.242,0.319","0.011,0.024,0.641,0.324",1.0,1.0,False,0.40365199938497354,0.22116583804031645,0.6148064429169232,0.3728884235535006,0.09046426263612084,SN=2=0.2732;SN=3-4=0.3482;SN=5-8=0.3637;SN=9-12=0.3445;SN>=13=0.3368,0.3728884235535006,
484,,v11+v14_seed2+v16_testhist_aug,3,TEMP,"0.362,0.269,0.369","0.107,0.361,0.531","0.045,0.607,0.348",0.5,0.5,True,0.39865366676068986,0.22770708353087246,0.6111985483859853,0.37278400979382204,0.08545907657189344,SN=2=0.2759;SN=3-4=0.3418;SN=5-8=0.3614;SN=9-12=0.3479;SN>=13=0.3446,0.37278400979382204,
485,132,v11+v14_seed2+v16_testhist_aug,3,NONE,"0.362,0.269,0.369","0.107,0.361,0.531","0.045,0.607,0.348",1.0,1.0,False,0.39865366676068986,0.22770708353087246,0.6111985483859853,0.37278400979382204,0.08545907657189344,SN=2=0.2759;SN=3-4=0.3418;SN=5-8=0.3614;SN=9-12=0.3479;SN>=13=0.3446,0.37278400979382204,
486,,v11_aug+v11plus+v13+v14_seed0,4,TEMP,"0.141,0.217,0.257,0.385","0.206,0.226,0.138,0.429","0.032,0.052,0.275,0.641",0.5,0.5,True,0.4017711869510541,0.22393774090942925,0.6124083377042551,0.3727652386850444,0.09799995219263258,SN=2=0.2698;SN=3-4=0.3456;SN=5-8=0.3678;SN=9-12=0.3479;SN>=13=0.3425,0.3727652386850444,
487,133,v11_aug+v11plus+v13+v14_seed0,4,NONE,"0.141,0.217,0.257,0.385","0.206,0.226,0.138,0.429","0.032,0.052,0.275,0.641",1.0,1.0,False,0.4017711869510541,0.22393774090942925,0.6124083377042551,0.3727652386850444,0.09799995219263258,SN=2=0.2698;SN=3-4=0.3456;SN=5-8=0.3678;SN=9-12=0.3479;SN>=13=0.3425,0.3727652386850444,
488,,v11+v12_5f+v13+v14_seed1,4,TEMP,"0.286,0.220,0.362,0.132","0.431,0.020,0.224,0.326","0.036,0.316,0.308,0.341",0.5,0.5,True,0.3985350717493429,0.22541172903709,0.6157778793754168,0.37273429618965653,0.09290739799232584,SN=2=0.2729;SN=3-4=0.3480;SN=5-8=0.3659;SN=9-12=0.3484;SN>=13=0.3403,0.37273429618965653,
489,134,v11+v12_5f+v13+v14_seed1,4,NONE,"0.286,0.220,0.362,0.132","0.431,0.020,0.224,0.326","0.036,0.316,0.308,0.341",1.0,1.0,False,0.3985350717493429,0.22541172903709,0.6157778793754168,0.37273429618965653,0.09290739799232584,SN=2=0.2729;SN=3-4=0.3480;SN=5-8=0.3659;SN=9-12=0.3484;SN>=13=0.3403,0.37273429618965653,
490,,v11+v11plus+v13+v14_seed1,4,TEMP,"0.157,0.135,0.322,0.385","0.348,0.099,0.232,0.321","0.024,0.052,0.150,0.774",0.5,0.5,True,0.4001807536569203,0.22515219893764676,0.614432820522955,0.37301974514241787,0.09900906645255791,SN=2=0.2708;SN=3-4=0.3474;SN=5-8=0.3698;SN=9-12=0.3515;SN>=13=0.3431,0.3727127361386172,
491,135,v11+v11plus+v13+v14_seed1,4,NONE,"0.157,0.135,0.322,0.385","0.348,0.099,0.232,0.321","0.024,0.052,0.150,0.774",1.0,1.0,False,0.4001807536569203,0.22515219893764676,0.614432820522955,0.37301974514241787,0.09900906645255791,SN=2=0.2708;SN=3-4=0.3474;SN=5-8=0.3698;SN=9-12=0.3515;SN>=13=0.3431,0.3727127361386172,
492,,v11+v12_5f+v13+v14_avg3,4,TEMP,"0.207,0.389,0.295,0.109","0.354,0.056,0.172,0.418","0.023,0.331,0.286,0.360",0.5,0.5,True,0.3985353809516246,0.22546828991344742,0.6154811920034389,0.3726977067467166,0.09083184506844039,SN=2=0.2725;SN=3-4=0.3480;SN=5-8=0.3633;SN=9-12=0.3475;SN>=13=0.3412,0.3726977067467166,
493,136,v11+v12_5f+v13+v14_avg3,4,NONE,"0.207,0.389,0.295,0.109","0.354,0.056,0.172,0.418","0.023,0.331,0.286,0.360",1.0,1.0,False,0.3985353809516246,0.22546828991344742,0.6154811920034389,0.3726977067467166,0.09083184506844039,SN=2=0.2725;SN=3-4=0.3480;SN=5-8=0.3633;SN=9-12=0.3475;SN>=13=0.3412,0.3726977067467166,
494,,v11+v11plus+v13+v14_seed2,4,TEMP,"0.156,0.189,0.330,0.325","0.265,0.085,0.228,0.422","0.045,0.013,0.576,0.367",0.5,0.5,True,0.3999290859289985,0.2254566271358967,0.6125985218112825,0.3726739895882146,0.0947239036147699,SN=2=0.2709;SN=3-4=0.3458;SN=5-8=0.3657;SN=9-12=0.3534;SN>=13=0.3376,0.3726739895882146,
495,137,v11+v11plus+v13+v14_seed2,4,NONE,"0.156,0.189,0.330,0.325","0.265,0.085,0.228,0.422","0.045,0.013,0.576,0.367",1.0,1.0,False,0.3999290859289985,0.2254566271358967,0.6125985218112825,0.3726739895882146,0.0947239036147699,SN=2=0.2709;SN=3-4=0.3458;SN=5-8=0.3657;SN=9-12=0.3534;SN>=13=0.3376,0.3726739895882146,
496,,v11+v11plus+v13+v14_seed0,4,TEMP,"0.247,0.114,0.376,0.262","0.311,0.085,0.201,0.403","0.012,0.030,0.390,0.568",0.5,0.5,True,0.4002607282847148,0.22567247800210116,0.6131867051780387,0.37301062355033415,0.09914303822687842,SN=2=0.2711;SN=3-4=0.3456;SN=5-8=0.3702;SN=9-12=0.3510;SN>=13=0.3451,0.37263662865937325,
497,138,v11+v11plus+v13+v14_seed0,4,NONE,"0.247,0.114,0.376,0.262","0.311,0.085,0.201,0.403","0.012,0.030,0.390,0.568",1.0,1.0,False,0.4002607282847148,0.22567247800210116,0.6131867051780387,0.37301062355033415,0.09914303822687842,SN=2=0.2711;SN=3-4=0.3456;SN=5-8=0.3702;SN=9-12=0.3510;SN>=13=0.3451,0.37263662865937325,
498,,v11+v12_5f+v13+v14_seed0,4,TEMP,"0.269,0.360,0.316,0.054","0.395,0.152,0.103,0.350","0.017,0.533,0.282,0.168",0.5,0.5,True,0.3983474864074903,0.225639217576807,0.6149438003055341,0.37258344165482576,0.09265868392154464,SN=2=0.2722;SN=3-4=0.3476;SN=5-8=0.3649;SN=9-12=0.3479;SN>=13=0.3418,0.37258344165482576,
499,139,v11+v12_5f+v13+v14_seed0,4,NONE,"0.269,0.360,0.316,0.054","0.395,0.152,0.103,0.350","0.017,0.533,0.282,0.168",1.0,1.0,False,0.3983474864074903,0.225639217576807,0.6149438003055341,0.37258344165482576,0.09265868392154464,SN=2=0.2722;SN=3-4=0.3476;SN=5-8=0.3649;SN=9-12=0.3479;SN>=13=0.3418,0.37258344165482576,
500,,v11+v11_aug+v11plus+v12_5f+v14_seed0,5,TEMP,"0.168,0.276,0.070,0.317,0.168","0.319,0.057,0.088,0.131,0.406","0.016,0.001,0.028,0.666,0.289",0.5,0.5,True,0.3993949290283619,0.22522700995900963,0.6134220213461774,0.3725331798641841,0.09510907351490938,SN=2=0.2710;SN=3-4=0.3443;SN=5-8=0.3661;SN=9-12=0.3534;SN>=13=0.3402,0.3725331798641841,
501,140,v11+v11_aug+v11plus+v12_5f+v14_seed0,5,NONE,"0.168,0.276,0.070,0.317,0.168","0.319,0.057,0.088,0.131,0.406","0.016,0.001,0.028,0.666,0.289",1.0,1.0,False,0.3993949290283619,0.22522700995900963,0.6134220213461774,0.3725331798641841,0.09510907351490938,SN=2=0.2710;SN=3-4=0.3443;SN=5-8=0.3661;SN=9-12=0.3534;SN>=13=0.3402,0.3725331798641841,
502,,v11+v14_avg3+v16_testhist_aug,3,TEMP,"0.338,0.318,0.344","0.175,0.266,0.560","0.038,0.808,0.154",0.5,0.5,True,0.3978754475131536,0.2270394418689178,0.6127293157215681,0.37251181889714224,0.09034232247312401,SN=2=0.2745;SN=3-4=0.3422;SN=5-8=0.3648;SN=9-12=0.3476;SN>=13=0.3458,0.37251181889714224,
503,141,v11+v14_avg3+v16_testhist_aug,3,NONE,"0.338,0.318,0.344","0.175,0.266,0.560","0.038,0.808,0.154",1.0,1.0,False,0.3978754475131536,0.2270394418689178,0.6127293157215681,0.37251181889714224,0.09034232247312401,SN=2=0.2745;SN=3-4=0.3422;SN=5-8=0.3648;SN=9-12=0.3476;SN>=13=0.3458,0.37251181889714224,
504,,v11+v11_aug+v12_5f+v14_avg3,4,TEMP,"0.219,0.307,0.049,0.425","0.284,0.125,0.025,0.566","0.023,0.013,0.391,0.573",0.5,0.5,True,0.39904573890035017,0.22503898302158382,0.6141666432180112,0.3724672174123759,0.08756464806580455,SN=2=0.2728;SN=3-4=0.3446;SN=5-8=0.3604;SN=9-12=0.3531;SN>=13=0.3359,0.3724672174123759,
505,142,v11+v11_aug+v12_5f+v14_avg3,4,NONE,"0.219,0.307,0.049,0.425","0.284,0.125,0.025,0.566","0.023,0.013,0.391,0.573",1.0,1.0,False,0.39904573890035017,0.22503898302158382,0.6141666432180112,0.3724672174123759,0.08756464806580455,SN=2=0.2728;SN=3-4=0.3446;SN=5-8=0.3604;SN=9-12=0.3531;SN>=13=0.3359,0.3724672174123759,
506,,v11plus+v14_seed2+v16_testhist_aug,3,TEMP,"0.300,0.341,0.358","0.071,0.343,0.586","0.036,0.707,0.257",0.5,0.5,True,0.3985977931585324,0.22638175607626074,0.6115430014611631,0.3723004199861499,0.08689744461518434,SN=2=0.2746;SN=3-4=0.3420;SN=5-8=0.3615;SN=9-12=0.3462;SN>=13=0.3456,0.3723004199861499,
507,143,v11plus+v14_seed2+v16_testhist_aug,3,NONE,"0.300,0.341,0.358","0.071,0.343,0.586","0.036,0.707,0.257",1.0,1.0,False,0.3985977931585324,0.22638175607626074,0.6115430014611631,0.3723004199861499,0.08689744461518434,SN=2=0.2746;SN=3-4=0.3420;SN=5-8=0.3615;SN=9-12=0.3462;SN>=13=0.3456,0.3723004199861499,
508,,v11+v12_5f+v13+v14_seed2,4,TEMP,"0.222,0.266,0.292,0.220","0.347,0.050,0.165,0.438","0.035,0.491,0.262,0.212",0.5,0.5,True,0.3984039579441259,0.22473826779169293,0.6150460321528491,0.3722660967248974,0.08784142892967761,SN=2=0.2724;SN=3-4=0.3482;SN=5-8=0.3603;SN=9-12=0.3471;SN>=13=0.3392,0.3722660967248974,
509,144,v11+v12_5f+v13+v14_seed2,4,NONE,"0.222,0.266,0.292,0.220","0.347,0.050,0.165,0.438","0.035,0.491,0.262,0.212",1.0,1.0,False,0.3984039579441259,0.22473826779169293,0.6150460321528491,0.3722660967248974,0.08784142892967761,SN=2=0.2724;SN=3-4=0.3482;SN=5-8=0.3603;SN=9-12=0.3471;SN>=13=0.3392,0.3722660967248974,
510,,v11+v11_aug+v11plus+v14_avg3,4,TEMP,"0.104,0.292,0.160,0.444","0.295,0.093,0.012,0.600","0.009,0.084,0.023,0.883",0.5,0.5,True,0.39971673975358335,0.22497509550052874,0.6114350456501922,0.37216374323168333,0.09162545008010092,SN=2=0.2717;SN=3-4=0.3426;SN=5-8=0.3633;SN=9-12=0.3521;SN>=13=0.3377,0.37216374323168333,
511,145,v11+v11_aug+v11plus+v14_avg3,4,NONE,"0.104,0.292,0.160,0.444","0.295,0.093,0.012,0.600","0.009,0.084,0.023,0.883",1.0,1.0,False,0.39971673975358335,0.22497509550052874,0.6114350456501922,0.37216374323168333,0.09162545008010092,SN=2=0.2717;SN=3-4=0.3426;SN=5-8=0.3633;SN=9-12=0.3521;SN>=13=0.3377,0.37216374323168333,
512,,v11+v13+v14_seed1,3,TEMP,"0.294,0.385,0.321","0.368,0.297,0.335","0.032,0.309,0.659",0.5,0.5,True,0.3968639890647145,0.2261322149334793,0.6148140418654308,0.3721612899723637,0.09206201127501407,SN=2=0.2724;SN=3-4=0.3472;SN=5-8=0.3645;SN=9-12=0.3495;SN>=13=0.3400,0.3721612899723637,
513,146,v11+v13+v14_seed1,3,NONE,"0.294,0.385,0.321","0.368,0.297,0.335","0.032,0.309,0.659",1.0,1.0,False,0.3968639890647145,0.2261322149334793,0.6148140418654308,0.3721612899723637,0.09206201127501407,SN=2=0.2724;SN=3-4=0.3472;SN=5-8=0.3645;SN=9-12=0.3495;SN>=13=0.3400,0.3721612899723637,
514,,v11plus+v14_seed0+v16_testhist_aug,3,TEMP,"0.295,0.327,0.378","0.030,0.393,0.576","0.038,0.644,0.318",0.5,0.5,True,0.3985707308562254,0.22625991638023235,0.6110970698329143,0.372151672861166,0.08349459896641043,SN=2=0.2749;SN=3-4=0.3412;SN=5-8=0.3584;SN=9-12=0.3465;SN>=13=0.3472,0.372151672861166,
515,147,v11plus+v14_seed0+v16_testhist_aug,3,NONE,"0.295,0.327,0.378","0.030,0.393,0.576","0.038,0.644,0.318",1.0,1.0,False,0.3985707308562254,0.22625991638023235,0.6110970698329143,0.372151672861166,0.08349459896641043,SN=2=0.2749;SN=3-4=0.3412;SN=5-8=0.3584;SN=9-12=0.3465;SN>=13=0.3472,0.372151672861166,
516,,v11+v11_aug+v11plus+v12_5f+v14_seed1,5,TEMP,"0.190,0.252,0.025,0.425,0.107","0.274,0.136,0.077,0.132,0.382","0.064,0.009,0.002,0.366,0.559",0.5,0.5,True,0.39914747722294525,0.2242399722337586,0.6138881792961619,0.37213261564191397,0.09432176111939433,SN=2=0.2704;SN=3-4=0.3458;SN=5-8=0.3647;SN=9-12=0.3518;SN>=13=0.3385,0.37213261564191397,
517,148,v11+v11_aug+v11plus+v12_5f+v14_seed1,5,NONE,"0.190,0.252,0.025,0.425,0.107","0.274,0.136,0.077,0.132,0.382","0.064,0.009,0.002,0.366,0.559",1.0,1.0,False,0.39914747722294525,0.2242399722337586,0.6138881792961619,0.37213261564191397,0.09432176111939433,SN=2=0.2704;SN=3-4=0.3458;SN=5-8=0.3647;SN=9-12=0.3518;SN>=13=0.3385,0.37213261564191397,
518,,v11+v11_aug+v12_5f+v14_seed1,4,TEMP,"0.183,0.289,0.516,0.012","0.326,0.131,0.202,0.342","0.010,0.025,0.477,0.487",0.5,0.5,True,0.3985632618895257,0.22444395573048506,0.6142710334637296,0.37205709374075024,0.09035928588385439,SN=2=0.2715;SN=3-4=0.3457;SN=5-8=0.3618;SN=9-12=0.3501;SN>=13=0.3380,0.37205709374075024,
519,149,v11+v11_aug+v12_5f+v14_seed1,4,NONE,"0.183,0.289,0.516,0.012","0.326,0.131,0.202,0.342","0.010,0.025,0.477,0.487",1.0,1.0,False,0.3985632618895257,0.22444395573048506,0.6142710334637296,0.37205709374075024,0.09035928588385439,SN=2=0.2715;SN=3-4=0.3457;SN=5-8=0.3618;SN=9-12=0.3501;SN>=13=0.3380,0.37205709374075024,
520,,v11+v13+v14_avg3,3,TEMP,"0.229,0.338,0.433","0.360,0.103,0.537","0.026,0.319,0.655",0.5,0.5,True,0.3974587530253006,0.2254709746107147,0.6143847322151008,0.3720488374974263,0.09274393343713139,SN=2=0.2710;SN=3-4=0.3469;SN=5-8=0.3638;SN=9-12=0.3485;SN>=13=0.3416,0.3720488374974263,
521,150,v11+v13+v14_avg3,3,NONE,"0.229,0.338,0.433","0.360,0.103,0.537","0.026,0.319,0.655",1.0,1.0,False,0.3974587530253006,0.2254709746107147,0.6143847322151008,0.3720488374974263,0.09274393343713139,SN=2=0.2710;SN=3-4=0.3469;SN=5-8=0.3638;SN=9-12=0.3485;SN>=13=0.3416,0.3720488374974263,
522,,v11+v11_aug+v11plus+v12_5f+v14_seed2,5,TEMP,"0.224,0.212,0.126,0.244,0.194","0.396,0.128,0.028,0.102,0.346","0.001,0.032,0.024,0.189,0.754",0.5,0.5,True,0.39932487849790044,0.22439833095408296,0.6125677122417176,0.3720028262291369,0.09380746810148133,SN=2=0.2697;SN=3-4=0.3450;SN=5-8=0.3635;SN=9-12=0.3528;SN>=13=0.3394,0.3720028262291369,
523,151,v11+v11_aug+v11plus+v12_5f+v14_seed2,5,NONE,"0.224,0.212,0.126,0.244,0.194","0.396,0.128,0.028,0.102,0.346","0.001,0.032,0.024,0.189,0.754",1.0,1.0,False,0.39932487849790044,0.22439833095408296,0.6125677122417176,0.3720028262291369,0.09380746810148133,SN=2=0.2697;SN=3-4=0.3450;SN=5-8=0.3635;SN=9-12=0.3528;SN>=13=0.3394,0.3720028262291369,
524,,v11+v14_seed0+v16_testhist_aug,3,TEMP,"0.356,0.387,0.257","0.061,0.439,0.500","0.032,0.733,0.235",0.5,0.5,True,0.39767527641077444,0.22691930911307212,0.6108102887340369,0.37199989195634603,0.0871930657818708,SN=2=0.2746;SN=3-4=0.3415;SN=5-8=0.3618;SN=9-12=0.3459;SN>=13=0.3464,0.37199989195634603,
525,152,v11+v14_seed0+v16_testhist_aug,3,NONE,"0.356,0.387,0.257","0.061,0.439,0.500","0.032,0.733,0.235",1.0,1.0,False,0.39767527641077444,0.22691930911307212,0.6108102887340369,0.37199989195634603,0.0871930657818708,SN=2=0.2746;SN=3-4=0.3415;SN=5-8=0.3618;SN=9-12=0.3459;SN>=13=0.3464,0.37199989195634603,
526,,v11+v13+v14_seed0,3,TEMP,"0.243,0.331,0.426","0.401,0.223,0.376","0.028,0.420,0.552",0.5,0.5,True,0.3978895548819048,0.22556836660421586,0.6127937190791278,0.37194191241027386,0.09484745362755509,SN=2=0.2712;SN=3-4=0.3457;SN=5-8=0.3660;SN=9-12=0.3485;SN>=13=0.3402,0.37194191241027386,
527,153,v11+v13+v14_seed0,3,NONE,"0.243,0.331,0.426","0.401,0.223,0.376","0.028,0.420,0.552",1.0,1.0,False,0.3978895548819048,0.22556836660421586,0.6127937190791278,0.37194191241027386,0.09484745362755509,SN=2=0.2712;SN=3-4=0.3457;SN=5-8=0.3660;SN=9-12=0.3485;SN>=13=0.3402,0.37194191241027386,
528,,v11+v11_aug+v12_5f+v14_seed0,4,TEMP,"0.172,0.296,0.333,0.199","0.401,0.061,0.072,0.466","0.055,0.009,0.658,0.278",0.5,0.5,True,0.39862618636898783,0.22475088816769867,0.6128692329079797,0.3719246763962705,0.09046181738510445,SN=2=0.2717;SN=3-4=0.3452;SN=5-8=0.3622;SN=9-12=0.3506;SN>=13=0.3381,0.3719246763962705,
529,154,v11+v11_aug+v12_5f+v14_seed0,4,NONE,"0.172,0.296,0.333,0.199","0.401,0.061,0.072,0.466","0.055,0.009,0.658,0.278",1.0,1.0,False,0.39862618636898783,0.22475088816769867,0.6128692329079797,0.3719246763962705,0.09046181738510445,SN=2=0.2717;SN=3-4=0.3452;SN=5-8=0.3622;SN=9-12=0.3506;SN>=13=0.3381,0.3719246763962705,
530,,v11+v11_aug+v14_avg3,3,TEMP,"0.214,0.334,0.453","0.373,0.049,0.578","0.029,0.021,0.950",0.5,0.5,True,0.39842446247774516,0.22483932898276118,0.6128392141736096,0.3718733594189245,0.08963103500676706,SN=2=0.2717;SN=3-4=0.3442;SN=5-8=0.3613;SN=9-12=0.3528;SN>=13=0.3372,0.3718733594189245,
531,155,v11+v11_aug+v14_avg3,3,NONE,"0.214,0.334,0.453","0.373,0.049,0.578","0.029,0.021,0.950",1.0,1.0,False,0.39842446247774516,0.22483932898276118,0.6128392141736096,0.3718733594189245,0.08963103500676706,SN=2=0.2717;SN=3-4=0.3442;SN=5-8=0.3613;SN=9-12=0.3528;SN>=13=0.3372,0.3718733594189245,
532,,v11+v11_aug+v12_5f+v14_seed2,4,TEMP,"0.280,0.259,0.261,0.200","0.399,0.078,0.195,0.328","0.021,0.031,0.383,0.566",0.5,0.5,True,0.39890779414088356,0.22401260362739955,0.6132080123491279,0.37180976157713885,0.09177926067550907,SN=2=0.2705;SN=3-4=0.3452;SN=5-8=0.3622;SN=9-12=0.3506;SN>=13=0.3363,0.37180976157713885,
533,156,v11+v11_aug+v12_5f+v14_seed2,4,NONE,"0.280,0.259,0.261,0.200","0.399,0.078,0.195,0.328","0.021,0.031,0.383,0.566",1.0,1.0,False,0.39890779414088356,0.22401260362739955,0.6132080123491279,0.37180976157713885,0.09177926067550907,SN=2=0.2705;SN=3-4=0.3452;SN=5-8=0.3622;SN=9-12=0.3506;SN>=13=0.3363,0.37180976157713885,
534,,v11+v11plus+v12_5f+v13,4,TEMP,"0.288,0.092,0.277,0.343","0.421,0.065,0.097,0.417","0.015,0.013,0.761,0.211",0.5,0.5,True,0.39940789769111684,0.22285888219605185,0.6142552798781349,0.3717577679304945,0.09528399202688281,SN=2=0.2702;SN=3-4=0.3463;SN=5-8=0.3655;SN=9-12=0.3466;SN>=13=0.3382,0.3717577679304945,
535,157,v11+v11plus+v12_5f+v13,4,NONE,"0.288,0.092,0.277,0.343","0.421,0.065,0.097,0.417","0.015,0.013,0.761,0.211",1.0,1.0,False,0.39940789769111684,0.22285888219605185,0.6142552798781349,0.3717577679304945,0.09528399202688281,SN=2=0.2702;SN=3-4=0.3463;SN=5-8=0.3655;SN=9-12=0.3466;SN>=13=0.3382,0.3717577679304945,
536,,v11+v13+v14_seed2,3,TEMP,"0.238,0.420,0.342","0.357,0.227,0.416","0.040,0.415,0.545",0.5,0.5,True,0.3971883120254629,0.2255110093896003,0.6132568370371715,0.3717310959734596,0.08866528161767956,SN=2=0.2714;SN=3-4=0.3483;SN=5-8=0.3601;SN=9-12=0.3483;SN>=13=0.3383,0.3717310959734596,
537,158,v11+v13+v14_seed2,3,NONE,"0.238,0.420,0.342","0.357,0.227,0.416","0.040,0.415,0.545",1.0,1.0,False,0.3971883120254629,0.2255110093896003,0.6132568370371715,0.3717310959734596,0.08866528161767956,SN=2=0.2714;SN=3-4=0.3483;SN=5-8=0.3601;SN=9-12=0.3483;SN>=13=0.3383,0.3717310959734596,
538,,v11_aug+v12_5f+v13+v14_avg3,4,TEMP,"0.368,0.116,0.238,0.277","0.253,0.039,0.033,0.675","0.040,0.414,0.240,0.306",0.5,0.5,True,0.3986164774430569,0.22297081591652038,0.6149558765280999,0.3716260926494509,0.08749792025076941,SN=2=0.2723;SN=3-4=0.3477;SN=5-8=0.3598;SN=9-12=0.3438;SN>=13=0.3412,0.3716260926494509,
539,159,v11_aug+v12_5f+v13+v14_avg3,4,NONE,"0.368,0.116,0.238,0.277","0.253,0.039,0.033,0.675","0.040,0.414,0.240,0.306",1.0,1.0,False,0.3986164774430569,0.22297081591652038,0.6149558765280999,0.3716260926494509,0.08749792025076941,SN=2=0.2723;SN=3-4=0.3477;SN=5-8=0.3598;SN=9-12=0.3438;SN>=13=0.3412,0.3716260926494509,
540,,v11_aug+v13+v14_avg3,3,TEMP,"0.361,0.219,0.420","0.280,0.085,0.635","0.028,0.284,0.688",0.5,0.5,True,0.3987788153897285,0.2232537791398245,0.6139778093475997,0.3716085996813412,0.08879823438752937,SN=2=0.2717;SN=3-4=0.3468;SN=5-8=0.3605;SN=9-12=0.3440;SN>=13=0.3419,0.3716085996813412,
541,160,v11_aug+v13+v14_avg3,3,NONE,"0.361,0.219,0.420","0.280,0.085,0.635","0.028,0.284,0.688",1.0,1.0,False,0.3987788153897285,0.2232537791398245,0.6139778093475997,0.3716085996813412,0.08879823438752937,SN=2=0.2717;SN=3-4=0.3468;SN=5-8=0.3605;SN=9-12=0.3440;SN>=13=0.3419,0.3716085996813412,
542,,v11+v12_5f+v13,3,TEMP,"0.230,0.441,0.329","0.468,0.180,0.352","0.022,0.585,0.393",0.5,0.5,True,0.39835939897348255,0.22327036781410192,0.6146609758578585,0.3715841018866055,0.09443727060816781,SN=2=0.2710;SN=3-4=0.3485;SN=5-8=0.3655;SN=9-12=0.3434;SN>=13=0.3366,0.3715841018866055,
543,161,v11+v12_5f+v13,3,NONE,"0.230,0.441,0.329","0.468,0.180,0.352","0.022,0.585,0.393",1.0,1.0,False,0.39835939897348255,0.22327036781410192,0.6146609758578585,0.3715841018866055,0.09443727060816781,SN=2=0.2710;SN=3-4=0.3485;SN=5-8=0.3655;SN=9-12=0.3434;SN>=13=0.3366,0.3715841018866055,
544,,v11+v11_aug+v14_seed0,3,THR,"0.256,0.290,0.454","0.393,0.027,0.581","0.043,0.017,0.940",0.5,0.5,True,0.4061978980789417,0.22660369718105738,0.6104902240756813,0.3752186829191359,0.10576854862690899,SN=2=0.2663;SN=3-4=0.3474;SN=5-8=0.3721;SN=9-12=0.3568;SN>=13=0.3437,0.3715319328281597,
545,,v11_aug+v12_5f+v13+v14_seed0,4,TEMP,"0.325,0.380,0.224,0.071","0.292,0.027,0.146,0.536","0.008,0.435,0.363,0.194",0.5,0.5,True,0.3981494917470483,0.2231536957252433,0.6148138553982905,0.3714840460685747,0.0873489812458576,SN=2=0.2730;SN=3-4=0.3463;SN=5-8=0.3604;SN=9-12=0.3427;SN>=13=0.3403,0.3714840460685747,
546,162,v11_aug+v12_5f+v13+v14_seed0,4,NONE,"0.325,0.380,0.224,0.071","0.292,0.027,0.146,0.536","0.008,0.435,0.363,0.194",1.0,1.0,False,0.3981494917470483,0.2231536957252433,0.6148138553982905,0.3714840460685747,0.0873489812458576,SN=2=0.2730;SN=3-4=0.3463;SN=5-8=0.3604;SN=9-12=0.3427;SN>=13=0.3403,0.3714840460685747,
547,,v11_aug+v12_5f+v13+v14_seed1,4,TEMP,"0.380,0.203,0.261,0.155","0.246,0.005,0.263,0.486","0.001,0.440,0.193,0.365",0.5,0.5,True,0.39827735681653537,0.22263839548611317,0.61544473148943,0.37145524721894546,0.0857668232140853,SN=2=0.2727;SN=3-4=0.3450;SN=5-8=0.3585;SN=9-12=0.3433;SN>=13=0.3416,0.37145524721894546,
548,163,v11_aug+v12_5f+v13+v14_seed1,4,NONE,"0.380,0.203,0.261,0.155","0.246,0.005,0.263,0.486","0.001,0.440,0.193,0.365",1.0,1.0,False,0.39827735681653537,0.22263839548611317,0.61544473148943,0.37145524721894546,0.0857668232140853,SN=2=0.2727;SN=3-4=0.3450;SN=5-8=0.3585;SN=9-12=0.3433;SN>=13=0.3416,0.37145524721894546,
549,,v11_aug+v11plus+v12_5f+v14_avg3,4,TEMP,"0.240,0.164,0.243,0.353","0.202,0.238,0.215,0.346","0.029,0.031,0.380,0.560",0.5,0.5,True,0.39823861362539087,0.22322337416889174,0.6141799929451395,0.37142079370674097,0.09291295940570565,SN=2=0.2703;SN=3-4=0.3457;SN=5-8=0.3632;SN=9-12=0.3457;SN>=13=0.3406,0.37142079370674097,
550,164,v11_aug+v11plus+v12_5f+v14_avg3,4,NONE,"0.240,0.164,0.243,0.353","0.202,0.238,0.215,0.346","0.029,0.031,0.380,0.560",1.0,1.0,False,0.39823861362539087,0.22322337416889174,0.6141799929451395,0.37142079370674097,0.09291295940570565,SN=2=0.2703;SN=3-4=0.3457;SN=5-8=0.3632;SN=9-12=0.3457;SN>=13=0.3406,0.37142079370674097,
551,,v11+v11_aug+v11plus+v14_seed1,4,TEMP,"0.166,0.278,0.100,0.456","0.370,0.134,0.016,0.480","0.075,0.017,0.003,0.905",0.5,0.5,True,0.3991336670567281,0.22311907774258355,0.6122762434744421,0.3713563466146131,0.09370660970047923,SN=2=0.2701;SN=3-4=0.3436;SN=5-8=0.3638;SN=9-12=0.3520;SN>=13=0.3374,0.3713563466146131,
552,165,v11+v11_aug+v11plus+v14_seed1,4,NONE,"0.166,0.278,0.100,0.456","0.370,0.134,0.016,0.480","0.075,0.017,0.003,0.905",1.0,1.0,False,0.3991336670567281,0.22311907774258355,0.6122762434744421,0.3713563466146131,0.09370660970047923,SN=2=0.2701;SN=3-4=0.3436;SN=5-8=0.3638;SN=9-12=0.3520;SN>=13=0.3374,0.3713563466146131,
553,,v11+v11_aug+v11plus+v14_seed2,4,TEMP,"0.175,0.201,0.161,0.463","0.347,0.042,0.052,0.559","0.092,0.020,0.049,0.840",0.5,0.5,True,0.39953736660180644,0.22418208289527386,0.6091735234924571,0.3713224844973236,0.09352889802082887,SN=2=0.2699;SN=3-4=0.3435;SN=5-8=0.3634;SN=9-12=0.3533;SN>=13=0.3356,0.3713224844973236,
554,166,v11+v11_aug+v11plus+v14_seed2,4,NONE,"0.175,0.201,0.161,0.463","0.347,0.042,0.052,0.559","0.092,0.020,0.049,0.840",1.0,1.0,False,0.39953736660180644,0.22418208289527386,0.6091735234924571,0.3713224844973236,0.09352889802082887,SN=2=0.2699;SN=3-4=0.3435;SN=5-8=0.3634;SN=9-12=0.3533;SN>=13=0.3356,0.3713224844973236,
555,,v11_aug+v11plus+v12_5f+v14_seed2,4,TEMP,"0.307,0.229,0.136,0.328","0.190,0.227,0.133,0.449","0.017,0.049,0.439,0.495",0.5,0.5,True,0.39814129766896483,0.22338045449137045,0.6135253876727755,0.3713137783986893,0.09295001725901314,SN=2=0.2695;SN=3-4=0.3445;SN=5-8=0.3625;SN=9-12=0.3495;SN>=13=0.3383,0.3713137783986893,
556,167,v11_aug+v11plus+v12_5f+v14_seed2,4,NONE,"0.307,0.229,0.136,0.328","0.190,0.227,0.133,0.449","0.017,0.049,0.439,0.495",1.0,1.0,False,0.39814129766896483,0.22338045449137045,0.6135253876727755,0.3713137783986893,0.09295001725901314,SN=2=0.2695;SN=3-4=0.3445;SN=5-8=0.3625;SN=9-12=0.3495;SN>=13=0.3383,0.3713137783986893,
557,,v11+v11_aug+v14_seed1,3,TEMP,"0.174,0.320,0.506","0.315,0.115,0.570","0.023,0.030,0.947",0.5,0.5,True,0.3980943867016805,0.22378415523384657,0.6127938663551655,0.37131019004524396,0.09126492408795045,SN=2=0.2711;SN=3-4=0.3431;SN=5-8=0.3624;SN=9-12=0.3517;SN>=13=0.3366,0.37131019004524396,
558,168,v11+v11_aug+v14_seed1,3,NONE,"0.174,0.320,0.506","0.315,0.115,0.570","0.023,0.030,0.947",1.0,1.0,False,0.3980943867016805,0.22378415523384657,0.6127938663551655,0.37131019004524396,0.09126492408795045,SN=2=0.2711;SN=3-4=0.3431;SN=5-8=0.3624;SN=9-12=0.3517;SN>=13=0.3366,0.37131019004524396,
559,,v11_aug+v13+v14_seed1,3,TEMP,"0.402,0.237,0.361","0.283,0.390,0.327","0.018,0.323,0.659",0.5,0.5,True,0.3979556839242458,0.22299176200222695,0.614461631346292,0.3712713046398475,0.08648476596192034,SN=2=0.2723;SN=3-4=0.3449;SN=5-8=0.3588;SN=9-12=0.3425;SN>=13=0.3387,0.3712713046398475,
560,169,v11_aug+v13+v14_seed1,3,NONE,"0.402,0.237,0.361","0.283,0.390,0.327","0.018,0.323,0.659",1.0,1.0,False,0.3979556839242458,0.22299176200222695,0.614461631346292,0.3712713046398475,0.08648476596192034,SN=2=0.2723;SN=3-4=0.3449;SN=5-8=0.3588;SN=9-12=0.3425;SN>=13=0.3387,0.3712713046398475,
561,,v11_aug+v11plus+v12_5f+v14_seed0,4,TEMP,"0.302,0.211,0.350,0.137","0.204,0.238,0.176,0.382","0.003,0.038,0.411,0.548",0.5,0.5,True,0.3979200104221095,0.2234430608457146,0.6134192862197602,0.3712290857510817,0.09381914468453079,SN=2=0.2688;SN=3-4=0.3446;SN=5-8=0.3626;SN=9-12=0.3493;SN>=13=0.3408,0.3712290857510817,
562,170,v11_aug+v11plus+v12_5f+v14_seed0,4,NONE,"0.302,0.211,0.350,0.137","0.204,0.238,0.176,0.382","0.003,0.038,0.411,0.548",1.0,1.0,False,0.3979200104221095,0.2234430608457146,0.6134192862197602,0.3712290857510817,0.09381914468453079,SN=2=0.2688;SN=3-4=0.3446;SN=5-8=0.3626;SN=9-12=0.3493;SN>=13=0.3408,0.3712290857510817,
563,,v11plus+v13+v14_avg3,3,TEMP,"0.282,0.364,0.355","0.125,0.228,0.647","0.021,0.255,0.724",0.5,0.5,True,0.39835414848912865,0.2222535406593495,0.6145133157472048,0.3711457388088323,0.09147037715634293,SN=2=0.2727;SN=3-4=0.3422;SN=5-8=0.3641;SN=9-12=0.3443;SN>=13=0.3445,0.3711457388088323,
564,171,v11plus+v13+v14_avg3,3,NONE,"0.282,0.364,0.355","0.125,0.228,0.647","0.021,0.255,0.724",1.0,1.0,False,0.39835414848912865,0.2222535406593495,0.6145133157472048,0.3711457388088323,0.09147037715634293,SN=2=0.2727;SN=3-4=0.3422;SN=5-8=0.3641;SN=9-12=0.3443;SN>=13=0.3445,0.3711457388088323,
565,,v11plus+v12_5f+v13+v14_avg3,4,TEMP,"0.271,0.125,0.277,0.328","0.278,0.022,0.184,0.517","0.045,0.396,0.221,0.338",0.5,0.5,True,0.39850927750644377,0.22149678107354992,0.6155472999676888,0.37111188342553525,0.09372721267289941,SN=2=0.2717;SN=3-4=0.3438;SN=5-8=0.3654;SN=9-12=0.3442;SN>=13=0.3411,0.37111188342553525,
566,172,v11plus+v12_5f+v13+v14_avg3,4,NONE,"0.271,0.125,0.277,0.328","0.278,0.022,0.184,0.517","0.045,0.396,0.221,0.338",1.0,1.0,False,0.39850927750644377,0.22149678107354992,0.6155472999676888,0.37111188342553525,0.09372721267289941,SN=2=0.2717;SN=3-4=0.3438;SN=5-8=0.3654;SN=9-12=0.3442;SN>=13=0.3411,0.37111188342553525,
567,,v11+v11_aug+v11plus+v14_seed0,4,TEMP,"0.179,0.272,0.102,0.446","0.348,0.056,0.068,0.528","0.083,0.027,0.023,0.867",0.5,0.5,True,0.3984219765307089,0.22457905671323095,0.6094285527851577,0.3710861238546075,0.09650350425186055,SN=2=0.2693;SN=3-4=0.3425;SN=5-8=0.3658;SN=9-12=0.3519;SN>=13=0.3365,0.3710861238546075,
568,173,v11+v11_aug+v11plus+v14_seed0,4,NONE,"0.179,0.272,0.102,0.446","0.348,0.056,0.068,0.528","0.083,0.027,0.023,0.867",1.0,1.0,False,0.3984219765307089,0.22457905671323095,0.6094285527851577,0.3710861238546075,0.09650350425186055,SN=2=0.2693;SN=3-4=0.3425;SN=5-8=0.3658;SN=9-12=0.3519;SN>=13=0.3365,0.3710861238546075,
569,,v11plus+v12_5f+v13+v14_seed2,4,TEMP,"0.291,0.225,0.294,0.190","0.157,0.088,0.268,0.487","0.040,0.411,0.284,0.265",0.5,0.5,True,0.39874614957028937,0.2212245287076803,0.6153799915009268,0.3710642696113733,0.08618516122585101,SN=2=0.2730;SN=3-4=0.3445;SN=5-8=0.3592;SN=9-12=0.3433;SN>=13=0.3385,0.3710642696113733,
570,174,v11plus+v12_5f+v13+v14_seed2,4,NONE,"0.291,0.225,0.294,0.190","0.157,0.088,0.268,0.487","0.040,0.411,0.284,0.265",1.0,1.0,False,0.39874614957028937,0.2212245287076803,0.6153799915009268,0.3710642696113733,0.08618516122585101,SN=2=0.2730;SN=3-4=0.3445;SN=5-8=0.3592;SN=9-12=0.3433;SN>=13=0.3385,0.3710642696113733,
571,,v11_aug+v11plus+v14_avg3,3,TEMP,"0.222,0.188,0.590","0.175,0.224,0.601","0.007,0.035,0.958",0.5,0.5,True,0.39788118148766516,0.22313637983456686,0.6131898375784739,0.37104499204458763,0.0928823422463183,SN=2=0.2696;SN=3-4=0.3437;SN=5-8=0.3625;SN=9-12=0.3453;SN>=13=0.3420,0.37104499204458763,
572,175,v11_aug+v11plus+v14_avg3,3,NONE,"0.222,0.188,0.590","0.175,0.224,0.601","0.007,0.035,0.958",1.0,1.0,False,0.39788118148766516,0.22313637983456686,0.6131898375784739,0.37104499204458763,0.0928823422463183,SN=2=0.2696;SN=3-4=0.3437;SN=5-8=0.3625;SN=9-12=0.3453;SN>=13=0.3420,0.37104499204458763,
573,,v11plus+v13+v14_seed2,3,TEMP,"0.287,0.349,0.365","0.285,0.284,0.431","0.026,0.374,0.599",0.5,0.5,True,0.39901611244519614,0.2216004628751363,0.6135494056305446,0.3709565112542419,0.09379557163137386,SN=2=0.2704;SN=3-4=0.3437;SN=5-8=0.3642;SN=9-12=0.3458;SN>=13=0.3407,0.3709565112542419,
574,176,v11plus+v13+v14_seed2,3,NONE,"0.287,0.349,0.365","0.285,0.284,0.431","0.026,0.374,0.599",1.0,1.0,False,0.39901611244519614,0.2216004628751363,0.6135494056305446,0.3709565112542419,0.09379557163137386,SN=2=0.2704;SN=3-4=0.3437;SN=5-8=0.3642;SN=9-12=0.3458;SN>=13=0.3407,0.3709565112542419,
575,,v11+v11_aug+v14_seed0,3,TEMP,"0.256,0.290,0.454","0.393,0.027,0.581","0.043,0.017,0.940",0.5,0.5,True,0.3978119805514176,0.22430402281591108,0.6104902240756813,0.37094444616206773,0.09236934198210456,SN=2=0.2699;SN=3-4=0.3428;SN=5-8=0.3623;SN=9-12=0.3512;SN>=13=0.3379,0.37094444616206773,
576,177,v11+v11_aug+v14_seed0,3,NONE,"0.256,0.290,0.454","0.393,0.027,0.581","0.043,0.017,0.940",1.0,1.0,False,0.3978119805514176,0.22430402281591108,0.6104902240756813,0.37094444616206773,0.09236934198210456,SN=2=0.2699;SN=3-4=0.3428;SN=5-8=0.3623;SN=9-12=0.3512;SN>=13=0.3379,0.37094444616206773,
577,,v11plus+v13+v14_seed1,3,TEMP,"0.235,0.293,0.472","0.251,0.278,0.472","0.033,0.332,0.635",0.5,0.5,True,0.39883742898531893,0.22091737963195984,0.6151193083760168,0.3709257851221149,0.09478745702017927,SN=2=0.2703;SN=3-4=0.3433;SN=5-8=0.3651;SN=9-12=0.3453;SN>=13=0.3436,0.3709257851221149,
578,178,v11plus+v13+v14_seed1,3,NONE,"0.235,0.293,0.472","0.251,0.278,0.472","0.033,0.332,0.635",1.0,1.0,False,0.39883742898531893,0.22091737963195984,0.6151193083760168,0.3709257851221149,0.09478745702017927,SN=2=0.2703;SN=3-4=0.3433;SN=5-8=0.3651;SN=9-12=0.3453;SN>=13=0.3436,0.3709257851221149,
579,,v11_aug+v13+v14_seed0,3,TEMP,"0.369,0.263,0.368","0.310,0.149,0.541","0.012,0.271,0.718",0.5,0.5,True,0.39770614696960976,0.2234280642777977,0.612325913865224,0.3709188672720078,0.09204930941900141,SN=2=0.2710;SN=3-4=0.3443;SN=5-8=0.3630;SN=9-12=0.3435;SN>=13=0.3433,0.3709188672720078,
580,179,v11_aug+v13+v14_seed0,3,NONE,"0.369,0.263,0.368","0.310,0.149,0.541","0.012,0.271,0.718",1.0,1.0,False,0.39770614696960976,0.2234280642777977,0.612325913865224,0.3709188672720078,0.09204930941900141,SN=2=0.2710;SN=3-4=0.3443;SN=5-8=0.3630;SN=9-12=0.3435;SN>=13=0.3433,0.3709188672720078,
581,,v11plus+v12_5f+v13+v14_seed0,4,TEMP,"0.275,0.031,0.337,0.358","0.262,0.038,0.061,0.639","0.023,0.431,0.287,0.258",0.5,0.5,True,0.39841262487418805,0.2212844644541318,0.6151968514789029,0.37091820602710857,0.09375545993756618,SN=2=0.2716;SN=3-4=0.3434;SN=5-8=0.3654;SN=9-12=0.3442;SN>=13=0.3430,0.37091820602710857,
582,180,v11plus+v12_5f+v13+v14_seed0,4,NONE,"0.275,0.031,0.337,0.358","0.262,0.038,0.061,0.639","0.023,0.431,0.287,0.258",1.0,1.0,False,0.39841262487418805,0.2212844644541318,0.6151968514789029,0.37091820602710857,0.09375545993756618,SN=2=0.2716;SN=3-4=0.3434;SN=5-8=0.3654;SN=9-12=0.3442;SN>=13=0.3430,0.37091820602710857,
583,,v11plus+v12_5f+v13+v14_seed1,4,TEMP,"0.265,0.211,0.331,0.194","0.136,0.008,0.334,0.522","0.043,0.349,0.376,0.232",0.5,0.5,True,0.39900609770553763,0.22031341792083645,0.6158113320754425,0.3708900726656381,0.08894905676540577,SN=2=0.2729;SN=3-4=0.3436;SN=5-8=0.3618;SN=9-12=0.3431;SN>=13=0.3406,0.3708900726656381,
584,181,v11plus+v12_5f+v13+v14_seed1,4,NONE,"0.265,0.211,0.331,0.194","0.136,0.008,0.334,0.522","0.043,0.349,0.376,0.232",1.0,1.0,False,0.39900609770553763,0.22031341792083645,0.6158113320754425,0.3708900726656381,0.08894905676540577,SN=2=0.2729;SN=3-4=0.3436;SN=5-8=0.3618;SN=9-12=0.3431;SN>=13=0.3406,0.3708900726656381,
585,,v11_aug+v13+v14_seed2,3,TEMP,"0.338,0.231,0.432","0.289,0.463,0.248","0.007,0.417,0.575",0.5,0.5,True,0.3981341001981265,0.22261140831681506,0.612942971173619,0.3708867976407004,0.08426169300763026,SN=2=0.2730;SN=3-4=0.3441;SN=5-8=0.3573;SN=9-12=0.3425;SN>=13=0.3378,0.3708867976407004,
586,182,v11_aug+v13+v14_seed2,3,NONE,"0.338,0.231,0.432","0.289,0.463,0.248","0.007,0.417,0.575",1.0,1.0,False,0.3981341001981265,0.22261140831681506,0.612942971173619,0.3708867976407004,0.08426169300763026,SN=2=0.2730;SN=3-4=0.3441;SN=5-8=0.3573;SN=9-12=0.3425;SN>=13=0.3378,0.3708867976407004,
587,,v11_aug+v11plus+v12_5f+v14_seed1,4,TEMP,"0.249,0.182,0.453,0.116","0.243,0.254,0.292,0.212","0.024,0.039,0.422,0.515",0.5,0.5,True,0.39817468566042663,0.22175697145336054,0.6144156280050912,0.3708557884465331,0.09139002891004622,SN=2=0.2696;SN=3-4=0.3454;SN=5-8=0.3610;SN=9-12=0.3453;SN>=13=0.3402,0.3708557884465331,
588,183,v11_aug+v11plus+v12_5f+v14_seed1,4,NONE,"0.249,0.182,0.453,0.116","0.243,0.254,0.292,0.212","0.024,0.039,0.422,0.515",1.0,1.0,False,0.39817468566042663,0.22175697145336054,0.6144156280050912,0.3708557884465331,0.09139002891004622,SN=2=0.2696;SN=3-4=0.3454;SN=5-8=0.3610;SN=9-12=0.3453;SN>=13=0.3402,0.3708557884465331,
589,,v11_aug+v12_5f+v13+v14_seed2,4,TEMP,"0.367,0.164,0.241,0.228","0.309,0.108,0.239,0.344","0.033,0.402,0.336,0.228",0.5,0.5,True,0.39796045507848704,0.221782608850074,0.6147900222575099,0.3708552300229264,0.08551131223331454,SN=2=0.2729;SN=3-4=0.3453;SN=5-8=0.3584;SN=9-12=0.3425;SN>=13=0.3368,0.3708552300229264,
590,184,v11_aug+v12_5f+v13+v14_seed2,4,NONE,"0.367,0.164,0.241,0.228","0.309,0.108,0.239,0.344","0.033,0.402,0.336,0.228",1.0,1.0,False,0.39796045507848704,0.221782608850074,0.6147900222575099,0.3708552300229264,0.08551131223331454,SN=2=0.2729;SN=3-4=0.3453;SN=5-8=0.3584;SN=9-12=0.3425;SN>=13=0.3368,0.3708552300229264,
591,,v11+v11_aug+v14_seed2,3,TEMP,"0.212,0.323,0.465","0.283,0.172,0.546","0.033,0.017,0.951",0.5,0.5,True,0.3979099137092544,0.22365441636626238,0.6108689066597904,0.3707995133621648,0.09086302678481478,SN=2=0.2696;SN=3-4=0.3442;SN=5-8=0.3605;SN=9-12=0.3522;SN>=13=0.3353,0.3707995133621648,
592,185,v11+v11_aug+v14_seed2,3,NONE,"0.212,0.323,0.465","0.283,0.172,0.546","0.033,0.017,0.951",1.0,1.0,False,0.3979099137092544,0.22365441636626238,0.6108689066597904,0.3707995133621648,0.09086302678481478,SN=2=0.2696;SN=3-4=0.3442;SN=5-8=0.3605;SN=9-12=0.3522;SN>=13=0.3353,0.3707995133621648,
593,,v11+v11_aug+v12_5f,3,TEMP,"0.231,0.279,0.491","0.371,0.196,0.433","0.033,0.020,0.948",0.5,0.5,True,0.39872225677409906,0.22181794610549416,0.6118253032232928,0.37058114179649587,0.09057668016327713,SN=2=0.2700;SN=3-4=0.3448;SN=5-8=0.3606;SN=9-12=0.3477;SN>=13=0.3342,0.37058114179649587,
594,186,v11+v11_aug+v12_5f,3,NONE,"0.231,0.279,0.491","0.371,0.196,0.433","0.033,0.020,0.948",1.0,1.0,False,0.39872225677409906,0.22181794610549416,0.6118253032232928,0.37058114179649587,0.09057668016327713,SN=2=0.2700;SN=3-4=0.3448;SN=5-8=0.3606;SN=9-12=0.3477;SN>=13=0.3342,0.37058114179649587,
595,,v11+v11plus+v14_seed0,3,THR,"0.181,0.213,0.605","0.257,0.111,0.632","0.023,0.027,0.950",0.5,0.5,True,0.4043647317390287,0.22727789684890648,0.6108952934103027,0.3748361101172346,0.10697591194014267,SN=2=0.2661;SN=3-4=0.3485;SN=5-8=0.3731;SN=9-12=0.3544;SN>=13=0.3455,0.3705456783696416,
596,,v11+v11plus+v12_5f+v14_avg3,4,TEMP,"0.047,0.245,0.215,0.493","0.293,0.093,0.143,0.470","0.012,0.017,0.404,0.567",0.5,0.5,True,0.3945132546891025,0.22462773272212572,0.6143687158428501,0.37053013813306135,0.09182486873036,SN=2=0.2720;SN=3-4=0.3425;SN=5-8=0.3638;SN=9-12=0.3480;SN>=13=0.3391,0.37053013813306135,
597,187,v11+v11plus+v12_5f+v14_avg3,4,NONE,"0.047,0.245,0.215,0.493","0.293,0.093,0.143,0.470","0.012,0.017,0.404,0.567",1.0,1.0,False,0.3945132546891025,0.22462773272212572,0.6143687158428501,0.37053013813306135,0.09182486873036,SN=2=0.2720;SN=3-4=0.3425;SN=5-8=0.3638;SN=9-12=0.3480;SN>=13=0.3391,0.37053013813306135,
598,,v11plus+v13+v14_seed0,3,TEMP,"0.282,0.341,0.377","0.249,0.066,0.686","0.048,0.384,0.567",0.5,0.5,True,0.397892609795197,0.22165229072933412,0.6130930442185735,0.3704365690535272,0.09468057396829915,SN=2=0.2703;SN=3-4=0.3433;SN=5-8=0.3650;SN=9-12=0.3444;SN>=13=0.3439,0.3704365690535272,
599,188,v11plus+v13+v14_seed0,3,NONE,"0.282,0.341,0.377","0.249,0.066,0.686","0.048,0.384,0.567",1.0,1.0,False,0.397892609795197,0.22165229072933412,0.6130930442185735,0.3704365690535272,0.09468057396829915,SN=2=0.2703;SN=3-4=0.3433;SN=5-8=0.3650;SN=9-12=0.3444;SN>=13=0.3439,0.3704365690535272,
600,,v11_aug+v12_5f+v13,3,TEMP,"0.297,0.459,0.244","0.373,0.202,0.425","0.015,0.607,0.379",0.5,0.5,True,0.3987007649230004,0.22006525160490886,0.6144963823031555,0.3704056830717948,0.08467297481795605,SN=2=0.2734;SN=3-4=0.3456;SN=5-8=0.3581;SN=9-12=0.3386;SN>=13=0.3345,0.3704056830717948,
601,189,v11_aug+v12_5f+v13,3,NONE,"0.297,0.459,0.244","0.373,0.202,0.425","0.015,0.607,0.379",1.0,1.0,False,0.3987007649230004,0.22006525160490886,0.6144963823031555,0.3704056830717948,0.08467297481795605,SN=2=0.2734;SN=3-4=0.3456;SN=5-8=0.3581;SN=9-12=0.3386;SN>=13=0.3345,0.3704056830717948,
602,,v11_aug+v11plus+v14_seed2,3,TEMP,"0.288,0.200,0.512","0.249,0.193,0.558","0.022,0.029,0.948",0.5,0.5,True,0.3972671899252625,0.22303274456472497,0.6111046448542226,0.3703409027668395,0.09358619727412454,SN=2=0.2674;SN=3-4=0.3448;SN=5-8=0.3610;SN=9-12=0.3504;SN>=13=0.3384,0.3703409027668395,
603,190,v11_aug+v11plus+v14_seed2,3,NONE,"0.288,0.200,0.512","0.249,0.193,0.558","0.022,0.029,0.948",1.0,1.0,False,0.3972671899252625,0.22303274456472497,0.6111046448542226,0.3703409027668395,0.09358619727412454,SN=2=0.2674;SN=3-4=0.3448;SN=5-8=0.3610;SN=9-12=0.3504;SN>=13=0.3384,0.3703409027668395,
604,,v11+v11plus+v12_5f+v14_seed0,4,TEMP,"0.170,0.206,0.319,0.305","0.343,0.043,0.152,0.462","0.041,0.002,0.547,0.410",0.5,0.5,True,0.39434611861608976,0.22460674689045615,0.6132802964185953,0.37023720548633743,0.09295410842515966,SN=2=0.2708;SN=3-4=0.3421;SN=5-8=0.3638;SN=9-12=0.3484;SN>=13=0.3399,0.37023720548633743,
605,191,v11+v11plus+v12_5f+v14_seed0,4,NONE,"0.170,0.206,0.319,0.305","0.343,0.043,0.152,0.462","0.041,0.002,0.547,0.410",1.0,1.0,False,0.39434611861608976,0.22460674689045615,0.6132802964185953,0.37023720548633743,0.09295410842515966,SN=2=0.2708;SN=3-4=0.3421;SN=5-8=0.3638;SN=9-12=0.3484;SN>=13=0.3399,0.37023720548633743,
606,,v11+v11plus+v12_5f+v14_seed1,4,TEMP,"0.172,0.211,0.585,0.031","0.434,0.035,0.214,0.317","0.020,0.005,0.457,0.518",0.5,0.5,True,0.3943535057018261,0.2239350039679791,0.614431794541145,0.37020176277615113,0.08909565589986085,SN=2=0.2710;SN=3-4=0.3437;SN=5-8=0.3601;SN=9-12=0.3472;SN>=13=0.3378,0.37020176277615113,
607,192,v11+v11plus+v12_5f+v14_seed1,4,NONE,"0.172,0.211,0.585,0.031","0.434,0.035,0.214,0.317","0.020,0.005,0.457,0.518",1.0,1.0,False,0.3943535057018261,0.2239350039679791,0.614431794541145,0.37020176277615113,0.08909565589986085,SN=2=0.2710;SN=3-4=0.3437;SN=5-8=0.3601;SN=9-12=0.3472;SN>=13=0.3378,0.37020176277615113,
608,,v11_aug+v11plus+v14_seed0,3,TEMP,"0.338,0.220,0.442","0.202,0.181,0.617","0.001,0.058,0.941",0.5,0.5,True,0.39659527130317085,0.22331436660890464,0.6107731161795762,0.37011847840074547,0.09312943974285592,SN=2=0.2680;SN=3-4=0.3428;SN=5-8=0.3612;SN=9-12=0.3479;SN>=13=0.3404,0.37011847840074547,
609,193,v11_aug+v11plus+v14_seed0,3,NONE,"0.338,0.220,0.442","0.202,0.181,0.617","0.001,0.058,0.941",1.0,1.0,False,0.39659527130317085,0.22331436660890464,0.6107731161795762,0.37011847840074547,0.09312943974285592,SN=2=0.2680;SN=3-4=0.3428;SN=5-8=0.3612;SN=9-12=0.3479;SN>=13=0.3404,0.37011847840074547,
610,,v11_aug+v11plus+v14_seed1,3,TEMP,"0.226,0.213,0.560","0.183,0.160,0.657","0.043,0.071,0.886",0.5,0.5,True,0.39742760827681445,0.2216991125002586,0.6123301382535364,0.3701167159615365,0.09162445178693418,SN=2=0.2704;SN=3-4=0.3426;SN=5-8=0.3620;SN=9-12=0.3457;SN>=13=0.3409,0.3701167159615365,
611,194,v11_aug+v11plus+v14_seed1,3,NONE,"0.226,0.213,0.560","0.183,0.160,0.657","0.043,0.071,0.886",1.0,1.0,False,0.39742760827681445,0.2216991125002586,0.6123301382535364,0.3701167159615365,0.09162445178693418,SN=2=0.2704;SN=3-4=0.3426;SN=5-8=0.3620;SN=9-12=0.3457;SN>=13=0.3409,0.3701167159615365,
612,,v11_aug+v12_5f+v14_avg3,3,TEMP,"0.367,0.254,0.379","0.284,0.051,0.665","0.018,0.405,0.577",0.5,0.5,True,0.3954217330323501,0.2228425363941234,0.6140340593056859,0.3701125196317266,0.08691695830087509,SN=2=0.2715;SN=3-4=0.3446;SN=5-8=0.3584;SN=9-12=0.3436;SN>=13=0.3396,0.3701125196317266,
613,195,v11_aug+v12_5f+v14_avg3,3,NONE,"0.367,0.254,0.379","0.284,0.051,0.665","0.018,0.405,0.577",1.0,1.0,False,0.3954217330323501,0.2228425363941234,0.6140340593056859,0.3701125196317266,0.08691695830087509,SN=2=0.2715;SN=3-4=0.3446;SN=5-8=0.3584;SN=9-12=0.3436;SN>=13=0.3396,0.3701125196317266,
614,,v11+v11plus+v12_5f+v14_seed2,4,TEMP,"0.222,0.232,0.245,0.301","0.417,0.028,0.217,0.338","0.026,0.026,0.455,0.493",0.5,0.5,True,0.3946302176105202,0.2237969858673642,0.6136540343231816,0.3701016882557901,0.09375301308825762,SN=2=0.2698;SN=3-4=0.3439;SN=5-8=0.3636;SN=9-12=0.3482;SN>=13=0.3379,0.3701016882557901,
615,196,v11+v11plus+v12_5f+v14_seed2,4,NONE,"0.222,0.232,0.245,0.301","0.417,0.028,0.217,0.338","0.026,0.026,0.455,0.493",1.0,1.0,False,0.3946302176105202,0.2237969858673642,0.6136540343231816,0.3701016882557901,0.09375301308825762,SN=2=0.2698;SN=3-4=0.3439;SN=5-8=0.3636;SN=9-12=0.3482;SN>=13=0.3379,0.3701016882557901,
616,,v11+v11_aug+v11plus+v12_5f,4,TEMP,"0.218,0.280,0.020,0.483","0.319,0.199,0.055,0.427","0.018,0.057,0.073,0.853",0.5,0.5,True,0.39875956111278243,0.22112618327534211,0.6102632325102535,0.3700069442573006,0.09335444195517878,SN=2=0.2689;SN=3-4=0.3446;SN=5-8=0.3623;SN=9-12=0.3482;SN>=13=0.3326,0.3700069442573006,
617,197,v11+v11_aug+v11plus+v12_5f,4,NONE,"0.218,0.280,0.020,0.483","0.319,0.199,0.055,0.427","0.018,0.057,0.073,0.853",1.0,1.0,False,0.39875956111278243,0.22112618327534211,0.6102632325102535,0.3700069442573006,0.09335444195517878,SN=2=0.2689;SN=3-4=0.3446;SN=5-8=0.3623;SN=9-12=0.3482;SN>=13=0.3326,0.3700069442573006,
618,,v11+v11_aug+v11plus+v13,4,TEMP,"0.079,0.287,0.177,0.457","0.318,0.165,0.082,0.435","0.011,0.087,0.043,0.859",0.5,0.5,True,0.3995923888843966,0.22267723688127905,0.6050853382874319,0.36992491796375665,0.0949399934266445,SN=2=0.2670;SN=3-4=0.3434;SN=5-8=0.3620;SN=9-12=0.3501;SN>=13=0.3279,0.36992491796375665,
619,198,v11+v11_aug+v11plus+v13,4,NONE,"0.079,0.287,0.177,0.457","0.318,0.165,0.082,0.435","0.011,0.087,0.043,0.859",1.0,1.0,False,0.3995923888843966,0.22267723688127905,0.6050853382874319,0.36992491796375665,0.0949399934266445,SN=2=0.2670;SN=3-4=0.3434;SN=5-8=0.3620;SN=9-12=0.3501;SN>=13=0.3279,0.36992491796375665,
620,,v11+v11plus+v14_avg3,3,TEMP,"0.247,0.166,0.586","0.374,0.023,0.603","0.022,0.072,0.905",0.5,0.5,True,0.39347731205142505,0.22460747415802101,0.6126679952598931,0.3697675135357571,0.09242071414630698,SN=2=0.2692;SN=3-4=0.3423;SN=5-8=0.3617;SN=9-12=0.3498;SN>=13=0.3399,0.3697675135357571,
621,199,v11+v11plus+v14_avg3,3,NONE,"0.247,0.166,0.586","0.374,0.023,0.603","0.022,0.072,0.905",1.0,1.0,False,0.39347731205142505,0.22460747415802101,0.6126679952598931,0.3697675135357571,0.09242071414630698,SN=2=0.2692;SN=3-4=0.3423;SN=5-8=0.3617;SN=9-12=0.3498;SN>=13=0.3399,0.3697675135357571,
622,,v11_aug+v12_5f+v14_seed1,3,TEMP,"0.393,0.295,0.311","0.302,0.127,0.571","0.025,0.421,0.553",0.5,0.5,True,0.3953776260787224,0.22179507841068258,0.6142306719911386,0.3697152161939897,0.08633340873347539,SN=2=0.2714;SN=3-4=0.3449;SN=5-8=0.3577;SN=9-12=0.3421;SN>=13=0.3395,0.3697152161939897,
623,200,v11_aug+v12_5f+v14_seed1,3,NONE,"0.393,0.295,0.311","0.302,0.127,0.571","0.025,0.421,0.553",1.0,1.0,False,0.3953776260787224,0.22179507841068258,0.6142306719911386,0.3697152161939897,0.08633340873347539,SN=2=0.2714;SN=3-4=0.3449;SN=5-8=0.3577;SN=9-12=0.3421;SN>=13=0.3395,0.3697152161939897,
624,,v11plus+v12_5f+v13,3,TEMP,"0.268,0.421,0.312","0.477,0.259,0.264","0.035,0.571,0.394",0.5,0.5,True,0.398199467163493,0.2185737847028268,0.6149363473954508,0.36969657022561814,0.09448195232137424,SN=2=0.2680;SN=3-4=0.3444;SN=5-8=0.3625;SN=9-12=0.3422;SN>=13=0.3405,0.36969657022561814,
625,201,v11plus+v12_5f+v13,3,NONE,"0.268,0.421,0.312","0.477,0.259,0.264","0.035,0.571,0.394",1.0,1.0,False,0.398199467163493,0.2185737847028268,0.6149363473954508,0.36969657022561814,0.09448195232137424,SN=2=0.2680;SN=3-4=0.3444;SN=5-8=0.3625;SN=9-12=0.3422;SN>=13=0.3405,0.36969657022561814,
626,,v11+v12_5f+v14_avg3,3,TEMP,"0.272,0.640,0.088","0.412,0.096,0.492","0.030,0.386,0.584",0.5,0.5,True,0.39243979321903694,0.22468833951316336,0.614168893612371,0.36968503181535434,0.08982792919227478,SN=2=0.2704;SN=3-4=0.3439;SN=5-8=0.3602;SN=9-12=0.3453;SN>=13=0.3400,0.36968503181535434,
627,202,v11+v12_5f+v14_avg3,3,NONE,"0.272,0.640,0.088","0.412,0.096,0.492","0.030,0.386,0.584",1.0,1.0,False,0.39243979321903694,0.22468833951316336,0.614168893612371,0.36968503181535434,0.08982792919227478,SN=2=0.2704;SN=3-4=0.3439;SN=5-8=0.3602;SN=9-12=0.3453;SN>=13=0.3400,0.36968503181535434,
628,,v11_aug+v12_5f+v14_seed0,3,TEMP,"0.406,0.532,0.061","0.242,0.133,0.625","0.015,0.549,0.436",0.5,0.5,True,0.39470181401203325,0.22280162984989463,0.6132165308446617,0.3696446837137035,0.08442783391363318,SN=2=0.2711;SN=3-4=0.3452;SN=5-8=0.3556;SN=9-12=0.3428;SN>=13=0.3395,0.3696446837137035,
629,203,v11_aug+v12_5f+v14_seed0,3,NONE,"0.406,0.532,0.061","0.242,0.133,0.625","0.015,0.549,0.436",1.0,1.0,False,0.39470181401203325,0.22280162984989463,0.6132165308446617,0.3696446837137035,0.08442783391363318,SN=2=0.2711;SN=3-4=0.3452;SN=5-8=0.3556;SN=9-12=0.3428;SN>=13=0.3395,0.3696446837137035,
630,,v11_aug+v11plus+v12_5f,3,TEMP,"0.241,0.196,0.562","0.292,0.205,0.504","0.015,0.052,0.933",0.5,0.5,True,0.3981800253593208,0.2196688554475911,0.6119672715482484,0.36953300663241445,0.08861398234240841,SN=2=0.2690;SN=3-4=0.3454;SN=5-8=0.3576;SN=9-12=0.3442;SN>=13=0.3342,0.36953300663241445,
631,204,v11_aug+v11plus+v12_5f,3,NONE,"0.241,0.196,0.562","0.292,0.205,0.504","0.015,0.052,0.933",1.0,1.0,False,0.3981800253593208,0.2196688554475911,0.6119672715482484,0.36953300663241445,0.08861398234240841,SN=2=0.2690;SN=3-4=0.3454;SN=5-8=0.3576;SN=9-12=0.3442;SN>=13=0.3342,0.36953300663241445,
632,,v11+v11_aug+v13,3,TEMP,"0.230,0.291,0.479","0.328,0.187,0.485","0.089,0.028,0.883",0.5,0.5,True,0.39799068816215327,0.22280621349600435,0.6055330458914312,0.36942536984154933,0.09038948117389167,SN=2=0.2679;SN=3-4=0.3430;SN=5-8=0.3583;SN=9-12=0.3484;SN>=13=0.3265,0.36942536984154933,
633,205,v11+v11_aug+v13,3,NONE,"0.230,0.291,0.479","0.328,0.187,0.485","0.089,0.028,0.883",1.0,1.0,False,0.39799068816215327,0.22280621349600435,0.6055330458914312,0.36942536984154933,0.09038948117389167,SN=2=0.2679;SN=3-4=0.3430;SN=5-8=0.3583;SN=9-12=0.3484;SN>=13=0.3265,0.36942536984154933,
634,,v11+v12_5f+v14_seed1,3,TEMP,"0.264,0.657,0.079","0.417,0.091,0.492","0.019,0.417,0.564",0.5,0.5,True,0.39215222232798885,0.2239183895486916,0.614361376793233,0.3693005201093188,0.09071986920289876,SN=2=0.2696;SN=3-4=0.3440;SN=5-8=0.3603;SN=9-12=0.3453;SN>=13=0.3390,0.3693005201093188,
635,206,v11+v12_5f+v14_seed1,3,NONE,"0.264,0.657,0.079","0.417,0.091,0.492","0.019,0.417,0.564",1.0,1.0,False,0.39215222232798885,0.2239183895486916,0.614361376793233,0.3693005201093188,0.09071986920289876,SN=2=0.2696;SN=3-4=0.3440;SN=5-8=0.3603;SN=9-12=0.3453;SN>=13=0.3390,0.3693005201093188,
636,,v11_aug+v11plus+v13,3,TEMP,"0.268,0.177,0.555","0.324,0.146,0.529","0.007,0.045,0.948",0.5,0.5,True,0.39905654908613053,0.22061623494139754,0.606632353841577,0.36919558437932665,0.08861637254937194,SN=2=0.2694;SN=3-4=0.3426;SN=5-8=0.3580;SN=9-12=0.3451;SN>=13=0.3314,0.36919558437932665,
637,207,v11_aug+v11plus+v13,3,NONE,"0.268,0.177,0.555","0.324,0.146,0.529","0.007,0.045,0.948",1.0,1.0,False,0.39905654908613053,0.22061623494139754,0.606632353841577,0.36919558437932665,0.08861637254937194,SN=2=0.2694;SN=3-4=0.3426;SN=5-8=0.3580;SN=9-12=0.3451;SN>=13=0.3314,0.36919558437932665,
638,,v11_aug+v12_5f+v14_seed2,3,TEMP,"0.384,0.488,0.128","0.373,0.173,0.455","0.022,0.559,0.419",0.5,0.5,True,0.39487406721471635,0.22134491383435423,0.61332712648579,0.36915301771678627,0.08681167938886986,SN=2=0.2707;SN=3-4=0.3439;SN=5-8=0.3575;SN=9-12=0.3429;SN>=13=0.3375,0.36915301771678627,
639,208,v11_aug+v12_5f+v14_seed2,3,NONE,"0.384,0.488,0.128","0.373,0.173,0.455","0.022,0.559,0.419",1.0,1.0,False,0.39487406721471635,0.22134491383435423,0.61332712648579,0.36915301771678627,0.08681167938886986,SN=2=0.2707;SN=3-4=0.3439;SN=5-8=0.3575;SN=9-12=0.3429;SN>=13=0.3375,0.36915301771678627,
640,,v11+v12_5f+v14_seed0,3,TEMP,"0.263,0.655,0.082","0.429,0.115,0.456","0.011,0.555,0.434",0.5,0.5,True,0.3921253847367092,0.22412356407134962,0.6132602780159717,0.3691516351264179,0.09020238971069677,SN=2=0.2695;SN=3-4=0.3429;SN=5-8=0.3597;SN=9-12=0.3451;SN>=13=0.3418,0.3691516351264179,
641,209,v11+v12_5f+v14_seed0,3,NONE,"0.263,0.655,0.082","0.429,0.115,0.456","0.011,0.555,0.434",1.0,1.0,False,0.3921253847367092,0.22412356407134962,0.6132602780159717,0.3691516351264179,0.09020238971069677,SN=2=0.2695;SN=3-4=0.3429;SN=5-8=0.3597;SN=9-12=0.3451;SN>=13=0.3418,0.3691516351264179,
642,,v11+v12_5f+v14_seed2,3,TEMP,"0.301,0.679,0.020","0.403,0.122,0.475","0.023,0.548,0.429",0.5,0.5,True,0.3918564012653253,0.2237886513659495,0.6134399910854845,0.36894601926960685,0.08921294005587455,SN=2=0.2693;SN=3-4=0.3441;SN=5-8=0.3585;SN=9-12=0.3457;SN>=13=0.3392,0.36894601926960685,
643,210,v11+v12_5f+v14_seed2,3,NONE,"0.301,0.679,0.020","0.403,0.122,0.475","0.023,0.548,0.429",1.0,1.0,False,0.3918564012653253,0.2237886513659495,0.6134399910854845,0.36894601926960685,0.08921294005587455,SN=2=0.2693;SN=3-4=0.3441;SN=5-8=0.3585;SN=9-12=0.3457;SN>=13=0.3392,0.36894601926960685,
644,,v11+v11plus+v14_seed0,3,TEMP,"0.181,0.213,0.605","0.257,0.111,0.632","0.023,0.027,0.950",0.5,0.5,True,0.39363077656020484,0.22325911565698706,0.6108952934103027,0.3689350155689373,0.09493226642740055,SN=2=0.2682;SN=3-4=0.3398;SN=5-8=0.3631;SN=9-12=0.3450;SN>=13=0.3428,0.3689350155689373,
645,211,v11+v11plus+v14_seed0,3,NONE,"0.181,0.213,0.605","0.257,0.111,0.632","0.023,0.027,0.950",1.0,1.0,False,0.39363077656020484,0.22325911565698706,0.6108952934103027,0.3689350155689373,0.09493226642740055,SN=2=0.2682;SN=3-4=0.3398;SN=5-8=0.3631;SN=9-12=0.3450;SN>=13=0.3428,0.3689350155689373,
646,,v11+v11plus+v14_seed1,3,TEMP,"0.190,0.190,0.620","0.401,0.047,0.553","0.025,0.004,0.972",0.5,0.5,True,0.39293472178289807,0.22301928107902297,0.6128955346756803,0.3689607080799045,0.0986809234861365,SN=2=0.2681;SN=3-4=0.3419;SN=5-8=0.3668;SN=9-12=0.3484;SN>=13=0.3382,0.36881777055931453,
647,212,v11+v11plus+v14_seed1,3,NONE,"0.190,0.190,0.620","0.401,0.047,0.553","0.025,0.004,0.972",1.0,1.0,False,0.39293472178289807,0.22301928107902297,0.6128955346756803,0.3689607080799045,0.0986809234861365,SN=2=0.2681;SN=3-4=0.3419;SN=5-8=0.3668;SN=9-12=0.3484;SN>=13=0.3382,0.36881777055931453,
648,,v11+v11plus+v14_seed2,3,TEMP,"0.312,0.195,0.494","0.314,0.095,0.591","0.049,0.018,0.933",0.5,0.5,True,0.39290183622572,0.22322781306939374,0.6110426750578596,0.3686603947296174,0.09413329875184812,SN=2=0.2682;SN=3-4=0.3398;SN=5-8=0.3624;SN=9-12=0.3523;SN>=13=0.3391,0.3686603947296174,
649,213,v11+v11plus+v14_seed2,3,NONE,"0.312,0.195,0.494","0.314,0.095,0.591","0.049,0.018,0.933",1.0,1.0,False,0.39290183622572,0.22322781306939374,0.6110426750578596,0.3686603947296174,0.09413329875184812,SN=2=0.2682;SN=3-4=0.3398;SN=5-8=0.3624;SN=9-12=0.3523;SN>=13=0.3391,0.3686603947296174,
650,,v11plus+v12_5f+v14_avg3,3,TEMP,"0.265,0.185,0.550","0.245,0.037,0.717","0.022,0.326,0.652",0.5,0.5,True,0.393149133708641,0.22077219075623647,0.6143172715390075,0.3684319840937525,0.09200708947857128,SN=2=0.2706;SN=3-4=0.3403;SN=5-8=0.3627;SN=9-12=0.3411;SN>=13=0.3410,0.3684319840937525,
651,214,v11plus+v12_5f+v14_avg3,3,NONE,"0.265,0.185,0.550","0.245,0.037,0.717","0.022,0.326,0.652",1.0,1.0,False,0.393149133708641,0.22077219075623647,0.6143172715390075,0.3684319840937525,0.09200708947857128,SN=2=0.2706;SN=3-4=0.3403;SN=5-8=0.3627;SN=9-12=0.3411;SN>=13=0.3410,0.3684319840937525,
652,,v11+v11plus+v12_5f,3,TEMP,"0.166,0.210,0.625","0.518,0.002,0.480","0.023,0.026,0.951",0.5,0.5,True,0.39418455549967585,0.22047895015487082,0.6120921929812264,0.368283840858064,0.08788204515252246,SN=2=0.2698;SN=3-4=0.3424;SN=5-8=0.3577;SN=9-12=0.3441;SN>=13=0.3317,0.368283840858064,
653,215,v11+v11plus+v12_5f,3,NONE,"0.166,0.210,0.625","0.518,0.002,0.480","0.023,0.026,0.951",1.0,1.0,False,0.39418455549967585,0.22047895015487082,0.6120921929812264,0.368283840858064,0.08788204515252246,SN=2=0.2698;SN=3-4=0.3424;SN=5-8=0.3577;SN=9-12=0.3441;SN>=13=0.3317,0.368283840858064,
654,,v11plus+v12_5f+v14_seed2,3,TEMP,"0.256,0.548,0.196","0.328,0.053,0.619","0.027,0.517,0.457",0.5,0.5,True,0.3926456715392576,0.22092554707185535,0.613688334788635,0.3681661544021722,0.08849107908950227,SN=2=0.2686;SN=3-4=0.3428;SN=5-8=0.3571;SN=9-12=0.3422;SN>=13=0.3408,0.3681661544021722,
655,216,v11plus+v12_5f+v14_seed2,3,NONE,"0.256,0.548,0.196","0.328,0.053,0.619","0.027,0.517,0.457",1.0,1.0,False,0.3926456715392576,0.22092554707185535,0.613688334788635,0.3681661544021722,0.08849107908950227,SN=2=0.2686;SN=3-4=0.3428;SN=5-8=0.3571;SN=9-12=0.3422;SN>=13=0.3408,0.3681661544021722,
656,,v11plus+v12_5f+v14_seed0,3,TEMP,"0.268,0.452,0.280","0.213,0.067,0.720","0.043,0.503,0.454",0.5,0.5,True,0.3927402961161285,0.22088526698516198,0.6135289437496558,0.3681560139904474,0.09030604170873374,SN=2=0.2700;SN=3-4=0.3419;SN=5-8=0.3603;SN=9-12=0.3420;SN>=13=0.3407,0.3681560139904474,
657,217,v11plus+v12_5f+v14_seed0,3,NONE,"0.268,0.452,0.280","0.213,0.067,0.720","0.043,0.503,0.454",1.0,1.0,False,0.3927402961161285,0.22088526698516198,0.6135289437496558,0.3681560139904474,0.09030604170873374,SN=2=0.2700;SN=3-4=0.3419;SN=5-8=0.3603;SN=9-12=0.3420;SN>=13=0.3407,0.3681560139904474,
658,,v11+v11plus+v13,3,TEMP,"0.258,0.262,0.480","0.457,0.008,0.535","0.059,0.067,0.874",0.5,0.5,True,0.39444840398592645,0.22187147525693157,0.6067871397197424,0.3678853796410917,0.09542641583548761,SN=2=0.2670;SN=3-4=0.3418;SN=5-8=0.3624;SN=9-12=0.3438;SN>=13=0.3282,0.3678853796410917,
659,218,v11+v11plus+v13,3,NONE,"0.258,0.262,0.480","0.457,0.008,0.535","0.059,0.067,0.874",1.0,1.0,False,0.39444840398592645,0.22187147525693157,0.6067871397197424,0.3678853796410917,0.09542641583548761,SN=2=0.2670;SN=3-4=0.3418;SN=5-8=0.3624;SN=9-12=0.3438;SN>=13=0.3282,0.3678853796410917,
660,,v11plus+v12_5f+v14_seed1,3,TEMP,"0.254,0.547,0.198","0.211,0.021,0.768","0.026,0.422,0.552",0.5,0.5,True,0.3929096931782163,0.2192066724262705,0.6145789732200447,0.36776234088580373,0.08709066924349845,SN=2=0.2702;SN=3-4=0.3407;SN=5-8=0.3573;SN=9-12=0.3417;SN>=13=0.3419,0.36776234088580373,
661,219,v11plus+v12_5f+v14_seed1,3,NONE,"0.254,0.547,0.198","0.211,0.021,0.768","0.026,0.422,0.552",1.0,1.0,False,0.3929096931782163,0.2192066724262705,0.6145789732200447,0.36776234088580373,0.08709066924349845,SN=2=0.2702;SN=3-4=0.3407;SN=5-8=0.3573;SN=9-12=0.3417;SN>=13=0.3419,0.36776234088580373,
662,,v11+v11_aug+v11plus+v16_testhist_aug,4,TEMP,"0.104,0.232,0.103,0.561","0.256,0.250,0.046,0.448","0.006,0.070,0.090,0.834",0.5,0.5,True,0.39915288107998825,0.21530004302585642,0.6053946835604443,0.36686010635442673,0.09681929741492629,SN=2=0.2677;SN=3-4=0.3394;SN=5-8=0.3645;SN=9-12=0.3425;SN>=13=0.3351,0.36686010635442673,
663,220,v11+v11_aug+v11plus+v16_testhist_aug,4,NONE,"0.104,0.232,0.103,0.561","0.256,0.250,0.046,0.448","0.006,0.070,0.090,0.834",1.0,1.0,False,0.39915288107998825,0.21530004302585642,0.6053946835604443,0.36686010635442673,0.09681929741492629,SN=2=0.2677;SN=3-4=0.3394;SN=5-8=0.3645;SN=9-12=0.3425;SN>=13=0.3351,0.36686010635442673,
664,,v11+v11_aug+v16_testhist_aug,3,TEMP,"0.177,0.251,0.572","0.293,0.257,0.450","0.025,0.011,0.964",0.5,0.5,True,0.39792804553397254,0.21514213713995015,0.607966953207586,0.3668214637110863,0.09586742797381725,SN=2=0.2678;SN=3-4=0.3393;SN=5-8=0.3637;SN=9-12=0.3438;SN>=13=0.3388,0.3668214637110863,
665,221,v11+v11_aug+v16_testhist_aug,3,NONE,"0.177,0.251,0.572","0.293,0.257,0.450","0.025,0.011,0.964",1.0,1.0,False,0.39792804553397254,0.21514213713995015,0.607966953207586,0.3668214637110863,0.09586742797381725,SN=2=0.2678;SN=3-4=0.3393;SN=5-8=0.3637;SN=9-12=0.3438;SN>=13=0.3388,0.3668214637110863,
666,,v11_aug+v11plus+v16_testhist_aug,3,TEMP,"0.281,0.150,0.568","0.188,0.099,0.713","0.034,0.026,0.940",0.5,0.5,True,0.3982113572221797,0.214004542058759,0.6080632230568646,0.3664990043237484,0.08714294874689943,SN=2=0.2716;SN=3-4=0.3372;SN=5-8=0.3588;SN=9-12=0.3433;SN>=13=0.3388,0.3664990043237484,
667,222,v11_aug+v11plus+v16_testhist_aug,3,NONE,"0.281,0.150,0.568","0.188,0.099,0.713","0.034,0.026,0.940",1.0,1.0,False,0.3982113572221797,0.214004542058759,0.6080632230568646,0.3664990043237484,0.08714294874689943,SN=2=0.2716;SN=3-4=0.3372;SN=5-8=0.3588;SN=9-12=0.3433;SN>=13=0.3388,0.3664990043237484,
668,,v11+v11plus+v16_testhist_aug,3,TEMP,"0.221,0.193,0.586","0.126,0.124,0.750","0.026,0.029,0.945",0.5,0.5,True,0.3939084581724682,0.21441565210009675,0.6083109859066221,0.36499184129035045,0.09041806978563316,SN=2=0.2702;SN=3-4=0.3344;SN=5-8=0.3606;SN=9-12=0.3440;SN>=13=0.3402,0.36499184129035045,
669,223,v11+v11plus+v16_testhist_aug,3,NONE,"0.221,0.193,0.586","0.126,0.124,0.750","0.026,0.029,0.945",1.0,1.0,False,0.3939084581724682,0.21441565210009675,0.6083109859066221,0.36499184129035045,0.09041806978563316,SN=2=0.2702;SN=3-4=0.3344;SN=5-8=0.3606;SN=9-12=0.3440;SN>=13=0.3402,0.36499184129035045,
670,,v11+v11_aug+v11plus,3,THR,"0.328,0.402,0.269","0.565,0.414,0.022","0.140,0.442,0.417",0.5,0.5,True,0.37492996535029965,0.2215343890425868,0.5670850813555144,0.3520027580282575,0.08901767731487448,SN=2=0.2518;SN=3-4=0.3247;SN=5-8=0.3408;SN=9-12=0.3304;SN>=13=0.3080,0.3520027580282575,
671,,v11+v11_aug+v11plus,3,TEMP,"0.328,0.402,0.269","0.565,0.414,0.022","0.140,0.442,0.417",0.5,0.5,True,0.3576440945207035,0.20559841020577813,0.5670850813555144,0.33871401816169555,0.09167540528632717,SN=2=0.2419;SN=3-4=0.3194;SN=5-8=0.3336;SN=9-12=0.3140;SN>=13=0.2925,0.33871401816169555,
672,224,v11+v11_aug+v11plus,3,NONE,"0.328,0.402,0.269","0.565,0.414,0.022","0.140,0.442,0.417",1.0,1.0,False,0.3576440945207035,0.20559841020577813,0.5670850813555144,0.33871401816169555,0.09167540528632717,SN=2=0.2419;SN=3-4=0.3194;SN=5-8=0.3336;SN=9-12=0.3140;SN>=13=0.2925,0.33871401816169555,
673,225,v11plus+v12_5f+v13,3,CW,"0.268,0.421,0.312","0.477,0.259,0.264","0.035,0.571,0.394",1.0,1.0,False,0.3264390823063386,0.1618506688081885,0.6149363473954508,0.31830316992490104,0.10685942195203718,SN=2=0.2163;SN=3-4=0.3066;SN=5-8=0.3232;SN=9-12=0.3041;SN>=13=0.2867,0.31407098317136073,
674,226,v11plus+v12_5f+v13+v14_seed2,4,CW,"0.291,0.225,0.294,0.190","0.157,0.088,0.268,0.487","0.040,0.411,0.284,0.265",1.0,1.0,False,0.32453422498803103,0.16180087468797075,0.6153799915009268,0.3176100381705861,0.11054051201956921,SN=2=0.2123;SN=3-4=0.3031;SN=5-8=0.3229;SN=9-12=0.3031;SN>=13=0.2900,0.3115373063832798,
675,227,v11plus+v13+v14_seed1,3,CW,"0.235,0.293,0.472","0.251,0.278,0.472","0.033,0.332,0.635",1.0,1.0,False,0.3255815587942063,0.1584176305900739,0.6151193083760168,0.31662353742891547,0.10903582811696333,SN=2=0.2127;SN=3-4=0.3010;SN=5-8=0.3218;SN=9-12=0.3026;SN>=13=0.2894,0.3113031475929121,
676,228,v11plus+v12_5f+v13+v14_avg3,4,CW,"0.271,0.125,0.277,0.328","0.278,0.022,0.184,0.517","0.045,0.396,0.221,0.338",1.0,1.0,False,0.32444593545668443,0.15933069297660105,0.6155472999676888,0.316620111366852,0.10932319758613562,SN=2=0.2128;SN=3-4=0.3017;SN=5-8=0.3221;SN=9-12=0.3032;SN>=13=0.2884,0.31115603679626247,
677,229,v11plus+v13+v14_seed2,3,CW,"0.287,0.349,0.365","0.285,0.284,0.431","0.026,0.374,0.599",1.0,1.0,False,0.3240168463870624,0.16140044830267808,0.6135494056305446,0.3168767990020051,0.11023267114145069,SN=2=0.2123;SN=3-4=0.3029;SN=5-8=0.3225;SN=9-12=0.3032;SN>=13=0.2896,0.31095798765375804,
678,230,v11plus+v12_5f+v13+v14_seed1,4,CW,"0.265,0.211,0.331,0.194","0.136,0.008,0.334,0.522","0.043,0.349,0.376,0.232",1.0,1.0,False,0.32615563635967104,0.15951063815266658,0.6158113320754425,0.3174287762200235,0.11138478595745258,SN=2=0.2120;SN=3-4=0.3032;SN=5-8=0.3234;SN=9-12=0.3031;SN>=13=0.2916,0.3109339074637755,
679,231,v11_aug+v12_5f+v13,3,CW,"0.297,0.459,0.244","0.373,0.202,0.425","0.015,0.607,0.379",1.0,1.0,False,0.3230920227208059,0.16075992986619034,0.6144963823031555,0.3164400574954296,0.11004522197269728,SN=2=0.2117;SN=3-4=0.3017;SN=5-8=0.3218;SN=9-12=0.3003;SN>=13=0.2861,0.31061497073155925,
680,232,v11plus+v13+v14_avg3,3,CW,"0.282,0.364,0.355","0.125,0.228,0.647","0.021,0.255,0.724",1.0,1.0,False,0.32494355435388556,0.15784876657498675,0.6145133157472048,0.3160195915209899,0.11142876922778955,SN=2=0.2095;SN=3-4=0.3004;SN=5-8=0.3210;SN=9-12=0.3047;SN>=13=0.2927,0.30950273112957344,
681,233,v11plus+v12_5f+v13+v14_seed0,4,CW,"0.275,0.031,0.337,0.358","0.262,0.038,0.061,0.639","0.023,0.431,0.287,0.258",1.0,1.0,False,0.3247266941258698,0.15598666684389312,0.6151968514789029,0.3153247146836858,0.1108179469453685,SN=2=0.2108;SN=3-4=0.3001;SN=5-8=0.3216;SN=9-12=0.3034;SN>=13=0.2894,0.30911326543347983,
682,234,v11plus+v12_5f+v14_seed2,3,CW,"0.256,0.548,0.196","0.328,0.053,0.619","0.027,0.517,0.457",1.0,1.0,False,0.31882023406329907,0.15579767404589856,0.613688334788635,0.3125848302014061,0.1062351063560309,SN=2=0.2104;SN=3-4=0.2988;SN=5-8=0.3166;SN=9-12=0.2990;SN>=13=0.2842,0.3086648012458689,
683,235,v11plus+v13+v14_seed0,3,CW,"0.282,0.341,0.377","0.249,0.066,0.686","0.048,0.384,0.567",1.0,1.0,False,0.32418948577096257,0.15584331918696373,0.6130930442185735,0.3146317308268852,0.11157431879069257,SN=2=0.2092;SN=3-4=0.2992;SN=5-8=0.3208;SN=9-12=0.3032;SN>=13=0.2905,0.30804209565401725,
684,236,v11+v12_5f+v13,3,CW,"0.230,0.441,0.329","0.468,0.180,0.352","0.022,0.585,0.393",1.0,1.0,False,0.3264970191829154,0.14904514919471454,0.6146609758578585,0.3131490625226237,0.10868640735703355,SN=2=0.2110;SN=3-4=0.3022;SN=5-8=0.3197;SN=9-12=0.3006;SN>=13=0.2839,0.30800338306658526,
685,237,v11+v12_5f+v13+v14_avg3,4,CW,"0.207,0.389,0.295,0.109","0.354,0.056,0.172,0.418","0.023,0.331,0.286,0.360",1.0,1.0,False,0.3258351078848885,0.1483314092267814,0.6154811920034389,0.31276284524535575,0.10792823059319784,SN=2=0.2095;SN=3-4=0.2999;SN=5-8=0.3174;SN=9-12=0.3031;SN>=13=0.2856,0.3079962541712351,
686,238,v11+v12_5f+v13+v14_seed2,4,CW,"0.222,0.266,0.292,0.220","0.347,0.050,0.165,0.438","0.035,0.491,0.262,0.212",1.0,1.0,False,0.32551626310060616,0.14914319572684284,0.6150460321528491,0.31287298996154944,0.1088608589367338,SN=2=0.2102;SN=3-4=0.2994;SN=5-8=0.3190;SN=9-12=0.3002;SN>=13=0.2856,0.30764008471566084,
687,239,v11+v11plus+v12_5f+v13+v14_seed1,5,CW,"0.123,0.124,0.276,0.316,0.161","0.325,0.014,0.001,0.279,0.381","0.013,0.023,0.376,0.161,0.427",1.0,1.0,False,0.3245884484474424,0.15015921472505628,0.6157759837636692,0.3130542620217333,0.10929820919896027,SN=2=0.2095;SN=3-4=0.2998;SN=5-8=0.3188;SN=9-12=0.3011;SN>=13=0.2847,0.3076026816447315,
688,240,v11plus+v12_5f+v14_seed1,3,CW,"0.254,0.547,0.198","0.211,0.021,0.768","0.026,0.422,0.552",1.0,1.0,False,0.3196320864497022,0.15240519149492066,0.6145789732200447,0.31173070582185813,0.10666566377948139,SN=2=0.2087;SN=3-4=0.2969;SN=5-8=0.3154;SN=9-12=0.2969;SN>=13=0.2872,0.30759539815459574,
689,241,v11+v11plus+v12_5f+v13+v14_seed2,5,CW,"0.120,0.146,0.200,0.405,0.129","0.374,0.051,0.149,0.121,0.304","0.006,0.023,0.351,0.222,0.398",1.0,1.0,False,0.32596900713036275,0.14758452795265212,0.6151469640931746,0.3124508068518409,0.10859153199876673,SN=2=0.2091;SN=3-4=0.3008;SN=5-8=0.3177;SN=9-12=0.3004;SN>=13=0.2830,0.30735256507493586,
690,242,v11plus+v12_5f+v14_avg3,3,CW,"0.265,0.185,0.550","0.245,0.037,0.717","0.022,0.326,0.652",1.0,1.0,False,0.3174975140365415,0.15505699169399562,0.6143172715390075,0.31188525660001637,0.10804340931556206,SN=2=0.2086;SN=3-4=0.2974;SN=5-8=0.3166;SN=9-12=0.3001;SN>=13=0.2869,0.3070610761647137,
691,243,v11plus+v12_5f+v14_seed0,3,CW,"0.268,0.452,0.280","0.213,0.067,0.720","0.043,0.503,0.454",1.0,1.0,False,0.3183998118182029,0.1554561489668284,0.6135289437496558,0.3122481730639437,0.10925346582510514,SN=2=0.2076;SN=3-4=0.2983;SN=5-8=0.3169;SN=9-12=0.2994;SN>=13=0.2879,0.30681896437386946,
692,244,v11+v13+v14_seed2,3,CW,"0.238,0.420,0.342","0.357,0.227,0.416","0.040,0.415,0.545",1.0,1.0,False,0.325558176622156,0.14936994888764038,0.6132568370371715,0.31262261761135285,0.11041898424571012,SN=2=0.2095;SN=3-4=0.2987;SN=5-8=0.3199;SN=9-12=0.3019;SN>=13=0.2875,0.30661064971097607,
693,245,v11+v12_5f+v13+v14_seed1,4,CW,"0.286,0.220,0.362,0.132","0.431,0.020,0.224,0.326","0.036,0.316,0.308,0.341",1.0,1.0,False,0.3242545911439768,0.14594394091699073,0.6157778793754168,0.3112349886994704,0.1080683479299415,SN=2=0.2093;SN=3-4=0.2985;SN=5-8=0.3173;SN=9-12=0.2994;SN>=13=0.2841,0.306398338956978,
694,246,v11_aug+v11plus+v12_5f+v13,4,CW,"0.247,0.161,0.232,0.361","0.266,0.173,0.242,0.319","0.011,0.024,0.641,0.324",1.0,1.0,False,0.32061018823126963,0.1583669410927167,0.6148064429169232,0.3145521403129792,0.11479326209431032,SN=2=0.2059;SN=3-4=0.3002;SN=5-8=0.3207;SN=9-12=0.3035;SN>=13=0.2838,0.30635303348830234,
695,247,v11+v13+v14_seed1,3,CW,"0.294,0.385,0.321","0.368,0.297,0.335","0.032,0.309,0.659",1.0,1.0,False,0.32380471709499475,0.14915704292756282,0.6148140418654308,0.3121475123821092,0.11010210922886887,SN=2=0.2088;SN=3-4=0.2985;SN=5-8=0.3189;SN=9-12=0.3014;SN>=13=0.2857,0.30629398199015306,
696,248,v11+v12_5f+v13+v14_seed0,4,CW,"0.269,0.360,0.316,0.054","0.395,0.152,0.103,0.350","0.017,0.533,0.282,0.168",1.0,1.0,False,0.324967057872547,0.14706508741300853,0.6149438003055341,0.31180161817532903,0.10941793172850073,SN=2=0.2091;SN=3-4=0.3001;SN=5-8=0.3186;SN=9-12=0.2992;SN>=13=0.2821,0.30629017653355695,
697,249,v11+v11plus+v12_5f+v13+v14_avg3,5,CW,"0.161,0.157,0.093,0.335,0.254","0.324,0.046,0.115,0.112,0.402","0.030,0.037,0.297,0.249,0.386",1.0,1.0,False,0.32337938306942804,0.14813151517708262,0.6154422249090212,0.3116928042804085,0.10963148473899414,SN=2=0.2074;SN=3-4=0.2998;SN=5-8=0.3170;SN=9-12=0.2997;SN>=13=0.2836,0.3060745861333898,
698,250,v11+v13+v14_avg3,3,CW,"0.229,0.338,0.433","0.360,0.103,0.537","0.026,0.319,0.655",1.0,1.0,False,0.3249568377878148,0.14597306251153264,0.6143847322151008,0.31124890656275916,0.1088972090977044,SN=2=0.2083;SN=3-4=0.2981;SN=5-8=0.3172;SN=9-12=0.2995;SN>=13=0.2858,0.3059978262363853,
699,251,v11_aug+v13+v14_seed2,3,CW,"0.338,0.231,0.432","0.289,0.463,0.248","0.007,0.417,0.575",1.0,1.0,False,0.31781412979147056,0.15973194252154177,0.612942971173619,0.3136070231599287,0.11368914153651244,SN=2=0.2058;SN=3-4=0.2975;SN=5-8=0.3195;SN=9-12=0.3023;SN>=13=0.2839,0.3059599766141508,
700,252,v11_aug+v12_5f+v13+v14_seed1,4,CW,"0.380,0.203,0.261,0.155","0.246,0.005,0.263,0.486","0.001,0.440,0.193,0.365",1.0,1.0,False,0.31925448868580647,0.1572447394324094,0.61544473148943,0.3136886375451724,0.11422824271679927,SN=2=0.2058;SN=3-4=0.2973;SN=5-8=0.3200;SN=9-12=0.3010;SN>=13=0.2864,0.3057720404092511,
701,253,v11+v11plus+v13+v14_avg3,4,CW,"0.138,0.194,0.386,0.282","0.356,0.039,0.269,0.336","0.011,0.049,0.313,0.627",1.0,1.0,False,0.323323307692409,0.14873702504030056,0.6146212925976097,0.3117483916126058,0.1106531904395548,SN=2=0.2075;SN=3-4=0.2986;SN=5-8=0.3181;SN=9-12=0.3009;SN>=13=0.2839,0.3056193206153067,
702,254,v11+v13+v14_seed0,3,CW,"0.243,0.331,0.426","0.401,0.223,0.376","0.028,0.420,0.552",1.0,1.0,False,0.32405911965610384,0.1468916784824559,0.6127937190791278,0.3109390630712495,0.10929181276329689,SN=2=0.2085;SN=3-4=0.2977;SN=5-8=0.3178;SN=9-12=0.2991;SN>=13=0.2840,0.30549068091207937,
703,255,v11+v11_aug+v11plus+v12_5f+v13,5,CW,"0.051,0.156,0.181,0.347,0.265","0.278,0.124,0.059,0.169,0.369","0.006,0.032,0.047,0.627,0.288",1.0,1.0,False,0.3213672305590574,0.14974002416299487,0.6142065195460071,0.31128420579802235,0.11009886192913798,SN=2=0.2047;SN=3-4=0.2986;SN=5-8=0.3148;SN=9-12=0.2984;SN>=13=0.2797,0.30543229905593167,
704,256,v11_aug+v12_5f+v13+v14_seed0,4,CW,"0.325,0.380,0.224,0.071","0.292,0.027,0.146,0.536","0.008,0.435,0.363,0.194",1.0,1.0,False,0.321056368302705,0.15426730132275884,0.6148138553982905,0.31309223892984367,0.11371643564686412,SN=2=0.2059;SN=3-4=0.2970;SN=5-8=0.3196;SN=9-12=0.2991;SN>=13=0.2831,0.30543154532888994,
705,257,v11_aug+v12_5f+v13+v14_seed2,4,CW,"0.367,0.164,0.241,0.228","0.309,0.108,0.239,0.344","0.033,0.402,0.336,0.228",1.0,1.0,False,0.31867748714356403,0.1581242815504155,0.6147900222575099,0.3136787119290938,0.11516939081033528,SN=2=0.2064;SN=3-4=0.2976;SN=5-8=0.3216;SN=9-12=0.3011;SN>=13=0.2824,0.30529154074640447,
706,258,v11_aug+v11plus+v12_5f+v13+v14_seed2,5,CW,"0.160,0.203,0.108,0.343,0.186","0.233,0.203,0.017,0.171,0.375","0.005,0.038,0.347,0.263,0.346",1.0,1.0,False,0.3220069089558038,0.1535766249243723,0.6152677692227755,0.31328696739662554,0.11448691287468166,SN=2=0.2061;SN=3-4=0.2984;SN=5-8=0.3206;SN=9-12=0.3011;SN>=13=0.2845,0.30524103518176304,
707,259,v11_aug+v11plus+v12_5f+v13+v14_seed1,5,CW,"0.219,0.143,0.227,0.241,0.171","0.216,0.175,0.034,0.143,0.433","0.029,0.042,0.190,0.412,0.328",1.0,1.0,False,0.3211662695941309,0.15265516236991708,0.6152004125062382,0.31256865528686684,0.11309772713391922,SN=2=0.2050;SN=3-4=0.2969;SN=5-8=0.3181;SN=9-12=0.3006;SN>=13=0.2823,0.30521731594238555,
708,260,v11+v11plus+v13+v14_seed1,4,CW,"0.157,0.135,0.322,0.385","0.348,0.099,0.232,0.321","0.024,0.052,0.150,0.774",1.0,1.0,False,0.3237651890648053,0.1460626700463687,0.614432820522955,0.3108177077490606,0.10969015396511356,SN=2=0.2078;SN=3-4=0.2975;SN=5-8=0.3175;SN=9-12=0.2997;SN>=13=0.2831,0.30517015498898215,
709,261,v11+v11plus+v12_5f+v13+v14_seed0,5,CW,"0.163,0.193,0.156,0.347,0.142","0.353,0.069,0.114,0.157,0.307","0.007,0.022,0.348,0.357,0.267",1.0,1.0,False,0.32182015526746244,0.14738081842648051,0.6151391093711559,0.31070821135180837,0.10974379700610093,SN=2=0.2067;SN=3-4=0.2992;SN=5-8=0.3164;SN=9-12=0.2972;SN>=13=0.2800,0.3050338370712362,
710,262,v11+v11plus+v12_5f+v13,4,CW,"0.288,0.092,0.277,0.343","0.421,0.065,0.097,0.417","0.015,0.013,0.761,0.211",1.0,1.0,False,0.3208275841404297,0.14786129854623575,0.6142552798781349,0.3103266090502932,0.10898182112779237,SN=2=0.2076;SN=3-4=0.2984;SN=5-8=0.3166;SN=9-12=0.2977;SN>=13=0.2818,0.30503322270887534,
711,263,v11+v11plus+v13+v14_seed2,4,CW,"0.156,0.189,0.330,0.325","0.265,0.085,0.228,0.422","0.045,0.013,0.576,0.367",1.0,1.0,False,0.3218222592800978,0.1502620713850199,0.6125985218112825,0.3113534366283036,0.1113586446166728,SN=2=0.2058;SN=3-4=0.2975;SN=5-8=0.3172;SN=9-12=0.2997;SN>=13=0.2829,0.30487163854244553,
712,264,v11+v11_aug+v12_5f+v13+v14_seed1,5,CW,"0.188,0.114,0.170,0.292,0.236","0.357,0.019,0.094,0.154,0.375","0.026,0.000,0.162,0.385,0.426",1.0,1.0,False,0.3216975570778152,0.1470430108210658,0.615468138066,0.3105898547727524,0.11031769155199556,SN=2=0.2067;SN=3-4=0.2968;SN=5-8=0.3170;SN=9-12=0.2983;SN>=13=0.2824,0.30462853321923294,
713,265,v11_aug+v13+v14_seed1,3,CW,"0.402,0.237,0.361","0.283,0.390,0.327","0.018,0.323,0.659",1.0,1.0,False,0.31699812773300284,0.15742890328454306,0.614461631346292,0.31266313867627676,0.11464018135861137,SN=2=0.2052;SN=3-4=0.2963;SN=5-8=0.3199;SN=9-12=0.3014;SN>=13=0.2818,0.3045405722194494,
714,266,v11_aug+v11plus+v12_5f+v13+v14_seed0,5,CW,"0.260,0.170,0.213,0.342,0.016","0.193,0.104,0.055,0.353,0.295","0.019,0.022,0.712,0.236,0.011",1.0,1.0,False,0.3184552597692779,0.158030162310572,0.6144317858778487,0.31348052600750975,0.11661172355679855,SN=2=0.2029;SN=3-4=0.2986;SN=5-8=0.3195;SN=9-12=0.3007;SN>=13=0.2852,0.30437218845158875,
715,267,v11_aug+v12_5f+v14_seed1,3,CW,"0.393,0.295,0.311","0.302,0.127,0.571","0.025,0.421,0.553",1.0,1.0,False,0.3135293666413844,0.1534246294998626,0.6142306719911386,0.30962773285472656,0.10891083343351704,SN=2=0.2051;SN=3-4=0.2941;SN=5-8=0.3140;SN=9-12=0.2952;SN>=13=0.2794,0.30436984036044634,
716,268,v11_aug+v11plus+v12_5f,3,CW,"0.241,0.196,0.562","0.292,0.205,0.504","0.015,0.052,0.933",1.0,1.0,False,0.31300391871930394,0.15572647876727497,0.6119672715482484,0.3098856133042812,0.10959988318889363,SN=2=0.2046;SN=3-4=0.2971;SN=5-8=0.3142;SN=9-12=0.2982;SN>=13=0.2746,0.3042831959323127,
717,269,v11_aug+v12_5f+v13+v14_avg3,4,CW,"0.368,0.116,0.238,0.277","0.253,0.039,0.033,0.675","0.040,0.414,0.240,0.306",1.0,1.0,False,0.318639422976536,0.1540438583453187,0.6149558765280999,0.31206448783436186,0.11400031772290933,SN=2=0.2054;SN=3-4=0.2943;SN=5-8=0.3194;SN=9-12=0.2989;SN>=13=0.2853,0.3042618531953855,
718,270,v11_aug+v11plus+v13+v14_seed2,4,CW,"0.182,0.174,0.261,0.382","0.207,0.176,0.212,0.405","0.006,0.035,0.249,0.710",1.0,1.0,False,0.31975299763285975,0.15465719878722103,0.6132815922002056,0.31242039700807345,0.11522320440789469,SN=2=0.2049;SN=3-4=0.2967;SN=5-8=0.3201;SN=9-12=0.3004;SN>=13=0.2835,0.3040063190266044,
719,271,v11_aug+v11plus+v13+v14_seed1,4,CW,"0.194,0.210,0.303,0.293","0.210,0.061,0.379,0.350","0.010,0.083,0.301,0.606",1.0,1.0,False,0.3199030445921113,0.15681953858291925,0.6143255062084515,0.31355413451170255,0.11756728617695089,SN=2=0.2040;SN=3-4=0.2991;SN=5-8=0.3215;SN=9-12=0.3003;SN>=13=0.2837,0.3039680156457054,
720,272,v11_aug+v12_5f+v14_seed2,3,CW,"0.384,0.488,0.128","0.373,0.173,0.455","0.022,0.559,0.419",1.0,1.0,False,0.3136788629205151,0.1546570722035025,0.61332712648579,0.3099997993467651,0.11050476891405475,SN=2=0.2047;SN=3-4=0.2951;SN=5-8=0.3152;SN=9-12=0.2968;SN>=13=0.2798,0.303944939112216,
721,273,v11_aug+v13+v14_avg3,3,CW,"0.361,0.219,0.420","0.280,0.085,0.635","0.028,0.284,0.688",1.0,1.0,False,0.3183854208216012,0.15413278053094526,0.6139778093475997,0.31180284241053857,0.11435849160856615,SN=2=0.2045;SN=3-4=0.2945;SN=5-8=0.3189;SN=9-12=0.2977;SN>=13=0.2860,0.3038211208287338,
722,274,v11_aug+v11plus+v12_5f+v14_seed1,4,CW,"0.249,0.182,0.453,0.116","0.243,0.254,0.292,0.212","0.024,0.039,0.422,0.515",1.0,1.0,False,0.31349656067808307,0.15326731621984316,0.6144156280050912,0.3095886763601887,0.10993852772692442,SN=2=0.2034;SN=3-4=0.2952;SN=5-8=0.3133;SN=9-12=0.2993;SN>=13=0.2789,0.30381693671920484,
723,275,v11+v11_aug+v12_5f+v13+v14_avg3,5,CW,"0.208,0.154,0.185,0.346,0.107","0.408,0.038,0.091,0.215,0.248","0.002,0.007,0.425,0.235,0.331",1.0,1.0,False,0.3199982894367513,0.14703276605954713,0.6152804844665809,0.30986851909183555,0.11054583339441498,SN=2=0.2047;SN=3-4=0.2968;SN=5-8=0.3153;SN=9-12=0.2983;SN>=13=0.2821,0.30379312661710633,
724,276,v11+v11_aug+v12_5f+v13,4,CW,"0.263,0.103,0.277,0.357","0.350,0.161,0.268,0.220","0.029,0.025,0.721,0.225",1.0,1.0,False,0.3205798419643733,0.14695868014432256,0.6140323930650223,0.3098218874564828,0.11064664375962749,SN=2=0.2058;SN=3-4=0.2964;SN=5-8=0.3165;SN=9-12=0.2984;SN>=13=0.2822,0.30369608979914736,
725,277,v11+v11plus+v13+v14_seed0,4,CW,"0.247,0.114,0.376,0.262","0.311,0.085,0.201,0.403","0.012,0.030,0.390,0.568",1.0,1.0,False,0.32054615909867834,0.1470210223270019,0.6131867051780387,0.30966421360587987,0.11049545228905938,SN=2=0.2057;SN=3-4=0.2957;SN=5-8=0.3162;SN=9-12=0.2971;SN>=13=0.2843,0.3036140116838285,
726,278,v11_aug+v11plus+v13+v14_avg3,4,CW,"0.218,0.180,0.311,0.292","0.217,0.099,0.302,0.381","0.002,0.068,0.150,0.780",1.0,1.0,False,0.31955239436983296,0.1557873509487493,0.6139498698043522,0.31292587208830336,0.11713389451677264,SN=2=0.2033;SN=3-4=0.2971;SN=5-8=0.3204;SN=9-12=0.3018;SN>=13=0.2856,0.3035564490523953,
727,279,v11_aug+v11plus+v13+v14_seed0,4,CW,"0.141,0.217,0.257,0.385","0.206,0.226,0.138,0.429","0.032,0.052,0.275,0.641",1.0,1.0,False,0.3195796025779036,0.1522250234863893,0.6124083377042551,0.3112035179665682,0.11382319679567582,SN=2=0.2043;SN=3-4=0.2961;SN=5-8=0.3182;SN=9-12=0.2963;SN>=13=0.2835,0.30348944379120857,
728,280,v11_aug+v12_5f+v14_avg3,3,CW,"0.367,0.254,0.379","0.284,0.051,0.665","0.018,0.405,0.577",1.0,1.0,False,0.31389629607068054,0.1531558747312724,0.6140340593056859,0.3096276801819184,0.11067649787918032,SN=2=0.2046;SN=3-4=0.2930;SN=5-8=0.3153;SN=9-12=0.2949;SN>=13=0.2819,0.30348695546480653,
729,281,v11_aug+v13+v14_seed0,3,CW,"0.369,0.263,0.368","0.310,0.149,0.541","0.012,0.271,0.718",1.0,1.0,False,0.3184248283428894,0.1536647940801705,0.612325913865224,0.31130103174226875,0.11404307787022955,SN=2=0.2035;SN=3-4=0.2945;SN=5-8=0.3175;SN=9-12=0.2996;SN>=13=0.2843,0.30347701702963226,
730,282,v11+v11plus+v12_5f+v14_avg3,4,CW,"0.047,0.245,0.215,0.493","0.293,0.093,0.143,0.470","0.012,0.017,0.404,0.567",1.0,1.0,False,0.3173778029567251,0.1456077306425277,0.6143687158428501,0.30806795660827113,0.10768273586259133,SN=2=0.2054;SN=3-4=0.2964;SN=5-8=0.3131;SN=9-12=0.2950;SN>=13=0.2794,0.30342411289945376,
731,283,v11_aug+v11plus+v12_5f+v13+v14_avg3,5,CW,"0.218,0.211,0.283,0.235,0.053","0.236,0.178,0.124,0.023,0.439","0.031,0.032,0.435,0.240,0.263",1.0,1.0,False,0.3184899955972182,0.1519850561074632,0.615198970273666,0.31122981473660577,0.11406541572046258,SN=2=0.2034;SN=3-4=0.2951;SN=5-8=0.3174;SN=9-12=0.2999;SN>=13=0.2822,0.3033946310988528,
732,284,v11_aug+v12_5f+v14_seed0,3,CW,"0.406,0.532,0.061","0.242,0.133,0.625","0.015,0.549,0.436",1.0,1.0,False,0.31318688843169523,0.15419814339912485,0.6132165308446617,0.30959731890126035,0.11133612370197782,SN=2=0.2024;SN=3-4=0.2943;SN=5-8=0.3137;SN=9-12=0.2972;SN>=13=0.2822,0.3031267812727497,
733,285,v11_aug+v11plus+v12_5f+v14_avg3,4,CW,"0.240,0.164,0.243,0.353","0.202,0.238,0.215,0.346","0.029,0.031,0.380,0.560",1.0,1.0,False,0.3132746962870127,0.15397060133502122,0.6141799929451395,0.3097341176378415,0.11231512427414575,SN=2=0.2034;SN=3-4=0.2941;SN=5-8=0.3158;SN=9-12=0.2970;SN>=13=0.2790,0.3027740797232469,
734,286,v11_aug+v11plus+v13,3,CW,"0.268,0.177,0.555","0.324,0.146,0.529","0.007,0.045,0.948",1.0,1.0,False,0.31681964753717595,0.15557290320964975,0.606632353841577,0.31028349106704567,0.11367481206208568,SN=2=0.2019;SN=3-4=0.2961;SN=5-8=0.3156;SN=9-12=0.3016;SN>=13=0.2812,0.3026436092584811,
735,287,v11+v11plus+v12_5f,3,CW,"0.166,0.210,0.625","0.518,0.002,0.480","0.023,0.026,0.951",1.0,1.0,False,0.3164431811286633,0.14433148659230446,0.6120921929812264,0.3067283056846324,0.10713146080550609,SN=2=0.2054;SN=3-4=0.2972;SN=5-8=0.3125;SN=9-12=0.2917;SN>=13=0.2732,0.30236009950435766,
736,288,v11+v12_5f+v14_seed1,3,CW,"0.264,0.657,0.079","0.417,0.091,0.492","0.019,0.417,0.564",1.0,1.0,False,0.3180447791847187,0.14189772435899567,0.614361376793233,0.3068492767761324,0.10842992049620351,SN=2=0.2049;SN=3-4=0.2944;SN=5-8=0.3134;SN=9-12=0.2942;SN>=13=0.2782,0.30183184075050895,
737,289,v11+v11plus+v13,3,CW,"0.258,0.262,0.480","0.457,0.008,0.535","0.059,0.067,0.874",1.0,1.0,False,0.3140888496596741,0.1478245288489304,0.6067871397197424,0.3061227793473903,0.10713079156808356,SN=2=0.2039;SN=3-4=0.2946;SN=5-8=0.3110;SN=9-12=0.2954;SN>=13=0.2762,0.3017549077858268,
738,290,v11_aug+v11plus+v12_5f+v14_seed2,4,CW,"0.307,0.229,0.136,0.328","0.190,0.227,0.133,0.449","0.017,0.049,0.439,0.495",1.0,1.0,False,0.30535881181332425,0.15344694314154667,0.6135253876727755,0.3062273795165035,0.10776768961203048,SN=2=0.2003;SN=3-4=0.2912;SN=5-8=0.3080;SN=9-12=0.2965;SN>=13=0.2757,0.30154105893296657,
739,291,v11+v12_5f+v14_avg3,3,CW,"0.272,0.640,0.088","0.412,0.096,0.492","0.030,0.386,0.584",1.0,1.0,False,0.31774076071578355,0.1432860891595624,0.614168893612371,0.3072445186726126,0.1102215781694531,SN=2=0.2044;SN=3-4=0.2955;SN=5-8=0.3146;SN=9-12=0.2955;SN>=13=0.2777,0.30133125381036435,
740,292,v11+v12_5f+v14_seed2,3,CW,"0.301,0.679,0.020","0.403,0.122,0.475","0.023,0.548,0.429",1.0,1.0,False,0.3168732111094631,0.1450188941792711,0.6134399910854845,0.3074448403325906,0.11108034311843357,SN=2=0.2046;SN=3-4=0.2953;SN=5-8=0.3156;SN=9-12=0.2946;SN>=13=0.2776,0.30110219299585217,
741,293,v11+v11plus+v12_5f+v14_seed1,4,CW,"0.172,0.211,0.585,0.031","0.434,0.035,0.214,0.317","0.020,0.005,0.457,0.518",1.0,1.0,False,0.31577458246518947,0.14247307043538984,0.614431794541145,0.3061854200684607,0.10902458440514601,SN=2=0.2030;SN=3-4=0.2958;SN=5-8=0.3120;SN=9-12=0.2923;SN>=13=0.2758,0.30087065208836605,
742,294,v11+v11plus+v12_5f+v14_seed0,4,CW,"0.170,0.206,0.319,0.305","0.343,0.043,0.152,0.462","0.041,0.002,0.547,0.410",1.0,1.0,False,0.314380091211031,0.14448634213629236,0.6132802964185953,0.3062026326226484,0.10929361545734267,SN=2=0.2035;SN=3-4=0.2945;SN=5-8=0.3127;SN=9-12=0.2909;SN>=13=0.2749,0.30075334911645535,
743,295,v11+v11_aug+v11plus+v13+v14_seed2,5,CW,"0.095,0.099,0.157,0.353,0.296","0.383,0.063,0.041,0.111,0.402","0.023,0.017,0.010,0.475,0.474",1.0,1.0,False,0.32089336249376915,0.1429402176455278,0.6131437740067367,0.30816218685706614,0.11323783590537423,SN=2=0.2029;SN=3-4=0.2947;SN=5-8=0.3161;SN=9-12=0.2978;SN>=13=0.2798,0.3007407931268573,
744,296,v11+v12_5f+v14_seed0,3,CW,"0.263,0.655,0.082","0.429,0.115,0.456","0.011,0.555,0.434",1.0,1.0,False,0.31742931776737604,0.1426123739870846,0.6132602780159717,0.3066687323049786,0.11032927711953802,SN=2=0.2039;SN=3-4=0.2952;SN=5-8=0.3142;SN=9-12=0.2938;SN>=13=0.2782,0.3007016179676879,
745,297,v11+v11_aug+v13+v14_seed0,4,CW,"0.241,0.103,0.326,0.330","0.345,0.116,0.167,0.373","0.035,0.035,0.406,0.523",1.0,1.0,False,0.3197460851062977,0.14350512094702395,0.6122881942854799,0.3077581212784246,0.1127657900910877,SN=2=0.2028;SN=3-4=0.2933;SN=5-8=0.3155;SN=9-12=0.2965;SN>=13=0.2816,0.3005727504553591,
746,298,v11_aug+v11plus+v14_seed1,3,CW,"0.226,0.213,0.560","0.183,0.160,0.657","0.043,0.071,0.886",1.0,1.0,False,0.3116414898913303,0.14912313743867953,0.6123301382535364,0.3067718785827112,0.11090372715248653,SN=2=0.2007;SN=3-4=0.2905;SN=5-8=0.3116;SN=9-12=0.2940;SN>=13=0.2789,0.30051753922894625,
747,299,v11+v11_aug+v13+v14_seed1,4,CW,"0.192,0.190,0.272,0.346","0.278,0.112,0.174,0.436","0.038,0.036,0.260,0.666",1.0,1.0,False,0.31715584832660476,0.1458130794018503,0.6142571008205189,0.30803899125548584,0.11364036499483227,SN=2=0.2021;SN=3-4=0.2916;SN=5-8=0.3158;SN=9-12=0.2992;SN>=13=0.2803,0.30041633298054804,
748,300,v11_aug+v11plus+v12_5f+v14_seed0,4,CW,"0.302,0.211,0.350,0.137","0.204,0.238,0.176,0.382","0.003,0.038,0.411,0.548",1.0,1.0,False,0.3079810959707604,0.15238715634187971,0.6134192862197602,0.3068311581690081,0.1116825348511204,SN=2=0.1997;SN=3-4=0.2912;SN=5-8=0.3114;SN=9-12=0.2950;SN>=13=0.2767,0.30018741496592616,
749,301,v11+v11_aug+v12_5f+v13+v14_seed2,5,CW,"0.112,0.294,0.137,0.267,0.190","0.340,0.119,0.003,0.127,0.410","0.021,0.004,0.162,0.341,0.472",1.0,1.0,False,0.31620981284776734,0.1444570690984104,0.6144816600623635,0.3071630847909438,0.11322777613153681,SN=2=0.2005;SN=3-4=0.2920;SN=5-8=0.3137;SN=9-12=0.2961;SN>=13=0.2779,0.2997467209476537,
750,302,v11+v11plus+v12_5f+v14_seed2,4,CW,"0.222,0.232,0.245,0.301","0.417,0.028,0.217,0.338","0.026,0.026,0.455,0.493",1.0,1.0,False,0.3107388040227326,0.14464379040579173,0.6136540343231816,0.30488384463604606,0.10907242312740856,SN=2=0.2013;SN=3-4=0.2946;SN=5-8=0.3104;SN=9-12=0.2927;SN>=13=0.2713,0.2995451572948201,
751,303,v11+v11_aug+v13+v14_seed2,4,CW,"0.192,0.234,0.311,0.263","0.386,0.023,0.222,0.369","0.015,0.042,0.481,0.462",1.0,1.0,False,0.31477685071098543,0.14738801238550417,0.6124658001112915,0.30735910526085414,0.1141020203403656,SN=2=0.1999;SN=3-4=0.2936;SN=5-8=0.3140;SN=9-12=0.2971;SN>=13=0.2790,0.2995056193131497,
752,304,v11_aug+v11plus+v14_avg3,3,CW,"0.222,0.188,0.590","0.175,0.224,0.601","0.007,0.035,0.958",1.0,1.0,False,0.31153453587167135,0.1494409736704555,0.6131898375784739,0.3070281713325455,0.1135092310601502,SN=2=0.2009;SN=3-4=0.2903;SN=5-8=0.3144;SN=9-12=0.2963;SN>=13=0.2776,0.2994710800249487,
753,305,v11+v11plus+v14_avg3,3,CW,"0.247,0.166,0.586","0.374,0.023,0.603","0.022,0.072,0.905",1.0,1.0,False,0.3118574822049814,0.1431182560361497,0.6126679952598931,0.3045238943484311,0.1100667170040655,SN=2=0.2010;SN=3-4=0.2915;SN=5-8=0.3111;SN=9-12=0.2935;SN>=13=0.2749,0.2986880600688766,
754,306,v11_aug+v11plus+v14_seed2,3,CW,"0.288,0.200,0.512","0.249,0.193,0.558","0.022,0.029,0.948",1.0,1.0,False,0.306963701213495,0.1498565604522743,0.6111046448542226,0.30494903363715226,0.11123371505597973,SN=2=0.1991;SN=3-4=0.2889;SN=5-8=0.3103;SN=9-12=0.2946;SN>=13=0.2745,0.2985297003316407,
755,307,v11+v11plus+v14_seed0,3,CW,"0.181,0.213,0.605","0.257,0.111,0.632","0.023,0.027,0.950",1.0,1.0,False,0.3121052004119856,0.14393050090608683,0.6108952934103027,0.3045933392092895,0.11078493674716339,SN=2=0.2003;SN=3-4=0.2909;SN=5-8=0.3110;SN=9-12=0.2926;SN>=13=0.2793,0.2983983950581861,
756,308,v11+v11_aug+v11plus+v13+v14_seed0,5,CW,"0.169,0.153,0.161,0.305,0.213","0.340,0.044,0.056,0.232,0.327","0.059,0.013,0.017,0.350,0.562",1.0,1.0,False,0.31237702286287206,0.14639857826947877,0.6124792603985827,0.30600609253265687,0.11382203082896636,SN=2=0.1987;SN=3-4=0.2928;SN=5-8=0.3125;SN=9-12=0.2946;SN>=13=0.2761,0.298292601340652,
757,309,v11+v11plus+v14_seed1,3,CW,"0.190,0.190,0.620","0.401,0.047,0.553","0.025,0.004,0.972",1.0,1.0,False,0.3130146213851298,0.13944222687312982,0.6128955346756803,0.3035618462384399,0.10909139463810369,SN=2=0.2016;SN=3-4=0.2903;SN=5-8=0.3107;SN=9-12=0.2910;SN>=13=0.2754,0.29821367314186636,
758,310,v11+v11_aug+v12_5f+v13+v14_seed0,5,CW,"0.185,0.265,0.222,0.281,0.047","0.283,0.117,0.074,0.138,0.388","0.024,0.015,0.298,0.184,0.479",1.0,1.0,False,0.3137348050413469,0.14611261257964406,0.6143109196926356,0.3068011509869235,0.11562771017156676,SN=2=0.1984;SN=3-4=0.2927;SN=5-8=0.3140;SN=9-12=0.2950;SN>=13=0.2783,0.29818482012361847,
759,311,v11+v11_aug+v11plus+v13+v14_seed1,5,CW,"0.190,0.153,0.136,0.293,0.228","0.241,0.150,0.020,0.153,0.436","0.006,0.050,0.038,0.462,0.443",1.0,1.0,False,0.3134098517464874,0.1453371199531708,0.6136302552248687,0.30622483972483705,0.11448175773808328,SN=2=0.1981;SN=3-4=0.2915;SN=5-8=0.3125;SN=9-12=0.2970;SN>=13=0.2769,0.2981814850782737,
760,312,v11+v11_aug+v12_5f+v14_seed1,4,CW,"0.183,0.289,0.516,0.012","0.326,0.131,0.202,0.342","0.010,0.025,0.477,0.487",1.0,1.0,False,0.30769356737157094,0.14325455634491496,0.6142710334637296,0.3032334561793403,0.1100506803164999,SN=2=0.1988;SN=3-4=0.2896;SN=5-8=0.3089;SN=9-12=0.2925;SN>=13=0.2702,0.29740564024356864,
761,313,v11+v11_aug+v11plus+v13+v14_avg3,5,CW,"0.172,0.153,0.185,0.273,0.217","0.246,0.144,0.053,0.097,0.461","0.100,0.029,0.026,0.220,0.625",1.0,1.0,False,0.31167876131230515,0.14445711492774752,0.6115521664036193,0.30476478377674493,0.11351194034251955,SN=2=0.1971;SN=3-4=0.2909;SN=5-8=0.3106;SN=9-12=0.2951;SN>=13=0.2729,0.29720633782796346,
762,314,v11+v11_aug+v13+v14_avg3,4,CW,"0.234,0.232,0.292,0.242","0.373,0.118,0.125,0.384","0.032,0.032,0.070,0.866",1.0,1.0,False,0.3123670997988513,0.14265222309148137,0.6132337823554481,0.30465448562722275,0.11356499045831867,SN=2=0.1975;SN=3-4=0.2912;SN=5-8=0.3111;SN=9-12=0.2932;SN>=13=0.2746,0.2970695146205417,
763,315,v11+v11_aug+v11plus+v12_5f+v14_seed1,5,CW,"0.190,0.252,0.025,0.425,0.107","0.274,0.136,0.077,0.132,0.382","0.064,0.009,0.002,0.366,0.559",1.0,1.0,False,0.3084531427282193,0.14218959886998278,0.6138881792961619,0.3030347324985132,0.11131628682983219,SN=2=0.1981;SN=3-4=0.2886;SN=5-8=0.3095;SN=9-12=0.2918;SN>=13=0.2701,0.2965741133060754,
764,316,v11+v11_aug+v12_5f,3,CW,"0.231,0.279,0.491","0.371,0.196,0.433","0.033,0.020,0.948",1.0,1.0,False,0.30409364330158567,0.14325214234442923,0.6118253032232928,0.3013033749030645,0.10797828461073306,SN=2=0.1986;SN=3-4=0.2895;SN=5-8=0.3066;SN=9-12=0.2890;SN>=13=0.2656,0.2965117568201763,
765,317,v11_aug+v11plus+v14_seed0,3,CW,"0.338,0.220,0.442","0.202,0.181,0.617","0.001,0.058,0.941",1.0,1.0,False,0.3030033204521711,0.14929951490590992,0.6107731161795762,0.30307575737914766,0.1115842231472301,SN=2=0.1952;SN=3-4=0.2874;SN=5-8=0.3068;SN=9-12=0.2929;SN>=13=0.2764,0.2964811700280109,
766,318,v11+v11_aug+v12_5f+v14_seed0,4,CW,"0.172,0.296,0.333,0.199","0.401,0.061,0.072,0.466","0.055,0.009,0.658,0.278",1.0,1.0,False,0.30718122083829663,0.14106092992832484,0.6128692329079797,0.3018707068882445,0.10918828911186257,SN=2=0.1988;SN=3-4=0.2885;SN=5-8=0.3080;SN=9-12=0.2895;SN>=13=0.2675,0.29647408655479157,
767,319,v11+v11_aug+v12_5f+v14_seed2,4,CW,"0.280,0.259,0.261,0.200","0.399,0.078,0.195,0.328","0.021,0.031,0.383,0.566",1.0,1.0,False,0.3013186857439394,0.14390576827666407,0.6132080123491279,0.300731384078067,0.10729788020724834,SN=2=0.1966;SN=3-4=0.2888;SN=5-8=0.3039;SN=9-12=0.2895;SN>=13=0.2685,0.29627996819692115,
768,320,v11+v11_aug+v11plus+v12_5f,4,CW,"0.218,0.280,0.020,0.483","0.319,0.199,0.055,0.427","0.018,0.057,0.073,0.853",1.0,1.0,False,0.30402969092764404,0.14377006730190772,0.6102632325102535,0.3011725497938714,0.10889957959737034,SN=2=0.1977;SN=3-4=0.2898;SN=5-8=0.3066;SN=9-12=0.2891;SN>=13=0.2650,0.2959202842176646,
769,321,v11+v11_aug+v11plus+v12_5f+v14_seed0,5,CW,"0.168,0.276,0.070,0.317,0.168","0.319,0.057,0.088,0.131,0.406","0.016,0.001,0.028,0.666,0.289",1.0,1.0,False,0.3041837109289679,0.14307756787094103,0.6134220213461774,0.30158891578919905,0.11032857900155077,SN=2=0.1968;SN=3-4=0.2889;SN=5-8=0.3071;SN=9-12=0.2883;SN>=13=0.2695,0.29562215051090196,
770,322,v11+v11plus+v14_seed2,3,CW,"0.312,0.195,0.494","0.314,0.095,0.591","0.049,0.018,0.933",1.0,1.0,False,0.3058001344596177,0.1437014320610684,0.6110426750578596,0.30200916161984637,0.11119647072676495,SN=2=0.1969;SN=3-4=0.2896;SN=5-8=0.3081;SN=9-12=0.2931;SN>=13=0.2731,0.2956084504789422,
771,323,v11+v11_aug+v14_seed1,3,CW,"0.174,0.320,0.506","0.315,0.115,0.570","0.023,0.030,0.947",1.0,1.0,False,0.3047585431950657,0.13950563422423917,0.6127938663551655,0.30026444423875503,0.10801012577465866,SN=2=0.1968;SN=3-4=0.2853;SN=5-8=0.3048;SN=9-12=0.2898;SN>=13=0.2707,0.295456905573904,
772,324,v11+v11_aug+v11plus+v12_5f+v14_avg3,5,CW,"0.167,0.257,0.111,0.101,0.364","0.206,0.151,0.090,0.072,0.481","0.034,0.072,0.004,0.345,0.545",1.0,1.0,False,0.30320279099144354,0.14432111442652398,0.6127512223102567,0.3015598066292383,0.11097438653889416,SN=2=0.1956;SN=3-4=0.2871;SN=5-8=0.3066;SN=9-12=0.2915;SN>=13=0.2706,0.29527013758226955,
773,325,v11+v11_aug+v11plus+v13,4,CW,"0.079,0.287,0.177,0.457","0.318,0.165,0.082,0.435","0.011,0.087,0.043,0.859",1.0,1.0,False,0.30957010029840587,0.14313759917452312,0.6050853382874319,0.302100147446658,0.1121830822100526,SN=2=0.1950;SN=3-4=0.2894;SN=5-8=0.3072;SN=9-12=0.2923;SN>=13=0.2704,0.29520613056411,
774,326,v11+v11_aug+v12_5f+v14_avg3,4,CW,"0.219,0.307,0.049,0.425","0.284,0.125,0.025,0.566","0.023,0.013,0.391,0.573",1.0,1.0,False,0.30214898166361426,0.14268414098108703,0.6141666432180112,0.30076657770148274,0.11006483055347183,SN=2=0.1952;SN=3-4=0.2856;SN=5-8=0.3053;SN=9-12=0.2907;SN>=13=0.2715,0.29493168664722513,
775,327,v11+v11_aug+v13,3,CW,"0.230,0.291,0.479","0.328,0.187,0.485","0.089,0.028,0.883",1.0,1.0,False,0.30884756090979465,0.14435264920288488,0.6055330458914312,0.3023866932233581,0.11369772243266779,SN=2=0.1953;SN=3-4=0.2900;SN=5-8=0.3090;SN=9-12=0.2936;SN>=13=0.2700,0.29473535622950253,
776,328,v11+v11_aug+v14_avg3,3,CW,"0.214,0.334,0.453","0.373,0.049,0.578","0.029,0.021,0.950",1.0,1.0,False,0.30048459418825896,0.14201125166059375,0.6128392141736096,0.29956618117426304,0.10827547476356836,SN=2=0.1946;SN=3-4=0.2862;SN=5-8=0.3029;SN=9-12=0.2898;SN>=13=0.2692,0.29462596801495716,
777,329,v11+v11_aug+v14_seed2,3,CW,"0.212,0.323,0.465","0.283,0.172,0.546","0.033,0.017,0.951",1.0,1.0,False,0.3001777014078646,0.14301419016183448,0.6108689066597904,0.2994505379598377,0.10828909849516657,SN=2=0.1936;SN=3-4=0.2843;SN=5-8=0.3019;SN=9-12=0.2895;SN>=13=0.2701,0.29450351293473276,
778,330,v11+v11_aug+v11plus+v12_5f+v14_seed2,5,CW,"0.224,0.212,0.126,0.244,0.194","0.396,0.128,0.028,0.102,0.346","0.001,0.032,0.024,0.189,0.754",1.0,1.0,False,0.30183447388531787,0.14063972150538576,0.6125677122417176,0.299503220604625,0.10937060838580148,SN=2=0.1945;SN=3-4=0.2867;SN=5-8=0.3039;SN=9-12=0.2884;SN>=13=0.2688,0.29401544063420254,
779,331,v11+v11_aug+v11plus+v14_avg3,4,CW,"0.104,0.292,0.160,0.444","0.295,0.093,0.012,0.600","0.009,0.084,0.023,0.883",1.0,1.0,False,0.3017317280564045,0.14217150052620134,0.6114350456501922,0.2998483005630808,0.1100876431825028,SN=2=0.1938;SN=3-4=0.2860;SN=5-8=0.3039;SN=9-12=0.2907;SN>=13=0.2692,0.2940020031943077,
780,332,v11+v11_aug+v11plus+v14_seed2,4,CW,"0.175,0.201,0.161,0.463","0.347,0.042,0.052,0.559","0.092,0.020,0.049,0.840",1.0,1.0,False,0.3026510924735403,0.14222040486582135,0.6091735234924571,0.2997833036342361,0.11069285396307751,SN=2=0.1947;SN=3-4=0.2868;SN=5-8=0.3054;SN=9-12=0.2878;SN>=13=0.2667,0.29363440087517567,
781,333,v11+v11_aug+v11plus+v14_seed1,4,CW,"0.166,0.278,0.100,0.456","0.370,0.134,0.016,0.480","0.075,0.017,0.003,0.905",1.0,1.0,False,0.3028979459748599,0.13753860901208867,0.6122762434744421,0.2986298706896679,0.10870374604170865,SN=2=0.1951;SN=3-4=0.2845;SN=5-8=0.3038;SN=9-12=0.2888;SN>=13=0.2662,0.2934755218912919,
782,334,v11+v11_aug+v14_seed0,3,CW,"0.256,0.290,0.454","0.393,0.027,0.581","0.043,0.017,0.940",1.0,1.0,False,0.29991959577302985,0.14086322421245084,0.6104902240756813,0.29841117280932855,0.10980953755144113,SN=2=0.1932;SN=3-4=0.2851;SN=5-8=0.3031;SN=9-12=0.2877;SN>=13=0.2682,0.29270392825608627,
783,335,v11+v11_aug+v11plus+v14_seed0,4,CW,"0.179,0.272,0.102,0.446","0.348,0.056,0.068,0.528","0.083,0.027,0.023,0.867",1.0,1.0,False,0.30066515161619,0.13959886368164967,0.6094285527851577,0.29799131667616746,0.11040582481790406,SN=2=0.1931;SN=3-4=0.2848;SN=5-8=0.3035;SN=9-12=0.2872;SN>=13=0.2668,0.29198592848969374,
784,336,v11+v12_5f+v14_seed1+v16_testhist_aug,4,CW,"0.290,0.374,0.015,0.321","0.295,0.161,0.281,0.263","0.029,0.358,0.452,0.161",1.0,1.0,False,0.32602089792598593,0.08614460897611273,0.614283901759104,0.28772298311266026,0.10180276275948441,SN=2=0.1961;SN=3-4=0.2709;SN=5-8=0.2979;SN=9-12=0.2710;SN>=13=0.2551,0.28601912595539636,
785,337,v11+v12_5f+v13+v14_seed1+v16_testhist_aug,5,CW,"0.192,0.079,0.358,0.033,0.337","0.257,0.026,0.195,0.217,0.305","0.022,0.360,0.233,0.271,0.114",1.0,1.0,False,0.33770995793122144,0.0685921156010667,0.6156070094687816,0.28564223130667155,0.09100839005989747,SN=2=0.2005;SN=3-4=0.2654;SN=5-8=0.2915;SN=9-12=0.2680;SN>=13=0.2628,0.28564223130667155,
786,338,v11+v11plus+v13+v16_testhist_aug,4,CW,"0.132,0.161,0.338,0.369","0.312,0.065,0.331,0.292","0.044,0.003,0.454,0.498",1.0,1.0,False,0.33138234588464827,0.07493041373760732,0.6120009416557586,0.28492529218005397,0.09648057137585433,SN=2=0.1949;SN=3-4=0.2664;SN=5-8=0.2914;SN=9-12=0.2701;SN>=13=0.2568,0.28492529218005397,
787,339,v11+v11plus+v12_5f+v13+v16_testhist_aug,5,CW,"0.214,0.126,0.032,0.401,0.227","0.321,0.075,0.204,0.080,0.320","0.028,0.006,0.605,0.301,0.059",1.0,1.0,False,0.3289299403050484,0.06500335862696845,0.6148030823830175,0.28053393604941024,0.09215384928802808,SN=2=0.1950;SN=3-4=0.2626;SN=5-8=0.2872;SN=9-12=0.2682;SN>=13=0.2531,0.28053393604941024,
788,340,v11+v12_5f+v13+v14_avg3+v16_testhist_aug,5,CW,"0.234,0.099,0.310,0.073,0.283","0.248,0.001,0.167,0.252,0.332","0.040,0.336,0.340,0.224,0.060",1.0,1.0,False,0.3340243250801794,0.05953895653651089,0.6152427945895672,0.2804738715645895,0.0881555023869472,SN=2=0.1976;SN=3-4=0.2598;SN=5-8=0.2857;SN=9-12=0.2652;SN>=13=0.2576,0.2804738715645895,
789,341,v11+v11plus+v13+v14_seed1+v16_testhist_aug,5,CW,"0.107,0.200,0.352,0.098,0.242","0.171,0.070,0.213,0.206,0.339","0.034,0.008,0.452,0.451,0.055",1.0,1.0,False,0.33186036896302085,0.05763138442573695,0.6145788374950687,0.27871246885451684,0.08771069498012585,SN=2=0.1948;SN=3-4=0.2586;SN=5-8=0.2825;SN=9-12=0.2658;SN>=13=0.2555,0.27871246885451684,
790,342,v11+v11plus+v12_5f+v14_seed0+v16_testhist_aug,5,CW,"0.251,0.168,0.051,0.237,0.293","0.293,0.082,0.149,0.180,0.296","0.019,0.019,0.620,0.131,0.211",1.0,1.0,False,0.31661110719733726,0.0732469700111347,0.6133596291109833,0.27861515670558545,0.0974249644370625,SN=2=0.1890;SN=3-4=0.2609;SN=5-8=0.2864;SN=9-12=0.2661;SN>=13=0.2477,0.27861515670558545,
791,343,v11+v11plus+v14_seed1+v16_testhist_aug,4,CW,"0.175,0.219,0.377,0.229","0.295,0.029,0.373,0.302","0.021,0.020,0.797,0.162",1.0,1.0,False,0.31902934037747616,0.06965834679847624,0.6132429576113523,0.27812366639265146,0.09256786683999232,SN=2=0.1907;SN=3-4=0.2603;SN=5-8=0.2833;SN=9-12=0.2643;SN>=13=0.2490,0.27812366639265146,
792,344,v11+v11_aug+v13+v16_testhist_aug,4,CW,"0.153,0.280,0.300,0.266","0.232,0.157,0.316,0.295","0.017,0.040,0.515,0.427",1.0,1.0,False,0.31940873471504205,0.07228188372859455,0.6111895859996485,0.2789141645773843,0.10019012795605015,SN=2=0.1864;SN=3-4=0.2594;SN=5-8=0.2866;SN=9-12=0.2665;SN>=13=0.2508,0.27801662482183753,
793,345,v11+v11plus+v12_5f+v14_seed1+v16_testhist_aug,5,CW,"0.209,0.141,0.188,0.209,0.252","0.310,0.049,0.178,0.150,0.314","0.040,0.009,0.406,0.446,0.099",1.0,1.0,False,0.32228177708878053,0.06554627695325364,0.6143465906090633,0.2780005397386264,0.09312175401631473,SN=2=0.1930;SN=3-4=0.2601;SN=5-8=0.2861;SN=9-12=0.2633;SN>=13=0.2464,0.2780005397386264,
794,346,v11+v11_aug+v13+v14_seed0+v16_testhist_aug,5,CW,"0.186,0.191,0.314,0.113,0.197","0.279,0.046,0.139,0.208,0.329","0.027,0.016,0.412,0.387,0.158",1.0,1.0,False,0.323736295907706,0.06001824110969502,0.6127957066868317,0.27606095614432674,0.09378580593870478,SN=2=0.1891;SN=3-4=0.2552;SN=5-8=0.2829;SN=9-12=0.2643;SN>=13=0.2502,0.27606095614432674,
795,347,v11+v12_5f+v13+v16_testhist_aug,4,CW,"0.298,0.007,0.376,0.319","0.300,0.202,0.134,0.364","0.031,0.519,0.370,0.080",1.0,1.0,False,0.3318523006881895,0.049912144513374314,0.6148216560778412,0.2756701092961938,0.08333877294275899,SN=2=0.1963;SN=3-4=0.2562;SN=5-8=0.2796;SN=9-12=0.2639;SN>=13=0.2506,0.2756701092961938,
796,348,v11_aug+v12_5f+v13+v14_seed0+v16_testhist_aug,5,CW,"0.217,0.017,0.335,0.048,0.383","0.198,0.160,0.101,0.071,0.470","0.021,0.441,0.327,0.068,0.144",1.0,1.0,False,0.3360780302160002,0.04111507050631296,0.6147698458528625,0.2738312094594978,0.0815072784762183,SN=2=0.1938;SN=3-4=0.2523;SN=5-8=0.2753;SN=9-12=0.2609;SN>=13=0.2524,0.2738312094594978,
797,349,v11+v11plus+v13+v14_seed0+v16_testhist_aug,5,CW,"0.211,0.100,0.311,0.030,0.348","0.222,0.021,0.133,0.239,0.386","0.030,0.035,0.209,0.604,0.121",1.0,1.0,False,0.3296443180114745,0.046962183107824615,0.6128102461733247,0.2732046496823846,0.08489969243649781,SN=2=0.1914;SN=3-4=0.2530;SN=5-8=0.2763;SN=9-12=0.2618;SN>=13=0.2530,0.2732046496823846,
798,350,v11plus+v13+v14_seed0+v16_testhist_aug,4,CW,"0.212,0.360,0.040,0.387","0.010,0.180,0.320,0.490","0.045,0.369,0.458,0.127",1.0,1.0,False,0.33704577527418583,0.03903573399996693,0.6132231768305714,0.2730772390757754,0.0803944542870565,SN=2=0.1935;SN=3-4=0.2540;SN=5-8=0.2739;SN=9-12=0.2595;SN>=13=0.2532,0.2730772390757754,
799,351,v11+v12_5f+v14_seed0+v16_testhist_aug,4,CW,"0.233,0.309,0.081,0.378","0.298,0.190,0.137,0.375","0.008,0.572,0.367,0.053",1.0,1.0,False,0.3280283428613972,0.047561030747170385,0.6132558622100637,0.2728869218854398,0.0839570773822263,SN=2=0.1939;SN=3-4=0.2552;SN=5-8=0.2778;SN=9-12=0.2583;SN>=13=0.2470,0.2728869218854398,
800,352,v11plus+v12_5f+v13+v14_seed2+v16_testhist_aug,5,CW,"0.225,0.052,0.322,0.106,0.294","0.047,0.094,0.062,0.249,0.549","0.032,0.476,0.358,0.115,0.018",1.0,1.0,False,0.3355050521722269,0.03760095262036987,0.6153190117955747,0.27230620427615365,0.07738894101466093,SN=2=0.1952;SN=3-4=0.2539;SN=5-8=0.2726;SN=9-12=0.2576;SN>=13=0.2478,0.27230620427615365,
801,353,v11plus+v12_5f+v13+v14_seed1+v16_testhist_aug,5,CW,"0.275,0.030,0.306,0.067,0.322","0.033,0.087,0.117,0.267,0.496","0.014,0.272,0.300,0.317,0.097",1.0,1.0,False,0.3331632445959359,0.039126867680461044,0.6157562805400173,0.27206730101856225,0.07875352520603568,SN=2=0.1934;SN=3-4=0.2537;SN=5-8=0.2721;SN=9-12=0.2585;SN>=13=0.2500,0.27206730101856225,
802,354,v11+v11_aug+v13+v14_seed2+v16_testhist_aug,5,CW,"0.143,0.227,0.311,0.021,0.298","0.246,0.062,0.077,0.232,0.383","0.036,0.015,0.263,0.413,0.272",1.0,1.0,False,0.32421702722615997,0.04920542784142746,0.6131109401135928,0.27199117004975354,0.08858078973708033,SN=2=0.1875;SN=3-4=0.2501;SN=5-8=0.2761;SN=9-12=0.2621;SN>=13=0.2507,0.27199117004975354,
803,355,v11plus+v13+v16_testhist_aug,3,CW,"0.237,0.408,0.355","0.131,0.313,0.556","0.048,0.459,0.493",1.0,1.0,False,0.3364686312160827,0.03658284145921228,0.6122228643677493,0.27166516194366785,0.0795042524776724,SN=2=0.1924;SN=3-4=0.2524;SN=5-8=0.2720;SN=9-12=0.2588;SN>=13=0.2523,0.27166516194366785,
804,356,v11+v12_5f+v14_avg3+v16_testhist_aug,4,CW,"0.239,0.390,0.022,0.349","0.245,0.056,0.289,0.410","0.005,0.314,0.591,0.089",1.0,1.0,False,0.3284357102493552,0.04373853665005557,0.6139164699091805,0.2716529927416004,0.08143600796153425,SN=2=0.1935;SN=3-4=0.2530;SN=5-8=0.2749;SN=9-12=0.2578;SN>=13=0.2484,0.2716529927416004,
805,357,v11plus+v13+v14_seed2+v16_testhist_aug,4,CW,"0.250,0.329,0.036,0.386","0.024,0.068,0.340,0.568","0.047,0.382,0.385,0.185",1.0,1.0,False,0.33431649813717434,0.03743197680574268,0.613642589696173,0.2714279079164014,0.08033394202917721,SN=2=0.1922;SN=3-4=0.2532;SN=5-8=0.2726;SN=9-12=0.2572;SN>=13=0.2506,0.2714279079164014,
806,358,v11plus+v12_5f+v13+v14_avg3+v16_testhist_aug,5,CW,"0.306,0.023,0.316,0.087,0.268","0.127,0.039,0.013,0.253,0.568","0.029,0.421,0.286,0.205,0.058",1.0,1.0,False,0.33241687538484377,0.03754678698935844,0.6155665580629236,0.2710987765622656,0.07890241613008725,SN=2=0.1929;SN=3-4=0.2526;SN=5-8=0.2718;SN=9-12=0.2577;SN>=13=0.2475,0.2710987765622656,
807,359,v11_aug+v12_5f+v13+v14_seed1+v16_testhist_aug,5,CW,"0.274,0.015,0.321,0.090,0.301","0.115,0.055,0.140,0.127,0.563","0.019,0.336,0.218,0.343,0.084",1.0,1.0,False,0.3333073380961323,0.0365924441666256,0.6154610795421692,0.271052128813537,0.0808663948653886,SN=2=0.1912;SN=3-4=0.2497;SN=5-8=0.2721;SN=9-12=0.2581;SN>=13=0.2510,0.271052128813537,
808,360,v11+v11plus+v12_5f+v16_testhist_aug,4,CW,"0.186,0.136,0.349,0.328","0.328,0.036,0.248,0.388","0.045,0.041,0.581,0.333",1.0,1.0,False,0.323908620166581,0.04708288626487562,0.6124986971227374,0.27089634199713014,0.08315991183456317,SN=2=0.1906;SN=3-4=0.2537;SN=5-8=0.2737;SN=9-12=0.2592;SN>=13=0.2417,0.27089634199713014,
809,361,v11+v13+v14_avg3+v16_testhist_aug,4,CW,"0.215,0.340,0.050,0.395","0.062,0.153,0.214,0.571","0.023,0.254,0.713,0.009",1.0,1.0,False,0.3358089170476459,0.034146094916141914,0.6143229950901254,0.27084660380354025,0.07953541955044363,SN=2=0.1934;SN=3-4=0.2517;SN=5-8=0.2730;SN=9-12=0.2577;SN>=13=0.2530,0.27084660380354025,
810,362,v11_aug+v13+v14_seed0+v16_testhist_aug,4,CW,"0.287,0.333,0.021,0.359","0.168,0.175,0.168,0.490","0.021,0.343,0.536,0.100",1.0,1.0,False,0.3313188574124741,0.039302107235235056,0.61258390683035,0.2707651672251537,0.0823107942491173,SN=2=0.1885;SN=3-4=0.2493;SN=5-8=0.2708;SN=9-12=0.2581;SN>=13=0.2535,0.2707651672251537,
811,363,v11+v12_5f+v16_testhist_aug,3,CW,"0.276,0.383,0.340","0.330,0.268,0.402","0.014,0.583,0.404",1.0,1.0,False,0.32691256081415354,0.04352209870595505,0.6128091702744263,0.27073569786292867,0.08256204872925363,SN=2=0.1930;SN=3-4=0.2528;SN=5-8=0.2756;SN=9-12=0.2582;SN>=13=0.2446,0.27073569786292867,
812,364,v11plus+v13+v14_seed1+v16_testhist_aug,4,CW,"0.262,0.328,0.032,0.378","0.029,0.153,0.253,0.565","0.045,0.328,0.621,0.007",1.0,1.0,False,0.3334596611459172,0.03565845233800412,0.6151442970355143,0.2706761048006714,0.08000738191590709,SN=2=0.1917;SN=3-4=0.2524;SN=5-8=0.2717;SN=9-12=0.2577;SN>=13=0.2497,0.2706761048006714,
813,365,v11plus+v12_5f+v13+v14_seed0+v16_testhist_aug,5,CW,"0.242,0.064,0.284,0.026,0.384","0.019,0.051,0.141,0.207,0.583","0.035,0.348,0.349,0.178,0.090",1.0,1.0,False,0.33435720595209906,0.034663040659781034,0.6151674862045999,0.27064159588567205,0.08011754943462338,SN=2=0.1921;SN=3-4=0.2528;SN=5-8=0.2722;SN=9-12=0.2558;SN>=13=0.2470,0.27064159588567205,
814,366,v11plus+v13+v14_avg3+v16_testhist_aug,4,CW,"0.298,0.304,0.090,0.308","0.041,0.078,0.311,0.569","0.051,0.242,0.691,0.017",1.0,1.0,False,0.332169982783044,0.03673070356716739,0.6145389046493775,0.27046805546996006,0.07951878439528698,SN=2=0.1914;SN=3-4=0.2526;SN=5-8=0.2710;SN=9-12=0.2576;SN>=13=0.2477,0.27046805546996006,
815,367,v11+v11plus+v13+v14_seed2+v16_testhist_aug,5,CW,"0.142,0.164,0.438,0.029,0.228","0.076,0.009,0.147,0.265,0.503","0.019,0.019,0.402,0.544,0.016",1.0,1.0,False,0.33182499408576843,0.03734932692483048,0.6136180102742932,0.2703933304590982,0.07908133561534159,SN=2=0.1929;SN=3-4=0.2516;SN=5-8=0.2720;SN=9-12=0.2585;SN>=13=0.2496,0.2703933304590982,
816,368,v11_aug+v13+v14_avg3+v16_testhist_aug,4,CW,"0.301,0.265,0.149,0.285","0.061,0.137,0.278,0.524","0.011,0.290,0.615,0.083",1.0,1.0,False,0.3303571401358522,0.038543826194041744,0.6139999420070692,0.27036037493337145,0.08030953823029363,SN=2=0.1900;SN=3-4=0.2496;SN=5-8=0.2703;SN=9-12=0.2580;SN>=13=0.2496,0.27036037493337145,
817,369,v11+v12_5f+v13+v14_seed2+v16_testhist_aug,5,CW,"0.281,0.010,0.315,0.018,0.376","0.082,0.056,0.099,0.253,0.511","0.040,0.545,0.290,0.095,0.030",1.0,1.0,False,0.3308216350576777,0.03698709947823653,0.6148857133160851,0.27010063647758276,0.07935091324286608,SN=2=0.1929;SN=3-4=0.2507;SN=5-8=0.2722;SN=9-12=0.2576;SN>=13=0.2475,0.27010063647758276,
818,370,v11+v11_aug+v13+v14_seed1+v16_testhist_aug,5,CW,"0.194,0.120,0.294,0.051,0.341","0.050,0.112,0.191,0.193,0.453","0.019,0.029,0.252,0.630,0.069",1.0,1.0,False,0.3279088780232879,0.03980705625856826,0.6144538739832227,0.26997714850938703,0.08199003128936555,SN=2=0.1889;SN=3-4=0.2485;SN=5-8=0.2709;SN=9-12=0.2592;SN>=13=0.2534,0.26997714850938703,
819,371,v11_aug+v13+v14_seed2+v16_testhist_aug,4,CW,"0.331,0.246,0.201,0.222","0.115,0.079,0.291,0.515","0.016,0.323,0.532,0.129",1.0,1.0,False,0.3276524450299062,0.04063529332153489,0.6130603349118816,0.2699271623229528,0.08274238207462206,SN=2=0.1888;SN=3-4=0.2487;SN=5-8=0.2716;SN=9-12=0.2573;SN>=13=0.2505,0.2699271623229528,
820,372,v11+v13+v14_seed2+v16_testhist_aug,4,CW,"0.255,0.354,0.087,0.304","0.048,0.152,0.234,0.565","0.046,0.379,0.472,0.103",1.0,1.0,False,0.3334171902088896,0.03469146775124134,0.6133292279539603,0.2699093087748444,0.07670921529610059,SN=2=0.1941;SN=3-4=0.2502;SN=5-8=0.2708;SN=9-12=0.2571;SN>=13=0.2507,0.2699093087748444,
821,373,v11plus+v12_5f+v13+v16_testhist_aug,4,CW,"0.265,0.027,0.394,0.315","0.029,0.237,0.074,0.661","0.032,0.520,0.395,0.053",1.0,1.0,False,0.33514753480870174,0.03178503125519719,0.6150273986400269,0.26977850615356497,0.07705560193221939,SN=2=0.1939;SN=3-4=0.2525;SN=5-8=0.2710;SN=9-12=0.2554;SN>=13=0.2425,0.26977850615356497,
822,374,v11_aug+v11plus+v13+v14_seed1+v16_testhist_aug,5,CW,"0.152,0.219,0.251,0.114,0.264","0.145,0.080,0.081,0.221,0.473","0.019,0.032,0.170,0.371,0.408",1.0,1.0,False,0.3259271524977467,0.04135703887396797,0.6137795477480763,0.26966958609830116,0.0818419650377663,SN=2=0.1876;SN=3-4=0.2491;SN=5-8=0.2694;SN=9-12=0.2578;SN>=13=0.2508,0.26966958609830116,
823,375,v11+v13+v14_seed1+v16_testhist_aug,4,CW,"0.246,0.321,0.128,0.306","0.105,0.123,0.202,0.569","0.014,0.284,0.647,0.054",1.0,1.0,False,0.3335397628390692,0.033292220266950556,0.6146629708912451,0.26966538742065693,0.07698255511487476,SN=2=0.1934;SN=3-4=0.2500;SN=5-8=0.2704;SN=9-12=0.2568;SN>=13=0.2508,0.26966538742065693,
824,376,v11_aug+v11plus+v14_seed0+v16_testhist_aug,4,CW,"0.275,0.235,0.233,0.257","0.174,0.124,0.341,0.361","0.024,0.021,0.765,0.190",1.0,1.0,False,0.31037625262904295,0.05717663726925089,0.6108897373495807,0.2691991034292337,0.08875226976185019,SN=2=0.1828;SN=3-4=0.2489;SN=5-8=0.2715;SN=9-12=0.2589;SN>=13=0.2477,0.2691991034292337,
825,377,v11+v13+v14_seed0+v16_testhist_aug,4,CW,"0.239,0.314,0.182,0.265","0.100,0.150,0.165,0.585","0.031,0.355,0.476,0.138",1.0,1.0,False,0.33430360654830876,0.03217165539644636,0.612983930413658,0.26918689086063363,0.07566386742635284,SN=2=0.1942;SN=3-4=0.2496;SN=5-8=0.2699;SN=9-12=0.2562;SN>=13=0.2489,0.26918689086063363,
826,378,v11plus+v14_avg3+v16_testhist_aug,3,CW,"0.278,0.375,0.347","0.112,0.353,0.534","0.032,0.892,0.076",1.0,1.0,False,0.3260448445359005,0.03964707707493735,0.6131250179701518,0.26890177223836553,0.07803394082736503,SN=2=0.1904;SN=3-4=0.2505;SN=5-8=0.2684;SN=9-12=0.2560;SN>=13=0.2468,0.26890177223836553,
827,379,v11+v11plus+v13+v14_avg3+v16_testhist_aug,5,CW,"0.138,0.132,0.419,0.014,0.298","0.064,0.021,0.199,0.095,0.622","0.035,0.039,0.350,0.536,0.040",1.0,1.0,False,0.3340766351164886,0.030336943580996478,0.6144007820029229,0.2686455878795786,0.07781685751818351,SN=2=0.1929;SN=3-4=0.2499;SN=5-8=0.2707;SN=9-12=0.2567;SN>=13=0.2455,0.2686455878795786,
828,380,v11+v12_5f+v13+v14_seed0+v16_testhist_aug,5,CW,"0.306,0.038,0.365,0.055,0.235","0.192,0.029,0.098,0.143,0.537","0.026,0.358,0.357,0.245,0.014",1.0,1.0,False,0.3308935846073135,0.03282810963517355,0.6149346188615612,0.26847560146930705,0.07627422277936441,SN=2=0.1933;SN=3-4=0.2496;SN=5-8=0.2696;SN=9-12=0.2561;SN>=13=0.2469,0.26847560146930705,
829,381,v11plus+v12_5f+v14_avg3+v16_testhist_aug,4,CW,"0.305,0.310,0.002,0.382","0.084,0.103,0.257,0.556","0.041,0.397,0.556,0.007",1.0,1.0,False,0.3261793121223423,0.037707940188488685,0.614384030075559,0.2684317069394442,0.07870294623674201,SN=2=0.1896;SN=3-4=0.2513;SN=5-8=0.2683;SN=9-12=0.2565;SN>=13=0.2435,0.2684317069394442,
830,382,v11_aug+v11plus+v13+v14_seed2+v16_testhist_aug,5,CW,"0.245,0.136,0.288,0.052,0.279","0.143,0.029,0.106,0.219,0.503","0.005,0.041,0.297,0.546,0.111",1.0,1.0,False,0.32439407854551194,0.03975441227387556,0.6135898735379194,0.2683773710353389,0.08580308392906319,SN=2=0.1853;SN=3-4=0.2473;SN=5-8=0.2711;SN=9-12=0.2566;SN>=13=0.2490,0.2683773710353389,
831,383,v11_aug+v13+v14_seed1+v16_testhist_aug,4,CW,"0.368,0.238,0.107,0.287","0.091,0.173,0.200,0.535","0.004,0.308,0.660,0.028",1.0,1.0,False,0.32477483423821674,0.03772812032227724,0.6144575282441282,0.26789268747302325,0.08178833717776171,SN=2=0.1869;SN=3-4=0.2466;SN=5-8=0.2686;SN=9-12=0.2565;SN>=13=0.2486,0.26789268747302325,
832,384,v11plus+v14_seed1+v16_testhist_aug,3,CW,"0.321,0.309,0.370","0.064,0.399,0.537","0.042,0.796,0.162",1.0,1.0,False,0.3246832499452792,0.037860332798621,0.6132650448916506,0.2676704420758902,0.07903366017002789,SN=2=0.1891;SN=3-4=0.2498;SN=5-8=0.2681;SN=9-12=0.2554;SN>=13=0.2440,0.2676704420758902,
833,385,v11+v11_aug+v12_5f+v14_seed0+v16_testhist_aug,5,CW,"0.174,0.207,0.068,0.319,0.232","0.163,0.133,0.083,0.209,0.411","0.042,0.006,0.546,0.089,0.317",1.0,1.0,False,0.31812650102099677,0.04400017104675748,0.612991730268133,0.2674490148807283,0.08372714401047163,SN=2=0.1876;SN=3-4=0.2463;SN=5-8=0.2713;SN=9-12=0.2560;SN>=13=0.2431,0.2674490148807283,
834,386,v11+v13+v16_testhist_aug,3,CW,"0.319,0.329,0.352","0.207,0.276,0.516","0.044,0.436,0.520",1.0,1.0,False,0.328797884028381,0.033748882071402336,0.6119680731094291,0.2674123210617992,0.0797291179764189,SN=2=0.1907;SN=3-4=0.2470;SN=5-8=0.2705;SN=9-12=0.2590;SN>=13=0.2460,0.2674123210617992,
835,387,v11_aug+v12_5f+v13+v16_testhist_aug,4,CW,"0.354,0.100,0.203,0.344","0.123,0.233,0.095,0.549","0.020,0.513,0.324,0.143",1.0,1.0,False,0.32439776511858837,0.03666248152223556,0.6146998864345808,0.26736407594324574,0.08121213392911314,SN=2=0.1874;SN=3-4=0.2471;SN=5-8=0.2686;SN=9-12=0.2554;SN>=13=0.2430,0.26736407594324574,
836,388,v11_aug+v12_5f+v13+v14_avg3+v16_testhist_aug,5,CW,"0.384,0.040,0.248,0.060,0.268","0.167,0.039,0.132,0.094,0.567","0.006,0.406,0.252,0.318,0.019",1.0,1.0,False,0.3236937463249901,0.03685337658037439,0.6152703913138022,0.26727292742490627,0.08155554898522413,SN=2=0.1867;SN=3-4=0.2458;SN=5-8=0.2682;SN=9-12=0.2555;SN>=13=0.2462,0.26727292742490627,
837,389,v11plus+v12_5f+v14_seed2+v16_testhist_aug,4,CW,"0.320,0.302,0.075,0.304","0.087,0.229,0.088,0.596","0.030,0.488,0.357,0.124",1.0,1.0,False,0.3257840997545333,0.03541630006320042,0.6137623704941156,0.2672326340259166,0.07571599712096683,SN=2=0.1904;SN=3-4=0.2507;SN=5-8=0.2661;SN=9-12=0.2546;SN>=13=0.2407,0.2672326340259166,
838,390,v11_aug+v13+v16_testhist_aug,3,CW,"0.365,0.256,0.379","0.220,0.260,0.520","0.024,0.414,0.562",1.0,1.0,False,0.3242029913882657,0.03786253079077813,0.6115685128062068,0.26713991143285887,0.08324339559987462,SN=2=0.1855;SN=3-4=0.2461;SN=5-8=0.2687;SN=9-12=0.2561;SN>=13=0.2454,0.26713991143285887,
839,391,v11plus+v12_5f+v16_testhist_aug,3,CW,"0.282,0.299,0.419","0.110,0.265,0.625","0.036,0.629,0.335",1.0,1.0,False,0.3267642328571763,0.03454012821855692,0.6130863891568296,0.2671390222616592,0.07826844521366602,SN=2=0.1901;SN=3-4=0.2506;SN=5-8=0.2683;SN=9-12=0.2535;SN>=13=0.2397,0.2671390222616592,
840,392,v11+v11_aug+v12_5f+v13+v16_testhist_aug,5,CW,"0.168,0.176,0.111,0.272,0.273","0.035,0.109,0.131,0.102,0.623","0.020,0.026,0.365,0.470,0.120",1.0,1.0,False,0.32742976186554457,0.03309466036219363,0.6142215169495924,0.26705407228101374,0.08126626962210037,SN=2=0.1881;SN=3-4=0.2462;SN=5-8=0.2693;SN=9-12=0.2544;SN>=13=0.2425,0.26705407228101374,
841,393,v11_aug+v11plus+v12_5f+v14_seed1+v16_testhist_aug,5,CW,"0.252,0.192,0.066,0.182,0.308","0.141,0.102,0.129,0.204,0.424","0.000,0.024,0.488,0.365,0.123",1.0,1.0,False,0.3148355487308886,0.04558440755074759,0.6143999845671213,0.2670479794260787,0.08181137260622948,SN=2=0.1858;SN=3-4=0.2469;SN=5-8=0.2676;SN=9-12=0.2564;SN>=13=0.2437,0.2670479794260787,
842,394,v11_aug+v11plus+v13+v14_avg3+v16_testhist_aug,5,CW,"0.250,0.166,0.268,0.031,0.285","0.093,0.017,0.024,0.334,0.532","0.035,0.032,0.323,0.609,0.001",1.0,1.0,False,0.3214446758504189,0.039064426440517,0.6141324054583216,0.26703012200803866,0.08491016700041829,SN=2=0.1838;SN=3-4=0.2465;SN=5-8=0.2687;SN=9-12=0.2562;SN>=13=0.2459,0.26703012200803866,
843,395,v11plus+v14_seed2+v16_testhist_aug,3,CW,"0.300,0.341,0.358","0.071,0.343,0.586","0.036,0.707,0.257",1.0,1.0,False,0.3242311725766628,0.037358763456416595,0.6115430014611631,0.2669445747054644,0.07558370150637267,SN=2=0.1892;SN=3-4=0.2490;SN=5-8=0.2648;SN=9-12=0.2550;SN>=13=0.2430,0.2669445747054644,
844,396,v11_aug+v12_5f+v13+v14_seed2+v16_testhist_aug,5,CW,"0.386,0.022,0.199,0.193,0.199","0.128,0.008,0.120,0.190,0.554","0.003,0.452,0.370,0.078,0.097",1.0,1.0,False,0.3221589593234941,0.03769900772056483,0.6148392999121908,0.2669110468000617,0.07884464295615923,SN=2=0.1871;SN=3-4=0.2460;SN=5-8=0.2659;SN=9-12=0.2538;SN>=13=0.2447,0.2669110468000617,
845,397,v11plus+v12_5f+v14_seed0+v16_testhist_aug,4,CW,"0.328,0.256,0.138,0.277","0.081,0.084,0.217,0.617","0.035,0.541,0.318,0.107",1.0,1.0,False,0.32545764099033087,0.03446375930799199,0.6135929052791019,0.2666871411751495,0.07704030204161771,SN=2=0.1895;SN=3-4=0.2496;SN=5-8=0.2665;SN=9-12=0.2550;SN>=13=0.2410,0.2666871411751495,
846,398,v11+v12_5f+v14_seed2+v16_testhist_aug,4,CW,"0.271,0.255,0.050,0.424","0.093,0.034,0.321,0.551","0.043,0.520,0.332,0.105",1.0,1.0,False,0.3252351800470206,0.0347526578655376,0.6134133634128263,0.26667780784758854,0.07880056723514822,SN=2=0.1905;SN=3-4=0.2494;SN=5-8=0.2693;SN=9-12=0.2538;SN>=13=0.2406,0.26667780784758854,
847,399,v11_aug+v14_seed1+v16_testhist_aug,3,CW,"0.394,0.396,0.210","0.181,0.355,0.464","0.023,0.882,0.095",1.0,1.0,False,0.3173099256585148,0.04255391895498289,0.6126966897475363,0.2664848757949064,0.07906931465112052,SN=2=0.1869;SN=3-4=0.2461;SN=5-8=0.2660;SN=9-12=0.2544;SN>=13=0.2451,0.2664848757949064,
848,400,v11_aug+v14_seed2+v16_testhist_aug,3,CW,"0.385,0.391,0.224","0.131,0.383,0.486","0.015,0.757,0.227",1.0,1.0,False,0.3173100482710769,0.04309736549997242,0.6109612021187366,0.26635520593216705,0.0770526249097701,SN=2=0.1873;SN=3-4=0.2456;SN=5-8=0.2643;SN=9-12=0.2533;SN>=13=0.2441,0.26635520593216705,
849,401,v11_aug+v14_avg3+v16_testhist_aug,3,CW,"0.368,0.390,0.242","0.142,0.341,0.517","0.029,0.933,0.038",1.0,1.0,False,0.3188396525503853,0.04065912315986657,0.6125839629355074,0.2663163028712022,0.07833339659597327,SN=2=0.1874;SN=3-4=0.2460;SN=5-8=0.2657;SN=9-12=0.2540;SN>=13=0.2440,0.2663163028712022,
850,402,v11+v11plus+v14_avg3+v16_testhist_aug,4,CW,"0.183,0.154,0.296,0.367","0.004,0.103,0.337,0.556","0.007,0.063,0.918,0.012",1.0,1.0,False,0.32091773137773455,0.03820483590585173,0.6130364584546195,0.2662563186043584,0.08072974314111803,SN=2=0.1874;SN=3-4=0.2470;SN=5-8=0.2681;SN=9-12=0.2534;SN>=13=0.2440,0.2662563186043584,
851,403,v11plus+v14_seed0+v16_testhist_aug,3,CW,"0.295,0.327,0.378","0.030,0.393,0.576","0.038,0.644,0.318",1.0,1.0,False,0.3247223159856846,0.035264488451442845,0.6110970698329143,0.2662141357414338,0.07874816048269864,SN=2=0.1881;SN=3-4=0.2494;SN=5-8=0.2668;SN=9-12=0.2546;SN>=13=0.2424,0.2662141357414338,
852,404,v11+v11plus+v12_5f+v14_avg3+v16_testhist_aug,5,CW,"0.169,0.216,0.215,0.067,0.333","0.039,0.108,0.157,0.191,0.505","0.059,0.024,0.391,0.513,0.013",1.0,1.0,False,0.31993681114640565,0.03865006109372363,0.6137126213085909,0.2661772731577699,0.0793673387693914,SN=2=0.1869;SN=3-4=0.2479;SN=5-8=0.2663;SN=9-12=0.2552;SN>=13=0.2400,0.2661772731577699,
853,405,v11+v11plus+v12_5f+v14_seed2+v16_testhist_aug,5,CW,"0.132,0.209,0.277,0.003,0.379","0.112,0.037,0.060,0.254,0.537","0.032,0.006,0.380,0.214,0.368",1.0,1.0,False,0.32288313738922414,0.03580584257536059,0.6132905100324471,0.26613369399232334,0.07992677261654796,SN=2=0.1877;SN=3-4=0.2486;SN=5-8=0.2676;SN=9-12=0.2537;SN>=13=0.2395,0.26613369399232334,
854,406,v11_aug+v12_5f+v14_seed2+v16_testhist_aug,4,CW,"0.395,0.291,0.024,0.290","0.166,0.127,0.178,0.528","0.009,0.493,0.481,0.018",1.0,1.0,False,0.31850243998869077,0.0400390366275092,0.613297467897025,0.266076084225885,0.07911677454719096,SN=2=0.1865;SN=3-4=0.2458;SN=5-8=0.2656;SN=9-12=0.2535;SN>=13=0.2423,0.266076084225885,
855,407,v11_aug+v14_seed0+v16_testhist_aug,3,CW,"0.355,0.371,0.275","0.126,0.368,0.507","0.024,0.630,0.345",1.0,1.0,False,0.31968407646007935,0.04011922428663976,0.6105419918092543,0.2660297186605385,0.07816953947568211,SN=2=0.1872;SN=3-4=0.2459;SN=5-8=0.2654;SN=9-12=0.2533;SN>=13=0.2455,0.2660297186605385,
856,408,v11plus+v12_5f+v14_seed1+v16_testhist_aug,4,CW,"0.364,0.194,0.193,0.250","0.071,0.107,0.210,0.612","0.044,0.275,0.607,0.074",1.0,1.0,False,0.32299895384733657,0.03476003048621561,0.6144710677387002,0.26599780728116096,0.07619461817972678,SN=2=0.1892;SN=3-4=0.2485;SN=5-8=0.2654;SN=9-12=0.2539;SN>=13=0.2417,0.26599780728116096,
857,409,v11_aug+v11plus+v13+v16_testhist_aug,4,CW,"0.244,0.170,0.306,0.280","0.171,0.044,0.258,0.527","0.052,0.044,0.585,0.319",1.0,1.0,False,0.3224982098393507,0.03714211578811089,0.6104225872458958,0.2659406477001638,0.08351556593611079,SN=2=0.1839;SN=3-4=0.2457;SN=5-8=0.2674;SN=9-12=0.2554;SN>=13=0.2442,0.2659406477001638,
858,410,v11+v11_aug+v13+v14_avg3+v16_testhist_aug,5,CW,"0.133,0.267,0.234,0.117,0.250","0.037,0.068,0.191,0.183,0.522","0.011,0.022,0.205,0.610,0.152",1.0,1.0,False,0.321381541077301,0.036530481476185435,0.6138386050267158,0.2659325300267377,0.08271024696411189,SN=2=0.1846;SN=3-4=0.2449;SN=5-8=0.2673;SN=9-12=0.2548;SN>=13=0.2460,0.2659325300267377,
859,411,v11+v11_aug+v14_seed2+v16_testhist_aug,4,CW,"0.145,0.235,0.375,0.245","0.018,0.160,0.342,0.480","0.029,0.005,0.657,0.309",1.0,1.0,False,0.3165718490067719,0.04253474043993023,0.6112559101337689,0.26589381780543464,0.08261076919981064,SN=2=0.1856;SN=3-4=0.2445;SN=5-8=0.2682;SN=9-12=0.2533;SN>=13=0.2435,0.26589381780543464,
860,412,v11_aug+v12_5f+v14_seed0+v16_testhist_aug,4,CW,"0.415,0.202,0.142,0.241","0.154,0.050,0.305,0.491","0.014,0.570,0.313,0.104",1.0,1.0,False,0.31699059989456074,0.04084572934196895,0.6132425892149888,0.2657830495376096,0.07851130940186316,SN=2=0.1863;SN=3-4=0.2459;SN=5-8=0.2648;SN=9-12=0.2531;SN>=13=0.2416,0.2657830495376096,
861,413,v11_aug+v11plus+v12_5f+v13+v16_testhist_aug,5,CW,"0.252,0.158,0.098,0.198,0.294","0.148,0.053,0.115,0.101,0.582","0.018,0.044,0.488,0.421,0.030",1.0,1.0,False,0.3211278189604759,0.03597931515962528,0.6146936723758747,0.2657815881232154,0.08268762143282099,SN=2=0.1840;SN=3-4=0.2453;SN=5-8=0.2667;SN=9-12=0.2549;SN>=13=0.2403,0.2657815881232154,
862,414,v11_aug+v12_5f+v14_seed1+v16_testhist_aug,4,CW,"0.376,0.219,0.137,0.268","0.120,0.149,0.165,0.566","0.018,0.342,0.622,0.017",1.0,1.0,False,0.31941429420664075,0.037115779934862994,0.6142028079423305,0.2654525912450676,0.07787066756412764,SN=2=0.1869;SN=3-4=0.2451;SN=5-8=0.2648;SN=9-12=0.2531;SN>=13=0.2418,0.2654525912450676,
863,415,v11_aug+v11plus+v12_5f+v14_seed2+v16_testhist_aug,5,CW,"0.294,0.101,0.182,0.174,0.250","0.086,0.003,0.110,0.247,0.554","0.014,0.020,0.634,0.243,0.089",1.0,1.0,False,0.31813295094079247,0.03841047083583759,0.6135285864918161,0.2653230860090152,0.07966507983508844,SN=2=0.1863;SN=3-4=0.2459;SN=5-8=0.2660;SN=9-12=0.2525;SN>=13=0.2392,0.2653230860090152,
864,416,v11+v11_aug+v14_seed1+v16_testhist_aug,4,CW,"0.198,0.255,0.253,0.293","0.150,0.165,0.262,0.423","0.044,0.014,0.808,0.134",1.0,1.0,False,0.3119523477289397,0.04473969537834664,0.612900568463394,0.2652569309355934,0.08547993001095494,SN=2=0.1829;SN=3-4=0.2439;SN=5-8=0.2684;SN=9-12=0.2560;SN>=13=0.2439,0.2652569309355934,
865,417,v11_aug+v11plus+v14_avg3+v16_testhist_aug,4,CW,"0.235,0.188,0.358,0.218","0.054,0.098,0.323,0.526","0.015,0.074,0.894,0.017",1.0,1.0,False,0.31589902034179107,0.040667608303136975,0.6126387702484833,0.2651544055076679,0.08077022063181855,SN=2=0.1849;SN=3-4=0.2449;SN=5-8=0.2656;SN=9-12=0.2540;SN>=13=0.2411,0.2651544055076679,
866,418,v11+v11_aug+v11plus+v14_seed1+v16_testhist_aug,5,CW,"0.103,0.137,0.190,0.279,0.290","0.139,0.072,0.009,0.343,0.436","0.061,0.088,0.043,0.544,0.264",1.0,1.0,False,0.3161799764850465,0.04205798152967395,0.6091696712133494,0.26512911744855805,0.08165797800705055,SN=2=0.1847;SN=3-4=0.2460;SN=5-8=0.2664;SN=9-12=0.2532;SN>=13=0.2390,0.26512911744855805,
867,419,v11+v11_aug+v12_5f+v14_avg3+v16_testhist_aug,5,CW,"0.176,0.222,0.211,0.132,0.259","0.100,0.152,0.002,0.237,0.509","0.026,0.009,0.478,0.356,0.130",1.0,1.0,False,0.3172974249443995,0.03855300874377641,0.6139339314017688,0.2651269597556241,0.08106709603441564,SN=2=0.1850;SN=3-4=0.2445;SN=5-8=0.2661;SN=9-12=0.2535;SN>=13=0.2430,0.2651269597556241,
868,420,v11+v14_seed0+v16_testhist_aug,3,CW,"0.356,0.387,0.257","0.061,0.439,0.500","0.032,0.733,0.235",1.0,1.0,False,0.31987628135238244,0.03713202223885371,0.6108102887340369,0.2649653791833019,0.08017532351765877,SN=2=0.1877;SN=3-4=0.2469;SN=5-8=0.2679;SN=9-12=0.2550;SN>=13=0.2427,0.2649653791833019,
869,421,v11_aug+v12_5f+v16_testhist_aug,3,CW,"0.385,0.364,0.250","0.183,0.240,0.577","0.019,0.598,0.383",1.0,1.0,False,0.31921646494082734,0.03668144628060878,0.6127657221931091,0.2649123089271963,0.07802118838943659,SN=2=0.1862;SN=3-4=0.2454;SN=5-8=0.2642;SN=9-12=0.2526;SN>=13=0.2393,0.2649123089271963,
870,422,v11_aug+v11plus+v14_seed1+v16_testhist_aug,4,CW,"0.289,0.160,0.250,0.301","0.161,0.044,0.312,0.482","0.029,0.037,0.888,0.046",1.0,1.0,False,0.3140373734132853,0.04164142094510949,0.6130698872274458,0.2648854951888471,0.08244043252513547,SN=2=0.1836;SN=3-4=0.2442;SN=5-8=0.2660;SN=9-12=0.2549;SN>=13=0.2426,0.2648854951888471,
871,423,v11+v11_aug+v11plus+v12_5f+v16_testhist_aug,5,CW,"0.028,0.246,0.165,0.304,0.256","0.112,0.162,0.013,0.281,0.431","0.003,0.054,0.028,0.400,0.516",1.0,1.0,False,0.31555195197366814,0.0406430520361493,0.611987336567657,0.2648754689174584,0.08009490412335152,SN=2=0.1845;SN=3-4=0.2462;SN=5-8=0.2646;SN=9-12=0.2550;SN>=13=0.2391,0.2648754689174584,
872,424,v11+v14_seed1+v16_testhist_aug,3,CW,"0.350,0.286,0.365","0.082,0.380,0.538","0.038,0.758,0.205",1.0,1.0,False,0.32004080904306004,0.035296356562611333,0.6129297984252589,0.2647208259273203,0.0788925185566886,SN=2=0.1877;SN=3-4=0.2458;SN=5-8=0.2666;SN=9-12=0.2548;SN>=13=0.2429,0.2647208259273203,
873,425,v11+v11plus+v14_seed2+v16_testhist_aug,4,CW,"0.149,0.182,0.285,0.385","0.066,0.030,0.333,0.572","0.009,0.028,0.886,0.078",1.0,1.0,False,0.3208033107828036,0.035084511266024895,0.6113585512187016,0.2646268390632718,0.07744829363491251,SN=2=0.1872;SN=3-4=0.2466;SN=5-8=0.2647;SN=9-12=0.2520;SN>=13=0.2394,0.2646268390632718,
874,426,v11_aug+v12_5f+v14_avg3+v16_testhist_aug,4,CW,"0.407,0.114,0.216,0.263","0.122,0.154,0.163,0.560","0.023,0.418,0.439,0.120",1.0,1.0,False,0.3169517006095345,0.03762368718145534,0.6138841545762033,0.26460698603163657,0.07752942010651576,SN=2=0.1860;SN=3-4=0.2452;SN=5-8=0.2635;SN=9-12=0.2517;SN>=13=0.2404,0.26460698603163657,
875,427,v11_aug+v11plus+v12_5f+v14_seed0+v16_testhist_aug,5,CW,"0.220,0.220,0.063,0.224,0.273","0.140,0.042,0.221,0.096,0.501","0.034,0.014,0.617,0.231,0.105",1.0,1.0,False,0.31526779321573983,0.03925616111840362,0.6132372299348552,0.26445702772062846,0.07906067483505694,SN=2=0.1847;SN=3-4=0.2449;SN=5-8=0.2638;SN=9-12=0.2535;SN>=13=0.2400,0.26445702772062846,
876,428,v11+v11_aug+v12_5f+v14_seed1+v16_testhist_aug,5,CW,"0.245,0.215,0.096,0.156,0.288","0.012,0.203,0.148,0.182,0.455","0.030,0.001,0.270,0.325,0.374",1.0,1.0,False,0.31172449653454276,0.04253854780758609,0.6137188159780148,0.2644489809324545,0.083916513144213,SN=2=0.1830;SN=3-4=0.2434;SN=5-8=0.2669;SN=9-12=0.2552;SN>=13=0.2435,0.2644489809324545,
877,429,v11+v11_aug+v11plus+v13+v16_testhist_aug,5,CW,"0.016,0.210,0.243,0.311,0.220","0.126,0.101,0.000,0.282,0.491","0.051,0.019,0.026,0.290,0.614",1.0,1.0,False,0.3194455416865509,0.03601295495271531,0.6112594897253107,0.26443529660076864,0.08223921214607605,SN=2=0.1830;SN=3-4=0.2449;SN=5-8=0.2653;SN=9-12=0.2559;SN>=13=0.2429,0.26443529660076864,
878,430,v11_aug+v11plus+v13+v14_seed0+v16_testhist_aug,5,CW,"0.304,0.101,0.260,0.017,0.319","0.017,0.019,0.180,0.173,0.612","0.004,0.037,0.269,0.603,0.087",1.0,1.0,False,0.32154731878458825,0.03299323522644863,0.6130326272149458,0.2644227470474039,0.08386709170495965,SN=2=0.1825;SN=3-4=0.2444;SN=5-8=0.2664;SN=9-12=0.2530;SN>=13=0.2417,0.2644227470474039,
879,431,v11+v11plus+v14_seed0+v16_testhist_aug,4,CW,"0.251,0.148,0.279,0.321","0.251,0.009,0.263,0.476","0.031,0.012,0.944,0.013",1.0,1.0,False,0.3169688912366328,0.038123633230904654,0.6107809849278841,0.26419320677259184,0.08242164408238944,SN=2=0.1851;SN=3-4=0.2450;SN=5-8=0.2675;SN=9-12=0.2543;SN>=13=0.2422,0.26419320677259184,
880,432,v11+v14_avg3+v16_testhist_aug,3,CW,"0.338,0.318,0.344","0.175,0.266,0.560","0.038,0.808,0.154",1.0,1.0,False,0.3211239021952716,0.03265244501908521,0.6127293157215681,0.2640564020300563,0.07791337950522925,SN=2=0.1882;SN=3-4=0.2457;SN=5-8=0.2661;SN=9-12=0.2531;SN>=13=0.2415,0.2640564020300563,
881,433,v11+v11_aug+v12_5f+v14_seed2+v16_testhist_aug,5,CW,"0.198,0.172,0.331,0.061,0.237","0.110,0.041,0.057,0.212,0.580","0.032,0.030,0.563,0.195,0.180",1.0,1.0,False,0.3203465775675507,0.03320348895110701,0.6131773409797665,0.2640554948034164,0.0792111305769938,SN=2=0.1871;SN=3-4=0.2452;SN=5-8=0.2664;SN=9-12=0.2513;SN>=13=0.2349,0.2640554948034164,
882,434,v11+v11_aug+v12_5f+v16_testhist_aug,4,CW,"0.225,0.189,0.319,0.266","0.139,0.139,0.246,0.476","0.026,0.036,0.783,0.155",1.0,1.0,False,0.3163039455097116,0.03760108241344008,0.6123304427065223,0.2640280997105651,0.08151710152274733,SN=2=0.1848;SN=3-4=0.2450;SN=5-8=0.2663;SN=9-12=0.2536;SN>=13=0.2384,0.2640280997105651,
883,435,v11_aug+v11plus+v12_5f+v14_avg3+v16_testhist_aug,5,CW,"0.282,0.140,0.103,0.199,0.276","0.122,0.052,0.170,0.078,0.579","0.021,0.007,0.163,0.770,0.039",1.0,1.0,False,0.3160983362851263,0.03708054699895932,0.6136964168190483,0.2640108366774439,0.07963622590743108,SN=2=0.1842;SN=3-4=0.2439;SN=5-8=0.2638;SN=9-12=0.2527;SN>=13=0.2411,0.2640108366774439,
884,436,v11_aug+v11plus+v14_seed2+v16_testhist_aug,4,CW,"0.240,0.237,0.268,0.255","0.101,0.037,0.368,0.495","0.025,0.055,0.811,0.109",1.0,1.0,False,0.31214754545610635,0.04216846562249498,0.6112118519088664,0.26396877481321385,0.08103960748910524,SN=2=0.1830;SN=3-4=0.2437;SN=5-8=0.2640;SN=9-12=0.2532;SN>=13=0.2401,0.26396877481321385,
885,437,v11+v14_seed2+v16_testhist_aug,3,CW,"0.362,0.269,0.369","0.107,0.361,0.531","0.045,0.607,0.348",1.0,1.0,False,0.31805455782015774,0.03584647287958241,0.6111985483859853,0.2638001219570931,0.0802669788897416,SN=2=0.1868;SN=3-4=0.2456;SN=5-8=0.2671;SN=9-12=0.2516;SN>=13=0.2405,0.2638001219570931,
886,438,v11_aug+v11plus+v12_5f+v16_testhist_aug,4,CW,"0.264,0.168,0.359,0.209","0.176,0.053,0.203,0.568","0.026,0.033,0.795,0.146",1.0,1.0,False,0.31616813216812895,0.036912841916030906,0.6126142027902033,0.2637552301917046,0.07793186671423907,SN=2=0.1847;SN=3-4=0.2442;SN=5-8=0.2626;SN=9-12=0.2515;SN>=13=0.2375,0.2637552301917046,
887,439,v11+v11_aug+v11plus+v16_testhist_aug,4,CW,"0.104,0.232,0.103,0.561","0.256,0.250,0.046,0.448","0.006,0.070,0.090,0.834",1.0,1.0,False,0.310736320639449,0.04528376557414425,0.6053946835604443,0.2634869711975262,0.08649175750467603,SN=2=0.1818;SN=3-4=0.2426;SN=5-8=0.2683;SN=9-12=0.2535;SN>=13=0.2392,0.2634869711975262,
888,440,v11+v11_aug+v16_testhist_aug,3,CW,"0.177,0.251,0.572","0.293,0.257,0.450","0.025,0.011,0.964",1.0,1.0,False,0.30916996425211024,0.045456334225492126,0.607966953207586,0.2634439100325582,0.08637671676771785,SN=2=0.1820;SN=3-4=0.2422;SN=5-8=0.2684;SN=9-12=0.2543;SN>=13=0.2419,0.2634439100325582,
889,441,v11+v11_aug+v14_seed0+v16_testhist_aug,4,CW,"0.188,0.269,0.243,0.300","0.156,0.126,0.284,0.434","0.029,0.046,0.485,0.439",1.0,1.0,False,0.31027617144170205,0.041926013652242834,0.6102706936710953,0.26293501277179704,0.08384704006052163,SN=2=0.1817;SN=3-4=0.2425;SN=5-8=0.2655;SN=9-12=0.2539;SN>=13=0.2409,0.26293501277179704,
890,442,v11+v11_aug+v11plus+v14_seed0+v16_testhist_aug,5,CW,"0.092,0.294,0.099,0.239,0.276","0.046,0.117,0.117,0.243,0.476","0.029,0.012,0.077,0.771,0.112",1.0,1.0,False,0.3097183364270978,0.04153942977743511,0.6101400684888196,0.2625311201795771,0.08325631264500727,SN=2=0.1803;SN=3-4=0.2411;SN=5-8=0.2636;SN=9-12=0.2531;SN>=13=0.2401,0.2625311201795771,
891,443,v11+v11_aug+v11plus+v14_avg3+v16_testhist_aug,5,CW,"0.134,0.232,0.088,0.282,0.263","0.007,0.044,0.014,0.381,0.554","0.081,0.003,0.030,0.838,0.048",1.0,1.0,False,0.3118076732275119,0.03735098398804241,0.6119091845587994,0.26204529979798163,0.08266970268467447,SN=2=0.1815;SN=3-4=0.2420;SN=5-8=0.2642;SN=9-12=0.2513;SN>=13=0.2363,0.26204529979798163,
892,444,v11+v11_aug+v14_avg3+v16_testhist_aug,4,CW,"0.201,0.239,0.259,0.302","0.094,0.047,0.305,0.554","0.016,0.031,0.940,0.014",1.0,1.0,False,0.31254144154553554,0.03458079273410533,0.6127312810522244,0.26139514992230123,0.08304817253650293,SN=2=0.1825;SN=3-4=0.2418;SN=5-8=0.2656;SN=9-12=0.2497;SN>=13=0.2361,0.26139514992230123,
893,445,v11+v11_aug+v11plus+v14_seed2+v16_testhist_aug,5,CW,"0.099,0.283,0.090,0.240,0.288","0.074,0.007,0.031,0.321,0.567","0.095,0.015,0.002,0.540,0.348",1.0,1.0,False,0.31034568252517086,0.03486997387632447,0.6098712422778841,0.260060511016175,0.08109520270524395,SN=2=0.1815;SN=3-4=0.2411;SN=5-8=0.2626;SN=9-12=0.2489;SN>=13=0.2314,0.260060511016175,
894,446,v11+v11_aug+v11plus,3,CW,"0.328,0.402,0.269","0.565,0.414,0.022","0.140,0.442,0.417",1.0,1.0,False,0.25532793938903336,0.1111301484270422,0.5670850813555144,0.26000025139753313,0.08926523608195147,SN=2=0.1732;SN=3-4=0.2530;SN=5-8=0.2624;SN=9-12=0.2472;SN>=13=0.2230,0.26000025139753313,
895,447,v11_aug+v11plus+v16_testhist_aug,3,CW,"0.281,0.150,0.568","0.188,0.099,0.713","0.034,0.026,0.940",1.0,1.0,False,0.3121071312552565,0.03334733754438349,0.6080632230568646,0.25979443213122894,0.08120611889368173,SN=2=0.1810;SN=3-4=0.2400;SN=5-8=0.2622;SN=9-12=0.2505;SN>=13=0.2359,0.25979443213122894,
896,448,v11+v11plus+v16_testhist_aug,3,CW,"0.221,0.193,0.586","0.126,0.124,0.750","0.026,0.029,0.945",1.0,1.0,False,0.31288674294416696,0.02755217404145751,0.6083109859066221,0.25783776397557423,0.07655313455393553,SN=2=0.1826;SN=3-4=0.2400;SN=5-8=0.2591;SN=9-12=0.2466;SN>=13=0.2324,0.25783776397557423,
