rank,eligible_rank,subset,n_models,calibration,w_a,w_p,w_s,t_a,t_p,temp_at_edge,f1_a,f1_p,auc,oof_ov,sn_spread,sn_buckets,spread_penalised_score,file
1,,v11+v11plus+v13+v14_avg3+v16_testhist_aug,5,THR,"0.141,0.214,0.334,0.112,0.200","0.050,0.040,0.063,0.313,0.534","0.022,0.003,0.299,0.586,0.090",0.3,0.3,True,0.41635095880775697,0.23629366785503952,0.6143201514662351,0.38392188095836566,0.09241913453421108,SN=2=0.2796;SN=3-4=0.3548;SN=5-8=0.3721;SN=9-12=0.3554;SN>=13=0.3485,0.38392188095836566,
2,,v11+v12_5f+v13+v16_testhist_aug,4,THR,"0.232,0.114,0.334,0.320","0.098,0.141,0.149,0.613","0.032,0.362,0.345,0.261",0.3,0.3,True,0.415784802044018,0.2362320665443073,0.6147615509528821,0.38375905762590656,0.08776906265697698,SN=2=0.2834;SN=3-4=0.3545;SN=5-8=0.3712;SN=9-12=0.3515;SN>=13=0.3440,0.38375905762590656,
3,,v11+v12_5f+v13+v14_avg3+v16_testhist_aug,5,THR,"0.267,0.041,0.343,0.008,0.342","0.063,0.064,0.162,0.101,0.609","0.030,0.371,0.255,0.327,0.018",0.3,0.3,True,0.4155906555959525,0.23572043574538415,0.615430381357843,0.38361051280810327,0.08792894820310865,SN=2=0.2830;SN=3-4=0.3540;SN=5-8=0.3709;SN=9-12=0.3518;SN>=13=0.3448,0.38361051280810327,
4,,v11+v12_5f+v13+v14_seed0+v16_testhist_aug,5,THR,"0.261,0.025,0.378,0.034,0.301","0.269,0.108,0.078,0.236,0.309","0.019,0.438,0.324,0.073,0.145",0.3,0.3,True,0.4161618323440152,0.23508063584868027,0.6149750814059429,0.3834920035582668,0.0923751382342819,SN=2=0.2800;SN=3-4=0.3558;SN=5-8=0.3724;SN=9-12=0.3573;SN>=13=0.3447,0.3834920035582668,
5,,v11+v13+v14_seed2+v16_testhist_aug,4,THR,"0.237,0.414,0.014,0.335","0.070,0.144,0.240,0.546","0.027,0.411,0.430,0.133",0.3,0.3,True,0.41640277857138736,0.23479804307224308,0.61335129708259,0.3831505880739702,0.09033909268559043,SN=2=0.2809;SN=3-4=0.3581;SN=5-8=0.3713;SN=9-12=0.3517;SN>=13=0.3456,0.3831505880739702,
6,,v11+v12_5f+v13+v14_seed1+v16_testhist_aug,5,THR,"0.245,0.109,0.311,0.041,0.294","0.217,0.026,0.271,0.058,0.427","0.034,0.405,0.286,0.205,0.069",0.3,0.3,True,0.4154245272709431,0.23463746320615558,0.6155651822489566,0.3831378326406308,0.09009169646761161,SN=2=0.2810;SN=3-4=0.3564;SN=5-8=0.3711;SN=9-12=0.3558;SN>=13=0.3424,0.3831378326406308,
7,,v11plus+v12_5f+v13+v14_seed1+v16_testhist_aug,5,THR,"0.286,0.034,0.331,0.104,0.244","0.075,0.236,0.079,0.050,0.559","0.042,0.316,0.178,0.442,0.022",0.3,0.3,True,0.41421322224806334,0.23572193867912064,0.6157998841481307,0.38313404120049976,0.08917439097235408,SN=2=0.2821;SN=3-4=0.3549;SN=5-8=0.3712;SN=9-12=0.3515;SN>=13=0.3434,0.38313404120049976,
8,,v11+v13+v14_seed1+v16_testhist_aug,4,THR,"0.272,0.382,0.016,0.330","0.099,0.107,0.186,0.609","0.046,0.241,0.663,0.050",0.3,0.3,True,0.4156875132842821,0.23480245497518543,0.6146132122173482,0.38311862974725663,0.09176065282566365,SN=2=0.2799;SN=3-4=0.3554;SN=5-8=0.3717;SN=9-12=0.3542;SN>=13=0.3451,0.38311862974725663,
9,,v11plus+v12_5f+v13+v14_avg3+v16_testhist_aug,5,THR,"0.255,0.016,0.354,0.018,0.357","0.075,0.027,0.135,0.275,0.489","0.042,0.412,0.274,0.230,0.042",0.3,0.3,True,0.4142072260867487,0.2357649643899363,0.6155597148838877,0.38310081916745153,0.09226177297088634,SN=2=0.2804;SN=3-4=0.3556;SN=5-8=0.3726;SN=9-12=0.3518;SN>=13=0.3448,0.38310081916745153,
10,,v11plus+v12_5f+v13+v14_seed0+v16_testhist_aug,5,THR,"0.219,0.099,0.345,0.022,0.315","0.010,0.090,0.102,0.183,0.615","0.015,0.341,0.308,0.214,0.123",0.3,0.3,True,0.4152224533959982,0.23422549934774653,0.6150171573861344,0.3827826125747248,0.09144064737478003,SN=2=0.2801;SN=3-4=0.3545;SN=5-8=0.3716;SN=9-12=0.3510;SN>=13=0.3489,0.3827826125747248,
11,,v11plus+v12_5f+v13+v16_testhist_aug,4,THR,"0.253,0.127,0.252,0.368","0.108,0.192,0.117,0.583","0.044,0.407,0.376,0.173",0.3,0.3,True,0.4131777312527538,0.23564069311380229,0.6150175175317395,0.38253087325297036,0.08924104064662652,SN=2=0.2809;SN=3-4=0.3527;SN=5-8=0.3702;SN=9-12=0.3521;SN>=13=0.3416,0.38253087325297036,
12,,v11plus+v13+v14_avg3+v16_testhist_aug,4,THR,"0.287,0.316,0.133,0.264","0.041,0.121,0.242,0.596","0.028,0.283,0.647,0.041",0.3,0.3,True,0.4139619303835629,0.23532075722004428,0.6145839636912768,0.3826298677796982,0.09279441645080083,SN=2=0.2797;SN=3-4=0.3532;SN=5-8=0.3725;SN=9-12=0.3531;SN>=13=0.3439,0.382522251569791,
13,,v11plus+v13+v14_seed1+v16_testhist_aug,4,THR,"0.220,0.316,0.122,0.342","0.086,0.120,0.332,0.463","0.039,0.393,0.477,0.091",0.3,0.3,True,0.41501306988763637,0.23473111143231126,0.6149558579638934,0.38288884412075774,0.09365380804193174,SN=2=0.2788;SN=3-4=0.3555;SN=5-8=0.3724;SN=9-12=0.3510;SN>=13=0.3442,0.38235153211528505,
14,,v11+v11plus+v13+v14_seed2+v16_testhist_aug,5,THR,"0.154,0.178,0.256,0.127,0.284","0.090,0.043,0.093,0.249,0.526","0.040,0.001,0.556,0.189,0.214",0.3,0.3,True,0.4155410721636821,0.23612083114999569,0.6124119680379612,0.38314715493306334,0.09420521942671295,SN=2=0.2789;SN=3-4=0.3547;SN=5-8=0.3731;SN=9-12=0.3549;SN>=13=0.3445,0.38233413723520004,
15,,v11plus+v13+v14_seed2+v16_testhist_aug,4,THR,"0.243,0.313,0.060,0.384","0.018,0.158,0.290,0.534","0.029,0.453,0.447,0.072",0.3,0.3,True,0.41347409976062544,0.23556650815256433,0.6134925950334236,0.38231476217196064,0.0898963515065615,SN=2=0.2816;SN=3-4=0.3519;SN=5-8=0.3715;SN=9-12=0.3496;SN>=13=0.3433,0.38231476217196064,
16,,v11+v13+v16_testhist_aug,3,THR,"0.248,0.428,0.324","0.142,0.282,0.576","0.030,0.445,0.525",0.3,0.3,True,0.41664582001831924,0.23304457262077696,0.6119984127983018,0.3822758396152989,0.08998389046473909,SN=2=0.2796;SN=3-4=0.3583;SN=5-8=0.3696;SN=9-12=0.3521;SN>=13=0.3428,0.3822758396152989,
17,,v11plus+v12_5f+v13+v14_seed2+v16_testhist_aug,5,THR,"0.196,0.046,0.329,0.050,0.379","0.129,0.078,0.054,0.155,0.583","0.033,0.401,0.335,0.130,0.101",0.3,0.3,True,0.4141175740733994,0.23485450872044736,0.6153573753470137,0.38266030818694147,0.09349646147068885,SN=2=0.2800;SN=3-4=0.3563;SN=5-8=0.3735;SN=9-12=0.3492;SN>=13=0.3434,0.3822016694670902,
18,,v11+v11plus+v12_5f+v13+v16_testhist_aug,5,THR,"0.153,0.142,0.067,0.367,0.270","0.306,0.001,0.188,0.116,0.389","0.016,0.007,0.608,0.317,0.052",0.3,0.3,True,0.41791006035955874,0.23510363484902666,0.6148347017645217,0.38417241843633854,0.09657689421805671,SN=2=0.2810;SN=3-4=0.3584;SN=5-8=0.3776;SN=9-12=0.3569;SN>=13=0.3417,0.3821735633428034,
19,,v11plus+v13+v14_seed0+v16_testhist_aug,4,THR,"0.227,0.324,0.070,0.378","0.081,0.123,0.191,0.605","0.045,0.336,0.489,0.130",0.3,0.3,True,0.41358283221525816,0.23514232524398437,0.6132168022946138,0.3821334234426198,0.09051914791978732,SN=2=0.2794;SN=3-4=0.3542;SN=5-8=0.3700;SN=9-12=0.3507;SN>=13=0.3472,0.3821334234426198,
20,,v11plus+v13+v16_testhist_aug,3,THR,"0.223,0.401,0.376","0.059,0.334,0.607","0.035,0.487,0.478",0.3,0.3,True,0.4138836458593556,0.2348517888916187,0.6121880651439489,0.3819317869291795,0.09079289977315558,SN=2=0.2798;SN=3-4=0.3539;SN=5-8=0.3706;SN=9-12=0.3505;SN>=13=0.3412,0.3819317869291795,
21,,v11+v11plus+v13+v16_testhist_aug,4,THR,"0.124,0.187,0.352,0.337","0.322,0.049,0.316,0.314","0.001,0.045,0.373,0.581",0.3,0.3,True,0.41568531014890514,0.23497431637442504,0.6122104127356753,0.38270593315646717,0.09450457874760643,SN=2=0.2798;SN=3-4=0.3551;SN=5-8=0.3743;SN=9-12=0.3548;SN>=13=0.3409,0.38174323579815717,
22,,v11+v11plus+v13+v14_seed1+v16_testhist_aug,5,THR,"0.198,0.136,0.343,0.127,0.196","0.074,0.024,0.196,0.160,0.546","0.038,0.045,0.342,0.405,0.170",0.3,0.3,True,0.41759270924569664,0.23256522085873393,0.6145350713470143,0.3829701863111751,0.0957972019945913,SN=2=0.2785;SN=3-4=0.3555;SN=5-8=0.3743;SN=9-12=0.3538;SN>=13=0.3468,0.38136117732937264,
23,,v11+v12_5f+v13+v14_seed2+v16_testhist_aug,5,THR,"0.224,0.119,0.342,0.030,0.285","0.276,0.042,0.058,0.209,0.414","0.014,0.460,0.306,0.092,0.129",0.3,0.3,True,0.41637924119562414,0.23370758575252487,0.6150439933904428,0.3830435294573482,0.09614993095224933,SN=2=0.2787;SN=3-4=0.3579;SN=5-8=0.3748;SN=9-12=0.3572;SN>=13=0.3455,0.38125815599671675,
24,,v11+v11plus+v12_5f+v14_seed1+v16_testhist_aug,5,THR,"0.109,0.222,0.209,0.156,0.304","0.296,0.048,0.235,0.050,0.372","0.028,0.015,0.383,0.253,0.320",0.3,0.3,True,0.4123499971065599,0.23367059459224548,0.614008533934353,0.38120994346639275,0.09382207079062915,SN=2=0.2773;SN=3-4=0.3527;SN=5-8=0.3711;SN=9-12=0.3574;SN>=13=0.3430,0.3805885000865714,
25,,v11+v12_5f+v14_seed2+v16_testhist_aug,4,THR,"0.278,0.314,0.073,0.335","0.079,0.103,0.312,0.507","0.035,0.439,0.368,0.158",0.3,0.3,True,0.40989804681772596,0.2345054714857536,0.6134786590899094,0.38045713913937373,0.0914002426609628,SN=2=0.2781;SN=3-4=0.3546;SN=5-8=0.3695;SN=9-12=0.3520;SN>=13=0.3435,0.38045713913937373,
26,,v11+v11plus+v13+v14_seed0+v16_testhist_aug,5,THR,"0.184,0.122,0.329,0.014,0.351","0.061,0.006,0.127,0.162,0.643","0.023,0.028,0.423,0.371,0.155",0.3,0.3,True,0.4159330610982563,0.23511051384689616,0.6132287617689478,0.38306318233185055,0.0978342083658093,SN=2=0.2787;SN=3-4=0.3544;SN=5-8=0.3765;SN=9-12=0.3537;SN>=13=0.3462,0.38043567016443913,
27,,v11+v11plus+v12_5f+v14_seed2+v16_testhist_aug,5,THR,"0.256,0.212,0.073,0.207,0.253","0.055,0.051,0.126,0.187,0.581","0.027,0.013,0.508,0.350,0.102",0.3,0.3,True,0.40963026400365404,0.23541865865885825,0.6136670927985374,0.38075298762471244,0.09348593913770736,SN=2=0.2772;SN=3-4=0.3524;SN=5-8=0.3707;SN=9-12=0.3533;SN>=13=0.3432,0.38029961007135193,
28,,v11+v11plus+v14_avg3+v16_testhist_aug,4,THR,"0.190,0.223,0.293,0.294","0.103,0.047,0.322,0.528","0.008,0.043,0.739,0.210",0.3,0.3,True,0.41126119818819945,0.23528980954136364,0.6129565902880099,0.3812117211494272,0.09443227826287953,SN=2=0.2781;SN=3-4=0.3521;SN=5-8=0.3725;SN=9-12=0.3548;SN>=13=0.3466,0.3802851740334806,
29,,v11plus+v12_5f+v14_seed1+v16_testhist_aug,4,THR,"0.278,0.387,0.013,0.322","0.063,0.078,0.266,0.593","0.035,0.450,0.432,0.083",0.3,0.3,True,0.4091260591121623,0.23424032815196857,0.6145367388252916,0.3802539026707107,0.0917185784625354,SN=2=0.2776;SN=3-4=0.3533;SN=5-8=0.3693;SN=9-12=0.3530;SN>=13=0.3416,0.3802539026707107,
30,,v11+v13+v14_avg3+v16_testhist_aug,4,THR,"0.259,0.410,0.024,0.307","0.248,0.135,0.283,0.333","0.009,0.292,0.638,0.061",0.3,0.3,True,0.4161866700173028,0.23353265667624762,0.6141678618550303,0.3827213030484262,0.0976148657316418,SN=2=0.2779;SN=3-4=0.3568;SN=5-8=0.3755;SN=9-12=0.3577;SN>=13=0.3447,0.38020346219809853,
31,,v11plus+v12_5f+v14_seed2+v16_testhist_aug,4,THR,"0.326,0.217,0.100,0.357","0.016,0.159,0.250,0.575","0.024,0.463,0.448,0.066",0.3,0.3,True,0.4092294394125415,0.23399621419347047,0.6136939766572447,0.38002905677385374,0.08730543870987112,SN=2=0.2790;SN=3-4=0.3523;SN=5-8=0.3664;SN=9-12=0.3504;SN>=13=0.3419,0.38002905677385374,
32,,v11+v11plus+v12_5f+v14_avg3+v16_testhist_aug,5,THR,"0.190,0.149,0.252,0.134,0.275","0.152,0.033,0.068,0.296,0.451","0.026,0.004,0.249,0.556,0.165",0.3,0.3,True,0.4122339784595471,0.2332768613495982,0.6139108787827352,0.3809865116802052,0.0946417885657595,SN=2=0.2763;SN=3-4=0.3531;SN=5-8=0.3709;SN=9-12=0.3550;SN>=13=0.3444,0.3799552094128187,
33,,v11+v12_5f+v14_seed1+v16_testhist_aug,4,THR,"0.271,0.293,0.051,0.385","0.310,0.143,0.151,0.395","0.033,0.370,0.564,0.033",0.3,0.3,True,0.40956844548614946,0.23257128160786014,0.6143668903625492,0.3797292689101137,0.09257918403098642,SN=2=0.2765;SN=3-4=0.3544;SN=5-8=0.3691;SN=9-12=0.3550;SN>=13=0.3407,0.3797292689101137,
34,,v11+v12_5f+v14_avg3+v16_testhist_aug,4,THR,"0.222,0.171,0.222,0.385","0.282,0.174,0.089,0.455","0.038,0.280,0.599,0.083",0.3,0.3,True,0.4091842237636654,0.23341950536930556,0.6139735519562535,0.37983620204443913,0.09290251527037607,SN=2=0.2767;SN=3-4=0.3533;SN=5-8=0.3696;SN=9-12=0.3568;SN>=13=0.3436,0.3796745364247443,
35,,v11plus+v12_5f+v14_avg3+v16_testhist_aug,4,THR,"0.353,0.316,0.068,0.263","0.141,0.075,0.207,0.577","0.028,0.392,0.462,0.118",0.3,0.3,True,0.4095323886820845,0.2336152999726703,0.6142616259489758,0.38011140065169713,0.09371279660955623,SN=2=0.2771;SN=3-4=0.3538;SN=5-8=0.3708;SN=9-12=0.3523;SN>=13=0.3468,0.3795445943624122,
36,,v11plus+v14_seed2+v16_testhist_aug,3,THR,"0.292,0.327,0.381","0.055,0.381,0.564","0.039,0.676,0.285",0.3,0.3,True,0.408428403792338,0.2346250951461623,0.6115659938496603,0.3795345983453322,0.09014362916158952,SN=2=0.2776;SN=3-4=0.3508;SN=5-8=0.3677;SN=9-12=0.3530;SN>=13=0.3434,0.3795345983453322,
37,,v11plus+v14_seed1+v16_testhist_aug,3,THR,"0.302,0.359,0.339","0.031,0.370,0.599","0.051,0.837,0.112",0.3,0.3,True,0.4096650170925148,0.23253412995889158,0.6132435896194476,0.3795283767444521,0.09182948537101682,SN=2=0.2777;SN=3-4=0.3499;SN=5-8=0.3695;SN=9-12=0.3525;SN>=13=0.3444,0.3795283767444521,
38,,v11+v14_seed1+v16_testhist_aug,3,THR,"0.362,0.292,0.346","0.078,0.335,0.586","0.030,0.864,0.106",0.3,0.3,True,0.4092610173536885,0.2328784452373191,0.6129360153717306,0.37944298811074917,0.09185254853812347,SN=2=0.2762;SN=3-4=0.3502;SN=5-8=0.3680;SN=9-12=0.3537;SN>=13=0.3461,0.37944298811074917,
39,,v11+v12_5f+v13+v14_avg3,4,THR,"0.273,0.218,0.340,0.170","0.364,0.065,0.204,0.367","0.031,0.357,0.321,0.291",0.3,0.3,True,0.40993418627411693,0.2320488583261346,0.6154355875864079,0.3798803353573822,0.09372540775096622,SN=2=0.2765;SN=3-4=0.3520;SN=5-8=0.3703;SN=9-12=0.3544;SN>=13=0.3443,0.3793072234973923,
40,,v11plus+v12_5f+v16_testhist_aug,3,THR,"0.277,0.316,0.407","0.092,0.272,0.636","0.036,0.581,0.383",0.3,0.3,True,0.40857994037553996,0.2329832178370456,0.6130855244773468,0.37924236818050355,0.08850956526722081,SN=2=0.2778;SN=3-4=0.3536;SN=5-8=0.3663;SN=9-12=0.3503;SN>=13=0.3422,0.37924236818050355,
41,,v11+v14_seed2+v16_testhist_aug,3,THR,"0.363,0.386,0.251","0.075,0.382,0.543","0.041,0.599,0.360",0.3,0.3,True,0.4082955928994579,0.23411843565294715,0.6112154682162833,0.37920870506421867,0.08882867547837436,SN=2=0.2780;SN=3-4=0.3475;SN=5-8=0.3668;SN=9-12=0.3535;SN>=13=0.3474,0.37920870506421867,
42,,v11+v11plus+v14_seed1+v16_testhist_aug,4,THR,"0.192,0.127,0.370,0.312","0.041,0.036,0.375,0.549","0.001,0.045,0.948,0.006",0.3,0.3,True,0.4121714419840246,0.23292538958116973,0.6132033646969083,0.38067940556545943,0.09560569961217275,SN=2=0.2765;SN=3-4=0.3507;SN=5-8=0.3721;SN=9-12=0.3537;SN>=13=0.3458,0.37916614777486624,
43,,v11plus+v13+v14_seed1,3,THR,"0.271,0.323,0.407","0.231,0.278,0.491","0.031,0.342,0.627",0.3,0.3,True,0.40990425448298135,0.2311561865840393,0.6150968448611345,0.37944354539903513,0.0935964511494009,SN=2=0.2758;SN=3-4=0.3538;SN=5-8=0.3694;SN=9-12=0.3509;SN>=13=0.3473,0.37893491183982786,
44,,v11+v13+v14_seed2,3,THR,"0.217,0.307,0.476","0.349,0.247,0.405","0.039,0.369,0.592",0.3,0.3,True,0.40852641432418557,0.2329260170857673,0.6132858112255252,0.3792381348090862,0.0934738469913513,SN=2=0.2763;SN=3-4=0.3513;SN=5-8=0.3698;SN=9-12=0.3534;SN>=13=0.3416,0.37879080332890375,
45,,v11+v12_5f+v16_testhist_aug,3,THR,"0.280,0.395,0.325","0.323,0.270,0.407","0.034,0.590,0.376",0.3,0.3,True,0.40958916274424484,0.2316935548257657,0.6128330174414961,0.37907969051630347,0.09411609875626314,SN=2=0.2756;SN=3-4=0.3540;SN=5-8=0.3698;SN=9-12=0.3550;SN>=13=0.3378,0.3783112331536651,
46,,v11plus+v12_5f+v13+v14_avg3,4,THR,"0.289,0.007,0.287,0.416","0.271,0.015,0.216,0.497","0.040,0.329,0.184,0.447",0.3,0.3,True,0.40939284348386284,0.23113330484269312,0.6155091732130165,0.37931229397322563,0.09472596795104149,SN=2=0.2756;SN=3-4=0.3546;SN=5-8=0.3703;SN=9-12=0.3494;SN>=13=0.3480,0.3782389020131981,
47,,v11+v11plus+v12_5f+v16_testhist_aug,4,THR,"0.208,0.166,0.298,0.328","0.367,0.029,0.235,0.369","0.018,0.048,0.730,0.203",0.3,0.3,True,0.41094599196590026,0.23256687209826396,0.6127181994747448,0.37994878552061473,0.09610319363944386,SN=2=0.2775;SN=3-4=0.3509;SN=5-8=0.3736;SN=9-12=0.3553;SN>=13=0.3407,0.378186780716386,
48,,v11plus+v12_5f+v14_seed0+v16_testhist_aug,4,THR,"0.288,0.268,0.081,0.363","0.152,0.169,0.143,0.536","0.024,0.492,0.319,0.165",0.3,0.3,True,0.4095340476899783,0.23345402694902048,0.6135484823706772,0.379904926329735,0.0961728081385328,SN=2=0.2759;SN=3-4=0.3540;SN=5-8=0.3721;SN=9-12=0.3514;SN>=13=0.3434,0.3781081142759618,
49,,v11+v13+v14_avg3,3,THR,"0.210,0.389,0.401","0.367,0.185,0.448","0.033,0.297,0.669",0.3,0.3,True,0.40957625963158095,0.23111670368663534,0.6143848997054968,0.3791541652683859,0.0947103868126255,SN=2=0.2757;SN=3-4=0.3533;SN=5-8=0.3704;SN=9-12=0.3537;SN>=13=0.3446,0.3780885638775664,
50,,v11plus+v12_5f+v13,3,THR,"0.179,0.480,0.341","0.481,0.203,0.316","0.047,0.610,0.343",0.3,0.3,True,0.4090170391184639,0.23065705840330403,0.6148544817202268,0.3788405353527525,0.09414176695852455,SN=2=0.2777;SN=3-4=0.3546;SN=5-8=0.3718;SN=9-12=0.3489;SN>=13=0.3425,0.3780592438889835,
51,,v11+v11plus+v12_5f+v13+v14_seed1,5,THR,"0.161,0.157,0.093,0.335,0.254","0.324,0.046,0.115,0.112,0.402","0.030,0.037,0.297,0.249,0.386",0.3,0.3,True,0.41099920059216816,0.2309706049179397,0.6158154537418127,0.37995101295240563,0.0964682419923723,SN=2=0.2769;SN=3-4=0.3506;SN=5-8=0.3734;SN=9-12=0.3573;SN>=13=0.3458,0.37800648397171266,
52,,v11plus+v14_avg3+v16_testhist_aug,3,THR,"0.312,0.396,0.293","0.140,0.309,0.550","0.041,0.811,0.149",0.3,0.3,True,0.4097642416340893,0.23284535127334077,0.6130512743415195,0.379654092031276,0.0961589605811734,SN=2=0.2749;SN=3-4=0.3528;SN=5-8=0.3710;SN=9-12=0.3546;SN>=13=0.3464,0.37786420375618246,
53,,v11+v14_avg3+v16_testhist_aug,3,THR,"0.354,0.265,0.381","0.280,0.395,0.325","0.034,0.924,0.042",0.3,0.3,True,0.4090205878119391,0.23216409514815917,0.6128756231203782,0.379048997808115,0.0953014259041085,SN=2=0.2746;SN=3-4=0.3507;SN=5-8=0.3699;SN=9-12=0.3549;SN>=13=0.3462,0.377687876871554,
54,,v11plus+v12_5f+v13+v14_seed2,4,THR,"0.270,0.243,0.284,0.203","0.142,0.006,0.295,0.557","0.031,0.381,0.316,0.271",0.3,0.3,True,0.40835354162466225,0.23010540365107462,0.6154191982798766,0.3784674177662701,0.09416303999140135,SN=2=0.2748;SN=3-4=0.3514;SN=5-8=0.3690;SN=9-12=0.3499;SN>=13=0.3433,0.3776754897860626,
55,,v11+v11plus+v12_5f+v13+v14_seed2,5,THR,"0.143,0.185,0.114,0.340,0.217","0.411,0.039,0.100,0.157,0.292","0.004,0.015,0.581,0.198,0.202",0.3,0.3,True,0.4113726807106298,0.23175751082793825,0.6149347224085793,0.38023902109714314,0.0978894500377177,SN=2=0.2768;SN=3-4=0.3544;SN=5-8=0.3747;SN=9-12=0.3547;SN>=13=0.3419,0.3775838880937775,
56,,v11plus+v13+v14_seed2,3,THR,"0.269,0.331,0.400","0.271,0.235,0.494","0.043,0.403,0.554",0.3,0.3,True,0.40997508626423274,0.23128226220408346,0.6136265155686136,0.3792282425010492,0.09631909389638998,SN=2=0.2750;SN=3-4=0.3542;SN=5-8=0.3713;SN=9-12=0.3494;SN>=13=0.3461,0.37735828756834744,
57,,v11+v11plus+v13+v14_seed0,4,THR,"0.255,0.090,0.360,0.294","0.334,0.052,0.243,0.370","0.038,0.001,0.470,0.491",0.3,0.3,True,0.4109811192367559,0.23298091863904125,0.6126725335895636,0.3801193218682316,0.09824967932533812,SN=2=0.2755;SN=3-4=0.3505;SN=5-8=0.3738;SN=9-12=0.3574;SN>=13=0.3467,0.37728407422105575,
58,,v11+v11plus+v12_5f+v14_seed0+v16_testhist_aug,5,THR,"0.167,0.199,0.321,0.071,0.242","0.130,0.105,0.166,0.128,0.470","0.024,0.028,0.553,0.327,0.069",0.3,0.3,True,0.4115502269505091,0.23326612522949058,0.6135379651289155,0.380634133897783,0.09930103093157922,SN=2=0.2752;SN=3-4=0.3525;SN=5-8=0.3745;SN=9-12=0.3555;SN>=13=0.3440,0.37727321044748663,
59,,v11plus+v13+v14_avg3,3,THR,"0.304,0.283,0.413","0.122,0.235,0.643","0.047,0.264,0.690",0.3,0.3,True,0.4083911375090808,0.23066286040876322,0.6146221927553536,0.37854603771820833,0.09514750987030429,SN=2=0.2744;SN=3-4=0.3497;SN=5-8=0.3696;SN=9-12=0.3488;SN>=13=0.3474,0.3772618747985494,
60,,v11+v11plus+v13+v14_seed2,4,THR,"0.144,0.218,0.367,0.271","0.283,0.074,0.277,0.365","0.029,0.031,0.380,0.560",0.3,0.3,True,0.41087569342408536,0.2331845149730245,0.613651080964204,0.38035429955168476,0.09890370770358448,SN=2=0.2774;SN=3-4=0.3527;SN=5-8=0.3763;SN=9-12=0.3576;SN>=13=0.3431,0.37719203771538573,
61,,v11plus+v12_5f+v13+v14_seed1,4,THR,"0.285,0.248,0.335,0.132","0.285,0.008,0.228,0.480","0.044,0.278,0.270,0.408",0.3,0.3,True,0.40912486275687543,0.23056985893823212,0.6160102091815443,0.3790799305143519,0.09639370738461789,SN=2=0.2749;SN=3-4=0.3536;SN=5-8=0.3713;SN=9-12=0.3512;SN>=13=0.3482,0.3771726688375362,
62,,v11+v14_seed0+v16_testhist_aug,3,THR,"0.330,0.292,0.378","0.251,0.269,0.480","0.040,0.647,0.313",0.3,0.3,True,0.40950122730644084,0.2322671642648566,0.610809979330596,0.37886935249463816,0.0960151102378144,SN=2=0.2743;SN=3-4=0.3500;SN=5-8=0.3703;SN=9-12=0.3564;SN>=13=0.3464,0.37715138939122417,
63,,v11+v11plus+v13+v14_avg3+v16_testhist_aug,5,TEMP,"0.141,0.214,0.334,0.112,0.200","0.050,0.040,0.063,0.313,0.534","0.022,0.003,0.299,0.586,0.090",0.3,0.3,True,0.40715456684645734,0.22852616924470343,0.6143201514662351,0.37713632472971137,0.09182978816031478,SN=2=0.2763;SN=3-4=0.3465;SN=5-8=0.3682;SN=9-12=0.3492;SN>=13=0.3487,0.37713632472971137,
64,1,v11+v11plus+v13+v14_avg3+v16_testhist_aug,5,NONE,"0.141,0.214,0.334,0.112,0.200","0.050,0.040,0.063,0.313,0.534","0.022,0.003,0.299,0.586,0.090",1.0,1.0,False,0.40715456684645734,0.22852616924470343,0.6143201514662351,0.37713632472971137,0.09182978816031478,SN=2=0.2763;SN=3-4=0.3465;SN=5-8=0.3682;SN=9-12=0.3492;SN>=13=0.3487,0.37713632472971137,submission_zoo_v4a_elig1_none_v11_v11plus_v13_v14avg3_v16.csv
65,,v11+v11plus+v13+v14_seed0+v16_testhist_aug,5,TEMP,"0.184,0.122,0.329,0.014,0.351","0.061,0.006,0.127,0.162,0.643","0.023,0.028,0.423,0.371,0.155",0.3,0.3,True,0.40781573460103687,0.22836825382201748,0.6132287617689478,0.3771193477230113,0.09118690892927339,SN=2=0.2772;SN=3-4=0.3467;SN=5-8=0.3684;SN=9-12=0.3475;SN>=13=0.3496,0.3771193477230113,
66,2,v11+v11plus+v13+v14_seed0+v16_testhist_aug,5,NONE,"0.184,0.122,0.329,0.014,0.351","0.061,0.006,0.127,0.162,0.643","0.023,0.028,0.423,0.371,0.155",1.0,1.0,False,0.40781573460103687,0.22836825382201748,0.6132287617689478,0.3771193477230113,0.09118690892927339,SN=2=0.2772;SN=3-4=0.3467;SN=5-8=0.3684;SN=9-12=0.3475;SN>=13=0.3496,0.3771193477230113,submission_zoo_v4a_elig2_none_v11_v11plus_v13_v14s0_v16.csv
67,,v11+v13+v14_seed0+v16_testhist_aug,4,THR,"0.264,0.290,0.036,0.409","0.294,0.058,0.266,0.382","0.037,0.370,0.360,0.233",0.3,0.3,True,0.41441224706888496,0.23221041799709458,0.6129674685004525,0.3812425597264823,0.10084119548325787,SN=2=0.2764;SN=3-4=0.3536;SN=5-8=0.3772;SN=9-12=0.3549;SN>=13=0.3439,0.37711155400034657,
68,,v11+v12_5f+v14_seed0+v16_testhist_aug,4,THR,"0.272,0.300,0.073,0.355","0.234,0.091,0.197,0.478","0.039,0.537,0.374,0.050",0.3,0.3,True,0.4094628878854908,0.23220286235665039,0.6132977282084533,0.37932584573854716,0.09713693854023303,SN=2=0.2746;SN=3-4=0.3521;SN=5-8=0.3718;SN=9-12=0.3526;SN>=13=0.3423,0.37704696848392383,
69,,v11plus+v14_seed0+v16_testhist_aug,3,THR,"0.315,0.325,0.360","0.056,0.409,0.535","0.040,0.626,0.334",0.3,0.3,True,0.4085346494115296,0.2324826102437473,0.611093225804565,0.3786255490230238,0.09577737343253018,SN=2=0.2746;SN=3-4=0.3514;SN=5-8=0.3704;SN=9-12=0.3513;SN>=13=0.3465,0.3770264543222519,
70,,v11+v12_5f+v13+v14_seed1,4,THR,"0.188,0.294,0.329,0.189","0.369,0.009,0.209,0.413","0.003,0.359,0.283,0.356",0.3,0.3,True,0.4083857856253947,0.23134971625667405,0.6156751409315346,0.3790292289391345,0.09664594138182192,SN=2=0.2761;SN=3-4=0.3534;SN=5-8=0.3727;SN=9-12=0.3501;SN>=13=0.3434,0.37699585026371674,
71,,v11+v12_5f+v13+v14_seed2,4,THR,"0.207,0.379,0.320,0.094","0.464,0.062,0.204,0.270","0.011,0.429,0.338,0.222",0.3,0.3,True,0.40872895591567365,0.23053511550218309,0.6151072750573949,0.3787270835786217,0.09607012189765052,SN=2=0.2765;SN=3-4=0.3542;SN=5-8=0.3726;SN=9-12=0.3530;SN>=13=0.3422,0.3769816146452897,
72,,v11+v11plus+v13+v14_seed1,4,THR,"0.051,0.216,0.364,0.369","0.376,0.014,0.278,0.333","0.010,0.017,0.330,0.643",0.3,0.3,True,0.4094509726054329,0.2308279958614902,0.6150282315540896,0.3791172336975872,0.09704635458930494,SN=2=0.2770;SN=3-4=0.3518;SN=5-8=0.3740;SN=9-12=0.3540;SN>=13=0.3422,0.3768836484184279,
73,,v11+v11plus+v14_seed2+v16_testhist_aug,4,THR,"0.220,0.182,0.314,0.284","0.197,0.077,0.487,0.239","0.004,0.064,0.551,0.381",0.3,0.3,True,0.41139444234747785,0.2334377207193985,0.6113057504901742,0.3801940153247854,0.0995107128186632,SN=2=0.2755;SN=3-4=0.3520;SN=5-8=0.3750;SN=9-12=0.3542;SN>=13=0.3457,0.37672825093094703,
74,,v11+v11plus+v12_5f+v13+v14_seed0,5,THR,"0.171,0.144,0.078,0.385,0.221","0.309,0.103,0.083,0.204,0.302","0.011,0.025,0.584,0.151,0.229",0.3,0.3,True,0.41112574740063834,0.23274432711956988,0.6147020840240869,0.3804884466129007,0.10034535632804847,SN=2=0.2768;SN=3-4=0.3539;SN=5-8=0.3772;SN=9-12=0.3564;SN>=13=0.3438,0.37660536046436965,
75,,v11+v12_5f+v13+v14_avg3+v16_testhist_aug,5,TEMP,"0.267,0.041,0.343,0.008,0.342","0.063,0.064,0.162,0.101,0.609","0.030,0.371,0.255,0.327,0.018",0.3,0.3,True,0.40502202847166924,0.22868355493180076,0.615430381357843,0.3765683096329566,0.08870496469755412,SN=2=0.2791;SN=3-4=0.3481;SN=5-8=0.3678;SN=9-12=0.3460;SN>=13=0.3444,0.3765683096329566,
76,3,v11+v12_5f+v13+v14_avg3+v16_testhist_aug,5,NONE,"0.267,0.041,0.343,0.008,0.342","0.063,0.064,0.162,0.101,0.609","0.030,0.371,0.255,0.327,0.018",1.0,1.0,False,0.40502202847166924,0.22868355493180076,0.615430381357843,0.3765683096329566,0.08870496469755412,SN=2=0.2791;SN=3-4=0.3481;SN=5-8=0.3678;SN=9-12=0.3460;SN>=13=0.3444,0.3765683096329566,submission_zoo_v4a_elig3_none_v11_v125f_v13_v14avg3_v16.csv
77,,v11+v13+v14_seed2+v16_testhist_aug,4,TEMP,"0.237,0.414,0.014,0.335","0.070,0.144,0.240,0.546","0.027,0.411,0.430,0.133",0.3,0.3,True,0.40529528163442047,0.22928656781825038,0.61335129708259,0.37650299919758634,0.08864064570557417,SN=2=0.2772;SN=3-4=0.3480;SN=5-8=0.3659;SN=9-12=0.3463;SN>=13=0.3448,0.37650299919758634,
78,4,v11+v13+v14_seed2+v16_testhist_aug,4,NONE,"0.237,0.414,0.014,0.335","0.070,0.144,0.240,0.546","0.027,0.411,0.430,0.133",1.0,1.0,False,0.40529528163442047,0.22928656781825038,0.61335129708259,0.37650299919758634,0.08864064570557417,SN=2=0.2772;SN=3-4=0.3480;SN=5-8=0.3659;SN=9-12=0.3463;SN>=13=0.3448,0.37650299919758634,submission_zoo_v4a_elig4_none_v11_v13_v14s2_v16.csv
79,,v11+v11plus+v12_5f+v13+v14_avg3,5,THR,"0.193,0.152,0.064,0.380,0.212","0.339,0.076,0.033,0.159,0.393","0.038,0.003,0.277,0.411,0.271",0.3,0.3,True,0.411670560556939,0.23121681624967097,0.6151425020830195,0.3801834511392479,0.09996406896402577,SN=2=0.2751;SN=3-4=0.3541;SN=5-8=0.3751;SN=9-12=0.3559;SN>=13=0.3433,0.3764910086727282,
80,,v11+v11plus+v13+v14_seed2+v16_testhist_aug,5,TEMP,"0.154,0.178,0.256,0.127,0.284","0.090,0.043,0.093,0.249,0.526","0.040,0.001,0.556,0.189,0.214",0.3,0.3,True,0.40572710364020054,0.22909200973342186,0.6124119680379612,0.3764100389570412,0.0925693192717712,SN=2=0.2757;SN=3-4=0.3450;SN=5-8=0.3683;SN=9-12=0.3487;SN>=13=0.3454,0.3764100389570412,
81,5,v11+v11plus+v13+v14_seed2+v16_testhist_aug,5,NONE,"0.154,0.178,0.256,0.127,0.284","0.090,0.043,0.093,0.249,0.526","0.040,0.001,0.556,0.189,0.214",1.0,1.0,False,0.40572710364020054,0.22909200973342186,0.6124119680379612,0.3764100389570412,0.0925693192717712,SN=2=0.2757;SN=3-4=0.3450;SN=5-8=0.3683;SN=9-12=0.3487;SN>=13=0.3454,0.3764100389570412,submission_zoo_v4a_elig5_none_v11_v11plus_v13_v14s2_v16.csv
82,,v11+v12_5f+v13+v16_testhist_aug,4,TEMP,"0.232,0.114,0.334,0.320","0.098,0.141,0.149,0.613","0.032,0.362,0.345,0.261",0.3,0.3,True,0.4051802253172237,0.22816451375663763,0.6147615509528821,0.37629020582012096,0.08920986001522818,SN=2=0.2776;SN=3-4=0.3481;SN=5-8=0.3668;SN=9-12=0.3459;SN>=13=0.3438,0.37629020582012096,
83,6,v11+v12_5f+v13+v16_testhist_aug,4,NONE,"0.232,0.114,0.334,0.320","0.098,0.141,0.149,0.613","0.032,0.362,0.345,0.261",1.0,1.0,False,0.4051802253172237,0.22816451375663763,0.6147615509528821,0.37629020582012096,0.08920986001522818,SN=2=0.2776;SN=3-4=0.3481;SN=5-8=0.3668;SN=9-12=0.3459;SN>=13=0.3438,0.37629020582012096,
84,,v11+v11plus+v14_seed0+v16_testhist_aug,4,THR,"0.266,0.152,0.317,0.265","0.012,0.057,0.410,0.522","0.032,0.015,0.829,0.124",0.3,0.3,True,0.41013754399295155,0.23316895085730827,0.610986050927879,0.37951980812567976,0.09912737510369168,SN=2=0.2745;SN=3-4=0.3499;SN=5-8=0.3737;SN=9-12=0.3537;SN>=13=0.3484,0.37624571258932715,
85,,v11plus+v12_5f+v13+v14_avg3+v16_testhist_aug,5,TEMP,"0.255,0.016,0.354,0.018,0.357","0.075,0.027,0.135,0.275,0.489","0.042,0.412,0.274,0.230,0.042",0.3,0.3,True,0.40509126597661355,0.22773089735936955,0.6155597148838877,0.3762408083111708,0.08721289221284428,SN=2=0.2777;SN=3-4=0.3468;SN=5-8=0.3649;SN=9-12=0.3464;SN>=13=0.3462,0.3762408083111708,
86,7,v11plus+v12_5f+v13+v14_avg3+v16_testhist_aug,5,NONE,"0.255,0.016,0.354,0.018,0.357","0.075,0.027,0.135,0.275,0.489","0.042,0.412,0.274,0.230,0.042",1.0,1.0,False,0.40509126597661355,0.22773089735936955,0.6155597148838877,0.3762408083111708,0.08721289221284428,SN=2=0.2777;SN=3-4=0.3468;SN=5-8=0.3649;SN=9-12=0.3464;SN>=13=0.3462,0.3762408083111708,
87,,v11+v13+v14_seed1+v16_testhist_aug,4,TEMP,"0.272,0.382,0.016,0.330","0.099,0.107,0.186,0.609","0.046,0.241,0.663,0.050",0.3,0.3,True,0.40449445641679677,0.22852175248999224,0.6146132122173482,0.3761291260061853,0.09099000941410457,SN=2=0.2778;SN=3-4=0.3473;SN=5-8=0.3687;SN=9-12=0.3461;SN>=13=0.3462,0.3761291260061853,
88,8,v11+v13+v14_seed1+v16_testhist_aug,4,NONE,"0.272,0.382,0.016,0.330","0.099,0.107,0.186,0.609","0.046,0.241,0.663,0.050",1.0,1.0,False,0.40449445641679677,0.22852175248999224,0.6146132122173482,0.3761291260061853,0.09099000941410457,SN=2=0.2778;SN=3-4=0.3473;SN=5-8=0.3687;SN=9-12=0.3461;SN>=13=0.3462,0.3761291260061853,
89,,v11+v12_5f+v13+v14_seed2+v16_testhist_aug,5,TEMP,"0.224,0.119,0.342,0.030,0.285","0.276,0.042,0.058,0.209,0.414","0.014,0.460,0.306,0.092,0.129",0.3,0.3,True,0.40444844705330646,0.22864118462715713,0.6150439933904428,0.376244651350274,0.09285201915657165,SN=2=0.2748;SN=3-4=0.3498;SN=5-8=0.3677;SN=9-12=0.3511;SN>=13=0.3450,0.37610823378748137,
90,9,v11+v12_5f+v13+v14_seed2+v16_testhist_aug,5,NONE,"0.224,0.119,0.342,0.030,0.285","0.276,0.042,0.058,0.209,0.414","0.014,0.460,0.306,0.092,0.129",1.0,1.0,False,0.40444844705330646,0.22864118462715713,0.6150439933904428,0.376244651350274,0.09285201915657165,SN=2=0.2748;SN=3-4=0.3498;SN=5-8=0.3677;SN=9-12=0.3511;SN>=13=0.3450,0.37610823378748137,
91,,v11+v12_5f+v13+v14_seed0+v16_testhist_aug,5,TEMP,"0.261,0.025,0.378,0.034,0.301","0.269,0.108,0.078,0.236,0.309","0.019,0.438,0.324,0.073,0.145",0.3,0.3,True,0.4049087964286289,0.22898114334080902,0.6149750814059429,0.37655099218896376,0.0935097743902939,SN=2=0.2760;SN=3-4=0.3494;SN=5-8=0.3695;SN=9-12=0.3518;SN>=13=0.3433,0.37608569700931005,
92,10,v11+v12_5f+v13+v14_seed0+v16_testhist_aug,5,NONE,"0.261,0.025,0.378,0.034,0.301","0.269,0.108,0.078,0.236,0.309","0.019,0.438,0.324,0.073,0.145",1.0,1.0,False,0.4049087964286289,0.22898114334080902,0.6149750814059429,0.37655099218896376,0.0935097743902939,SN=2=0.2760;SN=3-4=0.3494;SN=5-8=0.3695;SN=9-12=0.3518;SN>=13=0.3433,0.37608569700931005,
93,,v11+v11plus+v12_5f+v14_avg3,4,THR,"0.125,0.219,0.473,0.183","0.294,0.080,0.106,0.521","0.018,0.040,0.353,0.589",0.3,0.3,True,0.4047923062904986,0.23099356019060827,0.6143318077251969,0.37718070813748217,0.09481101363133854,SN=2=0.2738;SN=3-4=0.3499;SN=5-8=0.3686;SN=9-12=0.3541;SN>=13=0.3471,0.37606479333730614,
94,,v11+v12_5f+v13+v14_seed1+v16_testhist_aug,5,TEMP,"0.245,0.109,0.311,0.041,0.294","0.217,0.026,0.271,0.058,0.427","0.034,0.405,0.286,0.205,0.069",0.3,0.3,True,0.4049444246985195,0.22817308771108719,0.6155651822489566,0.376360041413634,0.09317353729190198,SN=2=0.2759;SN=3-4=0.3496;SN=5-8=0.3691;SN=9-12=0.3522;SN>=13=0.3420,0.3760628647831762,
95,11,v11+v12_5f+v13+v14_seed1+v16_testhist_aug,5,NONE,"0.245,0.109,0.311,0.041,0.294","0.217,0.026,0.271,0.058,0.427","0.034,0.405,0.286,0.205,0.069",1.0,1.0,False,0.4049444246985195,0.22817308771108719,0.6155651822489566,0.376360041413634,0.09317353729190198,SN=2=0.2759;SN=3-4=0.3496;SN=5-8=0.3691;SN=9-12=0.3522;SN>=13=0.3420,0.3760628647831762,
96,,v11plus+v12_5f+v13+v14_seed2+v16_testhist_aug,5,TEMP,"0.196,0.046,0.329,0.050,0.379","0.129,0.078,0.054,0.155,0.583","0.033,0.401,0.335,0.130,0.101",0.3,0.3,True,0.4046115833712127,0.22873215093926608,0.6153573753470137,0.37640896879359426,0.0933844415537029,SN=2=0.2771;SN=3-4=0.3469;SN=5-8=0.3704;SN=9-12=0.3463;SN>=13=0.3480,0.376006340032236,
97,12,v11plus+v12_5f+v13+v14_seed2+v16_testhist_aug,5,NONE,"0.196,0.046,0.329,0.050,0.379","0.129,0.078,0.054,0.155,0.583","0.033,0.401,0.335,0.130,0.101",1.0,1.0,False,0.4046115833712127,0.22873215093926608,0.6153573753470137,0.37640896879359426,0.0933844415537029,SN=2=0.2771;SN=3-4=0.3469;SN=5-8=0.3704;SN=9-12=0.3463;SN>=13=0.3480,0.376006340032236,
98,,v11plus+v13+v14_avg3+v16_testhist_aug,4,TEMP,"0.287,0.316,0.133,0.264","0.041,0.121,0.242,0.596","0.028,0.283,0.647,0.041",0.3,0.3,True,0.40438730537719986,0.22824833077166096,0.6145839636912768,0.37597104719779967,0.08993353245110036,SN=2=0.2766;SN=3-4=0.3451;SN=5-8=0.3666;SN=9-12=0.3473;SN>=13=0.3482,0.37597104719779967,
99,13,v11plus+v13+v14_avg3+v16_testhist_aug,4,NONE,"0.287,0.316,0.133,0.264","0.041,0.121,0.242,0.596","0.028,0.283,0.647,0.041",1.0,1.0,False,0.40438730537719986,0.22824833077166096,0.6145839636912768,0.37597104719779967,0.08993353245110036,SN=2=0.2766;SN=3-4=0.3451;SN=5-8=0.3666;SN=9-12=0.3473;SN>=13=0.3482,0.37597104719779967,
100,,v11+v13+v14_seed0,3,THR,"0.268,0.397,0.336","0.365,0.117,0.518","0.038,0.406,0.556",0.3,0.3,True,0.40890982957695676,0.22970028267199086,0.6128179565070708,0.3780076362009932,0.09667020864660852,SN=2=0.2741;SN=3-4=0.3506;SN=5-8=0.3707;SN=9-12=0.3541;SN>=13=0.3435,0.3759621238931822,
101,,v11plus+v13+v14_seed1+v16_testhist_aug,4,TEMP,"0.220,0.316,0.122,0.342","0.086,0.120,0.332,0.463","0.039,0.393,0.477,0.091",0.3,0.3,True,0.4048735042043931,0.22744174427500957,0.6149558579638934,0.37591727098453975,0.08904762444890063,SN=2=0.2764;SN=3-4=0.3468;SN=5-8=0.3655;SN=9-12=0.3453;SN>=13=0.3490,0.37591727098453975,
102,14,v11plus+v13+v14_seed1+v16_testhist_aug,4,NONE,"0.220,0.316,0.122,0.342","0.086,0.120,0.332,0.463","0.039,0.393,0.477,0.091",1.0,1.0,False,0.4048735042043931,0.22744174427500957,0.6149558579638934,0.37591727098453975,0.08904762444890063,SN=2=0.2764;SN=3-4=0.3468;SN=5-8=0.3655;SN=9-12=0.3453;SN>=13=0.3490,0.37591727098453975,
103,,v11+v13+v14_seed0+v16_testhist_aug,4,TEMP,"0.264,0.290,0.036,0.409","0.294,0.058,0.266,0.382","0.037,0.370,0.360,0.233",0.3,0.3,True,0.40441534206527785,0.22888378175284804,0.6129674685004525,0.3759131432273409,0.09274980598227045,SN=2=0.2760;SN=3-4=0.3476;SN=5-8=0.3687;SN=9-12=0.3511;SN>=13=0.3449,0.37582783225169886,
104,15,v11+v13+v14_seed0+v16_testhist_aug,4,NONE,"0.264,0.290,0.036,0.409","0.294,0.058,0.266,0.382","0.037,0.370,0.360,0.233",1.0,1.0,False,0.40441534206527785,0.22888378175284804,0.6129674685004525,0.3759131432273409,0.09274980598227045,SN=2=0.2760;SN=3-4=0.3476;SN=5-8=0.3687;SN=9-12=0.3511;SN>=13=0.3449,0.37582783225169886,
105,,v11plus+v13+v14_seed0+v16_testhist_aug,4,TEMP,"0.227,0.324,0.070,0.378","0.081,0.123,0.191,0.605","0.045,0.336,0.489,0.130",0.3,0.3,True,0.404801056325712,0.22809463064097457,0.6132168022946138,0.3758016352455974,0.09005734182111269,SN=2=0.2762;SN=3-4=0.3456;SN=5-8=0.3663;SN=9-12=0.3465;SN>=13=0.3492,0.3758016352455974,
106,16,v11plus+v13+v14_seed0+v16_testhist_aug,4,NONE,"0.227,0.324,0.070,0.378","0.081,0.123,0.191,0.605","0.045,0.336,0.489,0.130",1.0,1.0,False,0.404801056325712,0.22809463064097457,0.6132168022946138,0.3758016352455974,0.09005734182111269,SN=2=0.2762;SN=3-4=0.3456;SN=5-8=0.3663;SN=9-12=0.3465;SN>=13=0.3492,0.3758016352455974,
107,,v11+v13+v14_seed1,3,THR,"0.314,0.344,0.342","0.379,0.265,0.356","0.030,0.269,0.701",0.3,0.3,True,0.4095108011539772,0.23072281910127254,0.6147467734320087,0.3790428027885016,0.09918435223128041,SN=2=0.2749;SN=3-4=0.3526;SN=5-8=0.3741;SN=9-12=0.3570;SN>=13=0.3422,0.3757402186883546,
108,,v11+v11plus+v13+v14_seed1+v16_testhist_aug,5,TEMP,"0.198,0.136,0.343,0.127,0.196","0.074,0.024,0.196,0.160,0.546","0.038,0.045,0.342,0.405,0.170",0.3,0.3,True,0.4076145621961056,0.22823692145898056,0.6145350713470143,0.37724760773143734,0.09565705216146148,SN=2=0.2766;SN=3-4=0.3480;SN=5-8=0.3722;SN=9-12=0.3485;SN>=13=0.3459,0.3757086736661998,
109,17,v11+v11plus+v13+v14_seed1+v16_testhist_aug,5,NONE,"0.198,0.136,0.343,0.127,0.196","0.074,0.024,0.196,0.160,0.546","0.038,0.045,0.342,0.405,0.170",1.0,1.0,False,0.4076145621961056,0.22823692145898056,0.6145350713470143,0.37724760773143734,0.09565705216146148,SN=2=0.2766;SN=3-4=0.3480;SN=5-8=0.3722;SN=9-12=0.3485;SN>=13=0.3459,0.3757086736661998,
110,,v11+v13+v14_avg3+v16_testhist_aug,4,TEMP,"0.259,0.410,0.024,0.307","0.248,0.135,0.283,0.333","0.009,0.292,0.638,0.061",0.3,0.3,True,0.40508132047545625,0.2291760766828709,0.6141678618550303,0.37653653123433695,0.09429744676275692,SN=2=0.2757;SN=3-4=0.3488;SN=5-8=0.3700;SN=9-12=0.3519;SN>=13=0.3451,0.3756773998684517,
111,18,v11+v13+v14_avg3+v16_testhist_aug,4,NONE,"0.259,0.410,0.024,0.307","0.248,0.135,0.283,0.333","0.009,0.292,0.638,0.061",1.0,1.0,False,0.40508132047545625,0.2291760766828709,0.6141678618550303,0.37653653123433695,0.09429744676275692,SN=2=0.2757;SN=3-4=0.3488;SN=5-8=0.3700;SN=9-12=0.3519;SN>=13=0.3451,0.3756773998684517,
112,,v11plus+v12_5f+v13+v14_seed1+v16_testhist_aug,5,TEMP,"0.286,0.034,0.331,0.104,0.244","0.075,0.236,0.079,0.050,0.559","0.042,0.316,0.178,0.442,0.022",0.3,0.3,True,0.40376753072964966,0.2274754721989462,0.6157998841481307,0.3756571780010645,0.08843671439898232,SN=2=0.2766;SN=3-4=0.3469;SN=5-8=0.3650;SN=9-12=0.3463;SN>=13=0.3448,0.3756571780010645,
113,19,v11plus+v12_5f+v13+v14_seed1+v16_testhist_aug,5,NONE,"0.286,0.034,0.331,0.104,0.244","0.075,0.236,0.079,0.050,0.559","0.042,0.316,0.178,0.442,0.022",1.0,1.0,False,0.40376753072964966,0.2274754721989462,0.6157998841481307,0.3756571780010645,0.08843671439898232,SN=2=0.2766;SN=3-4=0.3469;SN=5-8=0.3650;SN=9-12=0.3463;SN>=13=0.3448,0.3756571780010645,
114,,v11plus+v13+v14_seed2+v16_testhist_aug,4,TEMP,"0.243,0.313,0.060,0.384","0.018,0.158,0.290,0.534","0.029,0.453,0.447,0.072",0.3,0.3,True,0.40482741292161417,0.22753789545314715,0.6134925950334236,0.3756446423565893,0.08612910560143039,SN=2=0.2771;SN=3-4=0.3448;SN=5-8=0.3632;SN=9-12=0.3470;SN>=13=0.3478,0.3756446423565893,
115,20,v11plus+v13+v14_seed2+v16_testhist_aug,4,NONE,"0.243,0.313,0.060,0.384","0.018,0.158,0.290,0.534","0.029,0.453,0.447,0.072",1.0,1.0,False,0.40482741292161417,0.22753789545314715,0.6134925950334236,0.3756446423565893,0.08612910560143039,SN=2=0.2771;SN=3-4=0.3448;SN=5-8=0.3632;SN=9-12=0.3470;SN>=13=0.3478,0.3756446423565893,
116,,v11plus+v12_5f+v13+v14_seed0+v16_testhist_aug,5,TEMP,"0.219,0.099,0.345,0.022,0.315","0.010,0.090,0.102,0.183,0.615","0.015,0.341,0.308,0.214,0.123",0.3,0.3,True,0.4041555258078473,0.22721115480638518,0.6150171573861344,0.37555010372291986,0.08803337113155929,SN=2=0.2768;SN=3-4=0.3463;SN=5-8=0.3648;SN=9-12=0.3457;SN>=13=0.3473,0.37555010372291986,
117,21,v11plus+v12_5f+v13+v14_seed0+v16_testhist_aug,5,NONE,"0.219,0.099,0.345,0.022,0.315","0.010,0.090,0.102,0.183,0.615","0.015,0.341,0.308,0.214,0.123",1.0,1.0,False,0.4041555258078473,0.22721115480638518,0.6150171573861344,0.37555010372291986,0.08803337113155929,SN=2=0.2768;SN=3-4=0.3463;SN=5-8=0.3648;SN=9-12=0.3457;SN>=13=0.3473,0.37555010372291986,
118,,v11plus+v12_5f+v13+v16_testhist_aug,4,TEMP,"0.253,0.127,0.252,0.368","0.108,0.192,0.117,0.583","0.044,0.407,0.376,0.173",0.3,0.3,True,0.40382276229116665,0.22703293374841954,0.6150175175317395,0.3753457819221824,0.09109765204811737,SN=2=0.2762;SN=3-4=0.3451;SN=5-8=0.3673;SN=9-12=0.3446;SN>=13=0.3457,0.3753457819221824,
119,22,v11plus+v12_5f+v13+v16_testhist_aug,4,NONE,"0.253,0.127,0.252,0.368","0.108,0.192,0.117,0.583","0.044,0.407,0.376,0.173",1.0,1.0,False,0.40382276229116665,0.22703293374841954,0.6150175175317395,0.3753457819221824,0.09109765204811737,SN=2=0.2762;SN=3-4=0.3451;SN=5-8=0.3673;SN=9-12=0.3446;SN>=13=0.3457,0.3753457819221824,
120,,v11+v11plus+v16_testhist_aug,3,THR,"0.215,0.179,0.606","0.176,0.135,0.689","0.002,0.048,0.950",0.3,0.3,True,0.40563092655039834,0.23021934036433794,0.6082067425244035,0.37598145527077526,0.09408706496008451,SN=2=0.2728;SN=3-4=0.3486;SN=5-8=0.3669;SN=9-12=0.3502;SN>=13=0.3398,0.3752275148062262,
121,,v11+v13+v16_testhist_aug,3,TEMP,"0.248,0.428,0.324","0.142,0.282,0.576","0.030,0.445,0.525",0.3,0.3,True,0.40531944092603883,0.22664832816188046,0.6119984127983018,0.3751867901948281,0.09213622540120531,SN=2=0.2754;SN=3-4=0.3475;SN=5-8=0.3675;SN=9-12=0.3447;SN>=13=0.3422,0.3751867901948281,
122,23,v11+v13+v16_testhist_aug,3,NONE,"0.248,0.428,0.324","0.142,0.282,0.576","0.030,0.445,0.525",1.0,1.0,False,0.40531944092603883,0.22664832816188046,0.6119984127983018,0.3751867901948281,0.09213622540120531,SN=2=0.2754;SN=3-4=0.3475;SN=5-8=0.3675;SN=9-12=0.3447;SN>=13=0.3422,0.3751867901948281,
123,,v11+v12_5f+v13+v14_seed0,4,THR,"0.259,0.411,0.296,0.035","0.397,0.065,0.216,0.321","0.032,0.420,0.293,0.255",0.3,0.3,True,0.40791946717116906,0.23092681676726637,0.6149807645283446,0.37853466648104306,0.09938166977250995,SN=2=0.2740;SN=3-4=0.3517;SN=5-8=0.3734;SN=9-12=0.3531;SN>=13=0.3453,0.3751334236102813,
124,,v11+v11plus+v13+v14_avg3,4,THR,"0.138,0.071,0.344,0.446","0.396,0.050,0.105,0.448","0.041,0.032,0.103,0.823",0.3,0.3,True,0.40959732570031115,0.23083311162950343,0.6138266793804914,0.3789375108080241,0.10038409827305039,SN=2=0.2743;SN=3-4=0.3510;SN=5-8=0.3747;SN=9-12=0.3545;SN>=13=0.3450,0.37503505368699214,
125,,v11+v11plus+v12_5f+v13+v16_testhist_aug,5,TEMP,"0.153,0.142,0.067,0.367,0.270","0.306,0.001,0.188,0.116,0.389","0.016,0.007,0.608,0.317,0.052",0.3,0.3,True,0.40812302438997416,0.2279192886459938,0.6148347017645217,0.37738386556729153,0.09730700283160865,SN=2=0.2748;SN=3-4=0.3515;SN=5-8=0.3721;SN=9-12=0.3512;SN>=13=0.3430,0.3750199561669804,
126,24,v11+v11plus+v12_5f+v13+v16_testhist_aug,5,NONE,"0.153,0.142,0.067,0.367,0.270","0.306,0.001,0.188,0.116,0.389","0.016,0.007,0.608,0.317,0.052",1.0,1.0,False,0.40812302438997416,0.2279192886459938,0.6148347017645217,0.37738386556729153,0.09730700283160865,SN=2=0.2748;SN=3-4=0.3515;SN=5-8=0.3721;SN=9-12=0.3512;SN>=13=0.3430,0.3750199561669804,
127,,v11+v12_5f+v14_seed2,3,THR,"0.273,0.607,0.120","0.411,0.132,0.457","0.017,0.529,0.454",0.3,0.3,True,0.4034780943405958,0.2294574811919113,0.6134213196191736,0.3758584941368376,0.09444387746227834,SN=2=0.2721;SN=3-4=0.3514;SN=5-8=0.3666;SN=9-12=0.3530;SN>=13=0.3436,0.3749261474211916,
128,,v11+v11plus+v12_5f+v14_seed1+v16_testhist_aug,5,TEMP,"0.109,0.222,0.209,0.156,0.304","0.296,0.048,0.235,0.050,0.372","0.028,0.015,0.383,0.253,0.320",0.3,0.3,True,0.4027207600705193,0.22740075809686036,0.614008533934353,0.37485031405382246,0.09209229435544408,SN=2=0.2744;SN=3-4=0.3462;SN=5-8=0.3665;SN=9-12=0.3531;SN>=13=0.3442,0.37485031405382246,
129,25,v11+v11plus+v12_5f+v14_seed1+v16_testhist_aug,5,NONE,"0.109,0.222,0.209,0.156,0.304","0.296,0.048,0.235,0.050,0.372","0.028,0.015,0.383,0.253,0.320",1.0,1.0,False,0.4027207600705193,0.22740075809686036,0.614008533934353,0.37485031405382246,0.09209229435544408,SN=2=0.2744;SN=3-4=0.3462;SN=5-8=0.3665;SN=9-12=0.3531;SN>=13=0.3442,0.37485031405382246,
130,,v11+v11plus+v12_5f+v14_avg3+v16_testhist_aug,5,TEMP,"0.190,0.149,0.252,0.134,0.275","0.152,0.033,0.068,0.296,0.451","0.026,0.004,0.249,0.556,0.165",0.3,0.3,True,0.4023094770620068,0.22764530980419845,0.6139108787827352,0.37476409050302917,0.09170185434529321,SN=2=0.2749;SN=3-4=0.3441;SN=5-8=0.3666;SN=9-12=0.3483;SN>=13=0.3466,0.37476409050302917,
131,26,v11+v11plus+v12_5f+v14_avg3+v16_testhist_aug,5,NONE,"0.190,0.149,0.252,0.134,0.275","0.152,0.033,0.068,0.296,0.451","0.026,0.004,0.249,0.556,0.165",1.0,1.0,False,0.4023094770620068,0.22764530980419845,0.6139108787827352,0.37476409050302917,0.09170185434529321,SN=2=0.2749;SN=3-4=0.3441;SN=5-8=0.3666;SN=9-12=0.3483;SN>=13=0.3466,0.37476409050302917,
132,,v11plus+v13+v16_testhist_aug,3,TEMP,"0.223,0.401,0.376","0.059,0.334,0.607","0.035,0.487,0.478",0.3,0.3,True,0.4054235988680954,0.22535587873699514,0.6121880651439489,0.374749404070826,0.08619830015421365,SN=2=0.2769;SN=3-4=0.3446;SN=5-8=0.3631;SN=9-12=0.3442;SN>=13=0.3452,0.374749404070826,
133,27,v11plus+v13+v16_testhist_aug,3,NONE,"0.223,0.401,0.376","0.059,0.334,0.607","0.035,0.487,0.478",1.0,1.0,False,0.4054235988680954,0.22535587873699514,0.6121880651439489,0.374749404070826,0.08619830015421365,SN=2=0.2769;SN=3-4=0.3446;SN=5-8=0.3631;SN=9-12=0.3442;SN>=13=0.3452,0.374749404070826,
134,,v11+v11plus+v12_5f+v14_seed2+v16_testhist_aug,5,TEMP,"0.256,0.212,0.073,0.207,0.253","0.055,0.051,0.126,0.187,0.581","0.027,0.013,0.508,0.350,0.102",0.3,0.3,True,0.40199812537833784,0.22787912879512606,0.6136670927985374,0.3746843202290931,0.09022119028719072,SN=2=0.2749;SN=3-4=0.3433;SN=5-8=0.3652;SN=9-12=0.3520;SN>=13=0.3454,0.3746843202290931,
135,28,v11+v11plus+v12_5f+v14_seed2+v16_testhist_aug,5,NONE,"0.256,0.212,0.073,0.207,0.253","0.055,0.051,0.126,0.187,0.581","0.027,0.013,0.508,0.350,0.102",1.0,1.0,False,0.40199812537833784,0.22787912879512606,0.6136670927985374,0.3746843202290931,0.09022119028719072,SN=2=0.2749;SN=3-4=0.3433;SN=5-8=0.3652;SN=9-12=0.3520;SN>=13=0.3454,0.3746843202290931,
136,,v11+v11plus+v14_avg3+v16_testhist_aug,4,TEMP,"0.190,0.223,0.293,0.294","0.103,0.047,0.322,0.528","0.008,0.043,0.739,0.210",0.3,0.3,True,0.4022284057346762,0.227336836770134,0.6129565902880099,0.3744174150595261,0.09106353663883715,SN=2=0.2749;SN=3-4=0.3423;SN=5-8=0.3659;SN=9-12=0.3500;SN>=13=0.3470,0.3744174150595261,
137,29,v11+v11plus+v14_avg3+v16_testhist_aug,4,NONE,"0.190,0.223,0.293,0.294","0.103,0.047,0.322,0.528","0.008,0.043,0.739,0.210",1.0,1.0,False,0.4022284057346762,0.227336836770134,0.6129565902880099,0.3744174150595261,0.09106353663883715,SN=2=0.2749;SN=3-4=0.3423;SN=5-8=0.3659;SN=9-12=0.3500;SN>=13=0.3470,0.3744174150595261,
138,,v11plus+v13+v14_seed0,3,THR,"0.275,0.357,0.368","0.271,0.101,0.628","0.035,0.387,0.578",0.3,0.3,True,0.40929151114530177,0.22891823620255236,0.6131166760408483,0.3779072341473113,0.09973863419938861,SN=2=0.2731;SN=3-4=0.3522;SN=5-8=0.3728;SN=9-12=0.3493;SN>=13=0.3504,0.3743275090631102,
139,,v11+v11plus+v14_seed1+v16_testhist_aug,4,TEMP,"0.192,0.127,0.370,0.312","0.041,0.036,0.375,0.549","0.001,0.045,0.948,0.006",0.3,0.3,True,0.4020177503604673,0.2267308436398845,0.6132033646969083,0.37414011053952234,0.0911843568380713,SN=2=0.2754;SN=3-4=0.3415;SN=5-8=0.3666;SN=9-12=0.3474;SN>=13=0.3472,0.37414011053952234,
140,30,v11+v11plus+v14_seed1+v16_testhist_aug,4,NONE,"0.192,0.127,0.370,0.312","0.041,0.036,0.375,0.549","0.001,0.045,0.948,0.006",1.0,1.0,False,0.4020177503604673,0.2267308436398845,0.6132033646969083,0.37414011053952234,0.0911843568380713,SN=2=0.2754;SN=3-4=0.3415;SN=5-8=0.3666;SN=9-12=0.3474;SN>=13=0.3472,0.37414011053952234,
141,,v11+v11plus+v12_5f+v14_seed1,4,THR,"0.158,0.221,0.524,0.097","0.403,0.032,0.122,0.444","0.012,0.017,0.404,0.567",0.3,0.3,True,0.40483708152240794,0.22976368399380492,0.6145788436831375,0.3767560749431127,0.09783344031008562,SN=2=0.2724;SN=3-4=0.3495;SN=5-8=0.3702;SN=9-12=0.3543;SN>=13=0.3432,0.3741289468035631,
142,,v11+v11plus+v12_5f+v14_seed2,4,THR,"0.226,0.198,0.330,0.246","0.359,0.083,0.170,0.388","0.004,0.064,0.550,0.382",0.3,0.3,True,0.4053384073252506,0.2314845555909198,0.6134112425553737,0.3774114336775429,0.09919065084062817,SN=2=0.2738;SN=3-4=0.3501;SN=5-8=0.3730;SN=9-12=0.3549;SN>=13=0.3422,0.374105700272722,
143,,v11+v12_5f+v14_seed1,3,THR,"0.260,0.577,0.163","0.415,0.108,0.476","0.022,0.326,0.652",0.3,0.3,True,0.40249986207385174,0.22812646570263118,0.6143027254519079,0.3751110762009748,0.09479262906752656,SN=2=0.2715;SN=3-4=0.3498;SN=5-8=0.3663;SN=9-12=0.3522;SN>=13=0.3441,0.3740043536827047,
144,,v11+v11plus+v12_5f+v14_seed0+v16_testhist_aug,5,TEMP,"0.167,0.199,0.321,0.071,0.242","0.130,0.105,0.166,0.128,0.470","0.024,0.028,0.553,0.327,0.069",0.3,0.3,True,0.4018857785787389,0.2275169086547208,0.6135379651289155,0.374468667919167,0.09354187926452201,SN=2=0.2739;SN=3-4=0.3439;SN=5-8=0.3675;SN=9-12=0.3492;SN>=13=0.3455,0.37398732030239923,
145,31,v11+v11plus+v12_5f+v14_seed0+v16_testhist_aug,5,NONE,"0.167,0.199,0.321,0.071,0.242","0.130,0.105,0.166,0.128,0.470","0.024,0.028,0.553,0.327,0.069",1.0,1.0,False,0.4018857785787389,0.2275169086547208,0.6135379651289155,0.374468667919167,0.09354187926452201,SN=2=0.2739;SN=3-4=0.3439;SN=5-8=0.3675;SN=9-12=0.3492;SN>=13=0.3455,0.37398732030239923,
146,,v11plus+v12_5f+v14_avg3,3,THR,"0.257,0.158,0.585","0.257,0.066,0.677","0.044,0.362,0.594",0.3,0.3,True,0.401793680297963,0.22933489248726163,0.614376502083574,0.37532672953080465,0.09527259111678066,SN=2=0.2725;SN=3-4=0.3488;SN=5-8=0.3678;SN=9-12=0.3480;SN>=13=0.3450,0.3739800259879075,
147,,v11+v11plus+v12_5f+v13,4,THR,"0.229,0.166,0.264,0.341","0.386,0.089,0.173,0.352","0.033,0.004,0.686,0.277",0.3,0.3,True,0.40990105727633597,0.2294808577849071,0.6144997267480823,0.3786527113741137,0.10195767041324338,SN=2=0.2734;SN=3-4=0.3522;SN=5-8=0.3754;SN=9-12=0.3565;SN>=13=0.3405,0.3739634681829852,
148,,v11plus+v12_5f+v14_avg3+v16_testhist_aug,4,TEMP,"0.353,0.316,0.068,0.263","0.141,0.075,0.207,0.577","0.028,0.392,0.462,0.118",0.3,0.3,True,0.39973197696179075,0.22775907789949898,0.6142616259489758,0.37384874713431104,0.0871124378448151,SN=2=0.2755;SN=3-4=0.3434;SN=5-8=0.3626;SN=9-12=0.3477;SN>=13=0.3461,0.37384874713431104,
149,32,v11plus+v12_5f+v14_avg3+v16_testhist_aug,4,NONE,"0.353,0.316,0.068,0.263","0.141,0.075,0.207,0.577","0.028,0.392,0.462,0.118",1.0,1.0,False,0.39973197696179075,0.22775907789949898,0.6142616259489758,0.37384874713431104,0.0871124378448151,SN=2=0.2755;SN=3-4=0.3434;SN=5-8=0.3626;SN=9-12=0.3477;SN>=13=0.3461,0.37384874713431104,
150,,v11plus+v12_5f+v14_seed2+v16_testhist_aug,4,TEMP,"0.326,0.217,0.100,0.357","0.016,0.159,0.250,0.575","0.024,0.463,0.448,0.066",0.3,0.3,True,0.3994782091974419,0.22817737498548266,0.6136939766572447,0.37380102900461876,0.08182257085709671,SN=2=0.2773;SN=3-4=0.3433;SN=5-8=0.3591;SN=9-12=0.3472;SN>=13=0.3453,0.37380102900461876,
151,33,v11plus+v12_5f+v14_seed2+v16_testhist_aug,4,NONE,"0.326,0.217,0.100,0.357","0.016,0.159,0.250,0.575","0.024,0.463,0.448,0.066",1.0,1.0,False,0.3994782091974419,0.22817737498548266,0.6136939766572447,0.37380102900461876,0.08182257085709671,SN=2=0.2773;SN=3-4=0.3433;SN=5-8=0.3591;SN=9-12=0.3472;SN>=13=0.3453,0.37380102900461876,
152,,v11+v11plus+v13+v16_testhist_aug,4,TEMP,"0.124,0.187,0.352,0.337","0.322,0.049,0.316,0.314","0.001,0.045,0.373,0.581",0.3,0.3,True,0.4068916535629449,0.2263712127919192,0.6122104127356753,0.37574722908908076,0.0965993787130362,SN=2=0.2740;SN=3-4=0.3469;SN=5-8=0.3706;SN=9-12=0.3495;SN>=13=0.3420,0.3737371317480559,
153,34,v11+v11plus+v13+v16_testhist_aug,4,NONE,"0.124,0.187,0.352,0.337","0.322,0.049,0.316,0.314","0.001,0.045,0.373,0.581",1.0,1.0,False,0.4068916535629449,0.2263712127919192,0.6122104127356753,0.37574722908908076,0.0965993787130362,SN=2=0.2740;SN=3-4=0.3469;SN=5-8=0.3706;SN=9-12=0.3495;SN>=13=0.3420,0.3737371317480559,
154,,v11plus+v12_5f+v13+v14_seed0,4,THR,"0.302,0.117,0.288,0.293","0.268,0.071,0.046,0.615","0.029,0.394,0.342,0.235",0.3,0.3,True,0.408392690955688,0.2284015449718367,0.6152177646762774,0.37776124730626537,0.10074138118196035,SN=2=0.2705;SN=3-4=0.3525;SN=5-8=0.3712;SN=9-12=0.3518;SN>=13=0.3457,0.37368014873077837,
155,,v11+v11plus+v14_seed2+v16_testhist_aug,4,TEMP,"0.220,0.182,0.314,0.284","0.197,0.077,0.487,0.239","0.004,0.064,0.551,0.381",0.3,0.3,True,0.40173703558921425,0.22671957547909152,0.6113057504901742,0.3736437945253572,0.09076794880124778,SN=2=0.2741;SN=3-4=0.3425;SN=5-8=0.3648;SN=9-12=0.3492;SN>=13=0.3428,0.3736437945253572,
156,35,v11+v11plus+v14_seed2+v16_testhist_aug,4,NONE,"0.220,0.182,0.314,0.284","0.197,0.077,0.487,0.239","0.004,0.064,0.551,0.381",1.0,1.0,False,0.40173703558921425,0.22671957547909152,0.6113057504901742,0.3736437945253572,0.09076794880124778,SN=2=0.2741;SN=3-4=0.3425;SN=5-8=0.3648;SN=9-12=0.3492;SN>=13=0.3428,0.3736437945253572,
157,,v11+v11plus+v12_5f+v14_seed0,4,THR,"0.219,0.174,0.210,0.397","0.315,0.112,0.188,0.385","0.013,0.015,0.434,0.538",0.3,0.3,True,0.40642664154166186,0.231005591845513,0.6134094851438296,0.37765479038363586,0.10062918207469396,SN=2=0.2714;SN=3-4=0.3523;SN=5-8=0.3721;SN=9-12=0.3567;SN>=13=0.3457,0.3736297913617821,
158,,v11+v12_5f+v14_seed2+v16_testhist_aug,4,TEMP,"0.278,0.314,0.073,0.335","0.079,0.103,0.312,0.507","0.035,0.439,0.368,0.158",0.3,0.3,True,0.3992480827107626,0.22792222734587259,0.6134786590899094,0.373563855840636,0.08766584136157468,SN=2=0.2760;SN=3-4=0.3443;SN=5-8=0.3637;SN=9-12=0.3460;SN>=13=0.3440,0.373563855840636,
159,36,v11+v12_5f+v14_seed2+v16_testhist_aug,4,NONE,"0.278,0.314,0.073,0.335","0.079,0.103,0.312,0.507","0.035,0.439,0.368,0.158",1.0,1.0,False,0.3992480827107626,0.22792222734587259,0.6134786590899094,0.373563855840636,0.08766584136157468,SN=2=0.2760;SN=3-4=0.3443;SN=5-8=0.3637;SN=9-12=0.3460;SN>=13=0.3440,0.373563855840636,
160,,v11+v11plus+v14_seed0+v16_testhist_aug,4,TEMP,"0.266,0.152,0.317,0.265","0.012,0.057,0.410,0.522","0.032,0.015,0.829,0.124",0.3,0.3,True,0.4016895829040595,0.22655280783702808,0.610986050927879,0.3734941664820109,0.09040418847285864,SN=2=0.2740;SN=3-4=0.3420;SN=5-8=0.3644;SN=9-12=0.3494;SN>=13=0.3487,0.3734941664820109,
161,37,v11+v11plus+v14_seed0+v16_testhist_aug,4,NONE,"0.266,0.152,0.317,0.265","0.012,0.057,0.410,0.522","0.032,0.015,0.829,0.124",1.0,1.0,False,0.4016895829040595,0.22655280783702808,0.610986050927879,0.3734941664820109,0.09040418847285864,SN=2=0.2740;SN=3-4=0.3420;SN=5-8=0.3644;SN=9-12=0.3494;SN>=13=0.3487,0.3734941664820109,
162,,v11plus+v12_5f+v14_seed0+v16_testhist_aug,4,TEMP,"0.288,0.268,0.081,0.363","0.152,0.169,0.143,0.536","0.024,0.492,0.319,0.165",0.3,0.3,True,0.40013593075836285,0.2267181918714122,0.6135484823706772,0.3734513455260455,0.08945211494496919,SN=2=0.2743;SN=3-4=0.3434;SN=5-8=0.3637;SN=9-12=0.3472;SN>=13=0.3459,0.3734513455260455,
163,38,v11plus+v12_5f+v14_seed0+v16_testhist_aug,4,NONE,"0.288,0.268,0.081,0.363","0.152,0.169,0.143,0.536","0.024,0.492,0.319,0.165",1.0,1.0,False,0.40013593075836285,0.2267181918714122,0.6135484823706772,0.3734513455260455,0.08945211494496919,SN=2=0.2743;SN=3-4=0.3434;SN=5-8=0.3637;SN=9-12=0.3472;SN>=13=0.3459,0.3734513455260455,
164,,v11plus+v12_5f+v14_seed1+v16_testhist_aug,4,TEMP,"0.278,0.387,0.013,0.322","0.063,0.078,0.266,0.593","0.035,0.450,0.432,0.083",0.3,0.3,True,0.3994452074093701,0.2268230471357961,0.6145367388252916,0.37341464958312487,0.08248275529720639,SN=2=0.2769;SN=3-4=0.3426;SN=5-8=0.3593;SN=9-12=0.3446;SN>=13=0.3468,0.37341464958312487,
165,39,v11plus+v12_5f+v14_seed1+v16_testhist_aug,4,NONE,"0.278,0.387,0.013,0.322","0.063,0.078,0.266,0.593","0.035,0.450,0.432,0.083",1.0,1.0,False,0.3994452074093701,0.2268230471357961,0.6145367388252916,0.37341464958312487,0.08248275529720639,SN=2=0.2769;SN=3-4=0.3426;SN=5-8=0.3593;SN=9-12=0.3446;SN>=13=0.3468,0.37341464958312487,
166,,v11plus+v12_5f+v14_seed2,3,THR,"0.254,0.466,0.280","0.320,0.012,0.668","0.027,0.500,0.473",0.3,0.3,True,0.4026595011637566,0.22912324451991067,0.6136849948816254,0.37545009724979195,0.09689010569950574,SN=2=0.2719;SN=3-4=0.3522;SN=5-8=0.3688;SN=9-12=0.3496;SN>=13=0.3437,0.3732946364155323,
167,,v11+v11plus+v13+v14_seed1,4,TEMP,"0.051,0.216,0.364,0.369","0.376,0.014,0.278,0.333","0.010,0.017,0.330,0.643",0.3,0.3,True,0.400330147405244,0.22608032227540895,0.6150282315540896,0.3735698341830791,0.0933268031448879,SN=2=0.2727;SN=3-4=0.3480;SN=5-8=0.3660;SN=9-12=0.3501;SN>=13=0.3423,0.37319602462612833,
168,40,v11+v11plus+v13+v14_seed1,4,NONE,"0.051,0.216,0.364,0.369","0.376,0.014,0.278,0.333","0.010,0.017,0.330,0.643",1.0,1.0,False,0.400330147405244,0.22608032227540895,0.6150282315540896,0.3735698341830791,0.0933268031448879,SN=2=0.2727;SN=3-4=0.3480;SN=5-8=0.3660;SN=9-12=0.3501;SN>=13=0.3423,0.37319602462612833,
169,,v11+v12_5f+v14_avg3+v16_testhist_aug,4,TEMP,"0.222,0.171,0.222,0.385","0.282,0.174,0.089,0.455","0.038,0.280,0.599,0.083",0.3,0.3,True,0.39905345462283687,0.22774389880308474,0.6139735519562535,0.3735136517616193,0.09330102733371004,SN=2=0.2735;SN=3-4=0.3448;SN=5-8=0.3668;SN=9-12=0.3493;SN>=13=0.3429,0.3731527301102575,
170,41,v11+v12_5f+v14_avg3+v16_testhist_aug,4,NONE,"0.222,0.171,0.222,0.385","0.282,0.174,0.089,0.455","0.038,0.280,0.599,0.083",1.0,1.0,False,0.39905345462283687,0.22774389880308474,0.6139735519562535,0.3735136517616193,0.09330102733371004,SN=2=0.2735;SN=3-4=0.3448;SN=5-8=0.3668;SN=9-12=0.3493;SN>=13=0.3429,0.3731527301102575,
171,,v11plus+v14_avg3+v16_testhist_aug,3,TEMP,"0.312,0.396,0.293","0.140,0.309,0.550","0.041,0.811,0.149",0.3,0.3,True,0.3991446923112782,0.2271054446704433,0.6130512743415195,0.3731103096609925,0.09161887539859642,SN=2=0.2733;SN=3-4=0.3432;SN=5-8=0.3650;SN=9-12=0.3479;SN>=13=0.3463,0.3731103096609925,
172,42,v11plus+v14_avg3+v16_testhist_aug,3,NONE,"0.312,0.396,0.293","0.140,0.309,0.550","0.041,0.811,0.149",1.0,1.0,False,0.3991446923112782,0.2271054446704433,0.6130512743415195,0.3731103096609925,0.09161887539859642,SN=2=0.2733;SN=3-4=0.3432;SN=5-8=0.3650;SN=9-12=0.3479;SN>=13=0.3463,0.3731103096609925,
173,,v11plus+v12_5f+v16_testhist_aug,3,TEMP,"0.277,0.316,0.407","0.092,0.272,0.636","0.036,0.581,0.383",0.3,0.3,True,0.40022802653863004,0.2259169932559309,0.6130855244773468,0.37307511281329375,0.08205231355874265,SN=2=0.2765;SN=3-4=0.3433;SN=5-8=0.3586;SN=9-12=0.3435;SN>=13=0.3457,0.37307511281329375,
174,43,v11plus+v12_5f+v16_testhist_aug,3,NONE,"0.277,0.316,0.407","0.092,0.272,0.636","0.036,0.581,0.383",1.0,1.0,False,0.40022802653863004,0.2259169932559309,0.6130855244773468,0.37307511281329375,0.08205231355874265,SN=2=0.2765;SN=3-4=0.3433;SN=5-8=0.3586;SN=9-12=0.3435;SN>=13=0.3457,0.37307511281329375,
175,,v11plus+v12_5f+v14_seed1,3,THR,"0.258,0.636,0.106","0.212,0.033,0.756","0.047,0.366,0.587",0.3,0.3,True,0.4019066005698393,0.22675682287117316,0.614553687120706,0.3743761068005462,0.09521754230557089,SN=2=0.2702;SN=3-4=0.3493;SN=5-8=0.3655;SN=9-12=0.3487;SN>=13=0.3462,0.373056927663254,
176,,v11+v12_5f+v14_seed0+v16_testhist_aug,4,TEMP,"0.272,0.300,0.073,0.355","0.234,0.091,0.197,0.478","0.039,0.537,0.374,0.050",0.3,0.3,True,0.39899791191924155,0.22844753163426096,0.6132977282084533,0.37363772306309173,0.09389934842589209,SN=2=0.2743;SN=3-4=0.3449;SN=5-8=0.3682;SN=9-12=0.3490;SN>=13=0.3433,0.3729776408656389,
177,44,v11+v12_5f+v14_seed0+v16_testhist_aug,4,NONE,"0.272,0.300,0.073,0.355","0.234,0.091,0.197,0.478","0.039,0.537,0.374,0.050",1.0,1.0,False,0.39899791191924155,0.22844753163426096,0.6132977282084533,0.37363772306309173,0.09389934842589209,SN=2=0.2743;SN=3-4=0.3449;SN=5-8=0.3682;SN=9-12=0.3490;SN>=13=0.3433,0.3729776408656389,
178,,v11plus+v14_seed1+v16_testhist_aug,3,TEMP,"0.302,0.359,0.339","0.031,0.370,0.599","0.051,0.837,0.112",0.3,0.3,True,0.3999156840955074,0.2257517117930255,0.6132435896194476,0.37291567627930267,0.08531510589952107,SN=2=0.2755;SN=3-4=0.3413;SN=5-8=0.3609;SN=9-12=0.3477;SN>=13=0.3474,0.37291567627930267,
179,45,v11plus+v14_seed1+v16_testhist_aug,3,NONE,"0.302,0.359,0.339","0.031,0.370,0.599","0.051,0.837,0.112",1.0,1.0,False,0.3999156840955074,0.2257517117930255,0.6132435896194476,0.37291567627930267,0.08531510589952107,SN=2=0.2755;SN=3-4=0.3413;SN=5-8=0.3609;SN=9-12=0.3477;SN>=13=0.3474,0.37291567627930267,
180,,v11+v12_5f+v14_seed1+v16_testhist_aug,4,TEMP,"0.271,0.293,0.051,0.385","0.310,0.143,0.151,0.395","0.033,0.370,0.564,0.033",0.3,0.3,True,0.3997346716714062,0.2275812669860283,0.6143668903625492,0.37379975353548367,0.09447937483527086,SN=2=0.2739;SN=3-4=0.3459;SN=5-8=0.3683;SN=9-12=0.3500;SN>=13=0.3432,0.3728496581333415,
181,46,v11+v12_5f+v14_seed1+v16_testhist_aug,4,NONE,"0.271,0.293,0.051,0.385","0.310,0.143,0.151,0.395","0.033,0.370,0.564,0.033",1.0,1.0,False,0.3997346716714062,0.2275812669860283,0.6143668903625492,0.37379975353548367,0.09447937483527086,SN=2=0.2739;SN=3-4=0.3459;SN=5-8=0.3683;SN=9-12=0.3500;SN>=13=0.3432,0.3728496581333415,
182,,v11+v14_seed1+v16_testhist_aug,3,TEMP,"0.362,0.292,0.346","0.078,0.335,0.586","0.030,0.864,0.106",0.3,0.3,True,0.39885236441373034,0.22672376340901396,0.6129360153717306,0.37281765420344387,0.08937653247916844,SN=2=0.2760;SN=3-4=0.3410;SN=5-8=0.3654;SN=9-12=0.3466;SN>=13=0.3458,0.37281765420344387,
183,47,v11+v14_seed1+v16_testhist_aug,3,NONE,"0.362,0.292,0.346","0.078,0.335,0.586","0.030,0.864,0.106",1.0,1.0,False,0.39885236441373034,0.22672376340901396,0.6129360153717306,0.37281765420344387,0.08937653247916844,SN=2=0.2760;SN=3-4=0.3410;SN=5-8=0.3654;SN=9-12=0.3466;SN>=13=0.3458,0.37281765420344387,
184,,v11+v12_5f+v13+v14_seed1,4,TEMP,"0.188,0.294,0.329,0.189","0.369,0.009,0.209,0.413","0.003,0.359,0.283,0.356",0.3,0.3,True,0.3985654597374125,0.2255305701095792,0.6156751409315346,0.3727734401251036,0.09205109061493327,SN=2=0.2729;SN=3-4=0.3492;SN=5-8=0.3649;SN=9-12=0.3466;SN>=13=0.3402,0.3727734401251036,
185,48,v11+v12_5f+v13+v14_seed1,4,NONE,"0.188,0.294,0.329,0.189","0.369,0.009,0.209,0.413","0.003,0.359,0.283,0.356",1.0,1.0,False,0.3985654597374125,0.2255305701095792,0.6156751409315346,0.3727734401251036,0.09205109061493327,SN=2=0.2729;SN=3-4=0.3492;SN=5-8=0.3649;SN=9-12=0.3466;SN>=13=0.3402,0.3727734401251036,
186,,v11+v11plus+v12_5f+v16_testhist_aug,4,TEMP,"0.208,0.166,0.298,0.328","0.367,0.029,0.235,0.369","0.018,0.048,0.730,0.203",0.3,0.3,True,0.4017222680202023,0.2267851844854941,0.6127181994747448,0.3739466208972276,0.09501946353081964,SN=2=0.2734;SN=3-4=0.3453;SN=5-8=0.3684;SN=9-12=0.3507;SN>=13=0.3419,0.372726481147311,
187,49,v11+v11plus+v12_5f+v16_testhist_aug,4,NONE,"0.208,0.166,0.298,0.328","0.367,0.029,0.235,0.369","0.018,0.048,0.730,0.203",1.0,1.0,False,0.4017222680202023,0.2267851844854941,0.6127181994747448,0.3739466208972276,0.09501946353081964,SN=2=0.2734;SN=3-4=0.3453;SN=5-8=0.3684;SN=9-12=0.3507;SN>=13=0.3419,0.372726481147311,
188,,v11+v12_5f+v13+v14_seed0,4,TEMP,"0.259,0.411,0.296,0.035","0.397,0.065,0.216,0.321","0.032,0.420,0.293,0.255",0.3,0.3,True,0.3984727100714727,0.225800009977643,0.6149807645283446,0.3727052409253152,0.09196176877381868,SN=2=0.2724;SN=3-4=0.3481;SN=5-8=0.3643;SN=9-12=0.3467;SN>=13=0.3410,0.3727052409253152,
189,50,v11+v12_5f+v13+v14_seed0,4,NONE,"0.259,0.411,0.296,0.035","0.397,0.065,0.216,0.321","0.032,0.420,0.293,0.255",1.0,1.0,False,0.3984727100714727,0.225800009977643,0.6149807645283446,0.3727052409253152,0.09196176877381868,SN=2=0.2724;SN=3-4=0.3481;SN=5-8=0.3643;SN=9-12=0.3467;SN>=13=0.3410,0.3727052409253152,
190,,v11+v14_seed2+v16_testhist_aug,3,TEMP,"0.363,0.386,0.251","0.075,0.382,0.543","0.041,0.599,0.360",0.3,0.3,True,0.39823354710118897,0.2278273179593035,0.6112154682162833,0.37266743966745364,0.08538589309863565,SN=2=0.2757;SN=3-4=0.3419;SN=5-8=0.3611;SN=9-12=0.3480;SN>=13=0.3452,0.37266743966745364,
191,51,v11+v14_seed2+v16_testhist_aug,3,NONE,"0.363,0.386,0.251","0.075,0.382,0.543","0.041,0.599,0.360",1.0,1.0,False,0.39823354710118897,0.2278273179593035,0.6112154682162833,0.37266743966745364,0.08538589309863565,SN=2=0.2757;SN=3-4=0.3419;SN=5-8=0.3611;SN=9-12=0.3480;SN>=13=0.3452,0.37266743966745364,
192,,v11+v14_avg3+v16_testhist_aug,3,TEMP,"0.354,0.265,0.381","0.280,0.395,0.325","0.034,0.924,0.042",0.3,0.3,True,0.39818410461858245,0.2269489344191607,0.6128756231203782,0.3726283402391729,0.09006300552204644,SN=2=0.2736;SN=3-4=0.3437;SN=5-8=0.3636;SN=9-12=0.3499;SN>=13=0.3417,0.3726283402391729,
193,52,v11+v14_avg3+v16_testhist_aug,3,NONE,"0.354,0.265,0.381","0.280,0.395,0.325","0.034,0.924,0.042",1.0,1.0,False,0.39818410461858245,0.2269489344191607,0.6128756231203782,0.3726283402391729,0.09006300552204644,SN=2=0.2736;SN=3-4=0.3437;SN=5-8=0.3636;SN=9-12=0.3499;SN>=13=0.3417,0.3726283402391729,
194,,v11+v12_5f+v14_avg3,3,THR,"0.278,0.661,0.061","0.418,0.128,0.453","0.021,0.411,0.567",0.3,0.3,True,0.40288016375882957,0.22748583477876191,0.6141657261462126,0.3749795446442791,0.0973610609322213,SN=2=0.2702;SN=3-4=0.3499;SN=5-8=0.3676;SN=9-12=0.3532;SN>=13=0.3441,0.37258860619366163,
195,,v11+v11plus+v12_5f+v13+v14_seed2,5,TEMP,"0.143,0.185,0.114,0.340,0.217","0.411,0.039,0.100,0.157,0.292","0.004,0.015,0.581,0.198,0.202",0.3,0.3,True,0.40004207581074414,0.22482880464184843,0.6149347224085793,0.37293529666275294,0.09330058137284508,SN=2=0.2714;SN=3-4=0.3482;SN=5-8=0.3647;SN=9-12=0.3500;SN>=13=0.3392,0.3725745979918236,
196,53,v11+v11plus+v12_5f+v13+v14_seed2,5,NONE,"0.143,0.185,0.114,0.340,0.217","0.411,0.039,0.100,0.157,0.292","0.004,0.015,0.581,0.198,0.202",1.0,1.0,False,0.40004207581074414,0.22482880464184843,0.6149347224085793,0.37293529666275294,0.09330058137284508,SN=2=0.2714;SN=3-4=0.3482;SN=5-8=0.3647;SN=9-12=0.3500;SN>=13=0.3392,0.3725745979918236,
197,,v11+v12_5f+v13,3,THR,"0.275,0.446,0.279","0.484,0.177,0.339","0.017,0.646,0.337",0.3,0.3,True,0.40705514635397305,0.2283089667575584,0.614606803853281,0.37706700601526877,0.10158247843597512,SN=2=0.2718;SN=3-4=0.3528;SN=5-8=0.3733;SN=9-12=0.3513;SN>=13=0.3420,0.3725653588127744,
198,,v11+v12_5f+v13+v14_avg3,4,TEMP,"0.273,0.218,0.340,0.170","0.364,0.065,0.204,0.367","0.031,0.357,0.321,0.291",0.3,0.3,True,0.3989351677046742,0.22513694646101948,0.6154355875864079,0.3727159631835591,0.09291325278709206,SN=2=0.2724;SN=3-4=0.3480;SN=5-8=0.3653;SN=9-12=0.3483;SN>=13=0.3410,0.3725489288055063,
199,54,v11+v12_5f+v13+v14_avg3,4,NONE,"0.273,0.218,0.340,0.170","0.364,0.065,0.204,0.367","0.031,0.357,0.321,0.291",1.0,1.0,False,0.3989351677046742,0.22513694646101948,0.6154355875864079,0.3727159631835591,0.09291325278709206,SN=2=0.2724;SN=3-4=0.3480;SN=5-8=0.3653;SN=9-12=0.3483;SN>=13=0.3410,0.3725489288055063,
200,,v11plus+v14_seed2+v16_testhist_aug,3,TEMP,"0.292,0.327,0.381","0.055,0.381,0.564","0.039,0.676,0.285",0.3,0.3,True,0.39871144963982236,0.22657618837515064,0.6115659938496603,0.3724282539759213,0.08537650388438256,SN=2=0.2754;SN=3-4=0.3419;SN=5-8=0.3607;SN=9-12=0.3458;SN>=13=0.3453,0.3724282539759213,
201,55,v11plus+v14_seed2+v16_testhist_aug,3,NONE,"0.292,0.327,0.381","0.055,0.381,0.564","0.039,0.676,0.285",1.0,1.0,False,0.39871144963982236,0.22657618837515064,0.6115659938496603,0.3724282539759213,0.08537650388438256,SN=2=0.2754;SN=3-4=0.3419;SN=5-8=0.3607;SN=9-12=0.3458;SN>=13=0.3453,0.3724282539759213,
202,,v11+v12_5f+v16_testhist_aug,3,TEMP,"0.280,0.395,0.325","0.323,0.270,0.407","0.034,0.590,0.376",0.3,0.3,True,0.40002731501252137,0.22695724517931967,0.6128330174414961,0.3733604275650357,0.09457463921761178,SN=2=0.2730;SN=3-4=0.3472;SN=5-8=0.3675;SN=9-12=0.3482;SN>=13=0.3414,0.372362699971723,
203,56,v11+v12_5f+v16_testhist_aug,3,NONE,"0.280,0.395,0.325","0.323,0.270,0.407","0.034,0.590,0.376",1.0,1.0,False,0.40002731501252137,0.22695724517931967,0.6128330174414961,0.3733604275650357,0.09457463921761178,SN=2=0.2730;SN=3-4=0.3472;SN=5-8=0.3675;SN=9-12=0.3482;SN>=13=0.3414,0.372362699971723,
204,,v11+v12_5f+v13+v14_seed2,4,TEMP,"0.207,0.379,0.320,0.094","0.464,0.062,0.204,0.270","0.011,0.429,0.338,0.222",0.3,0.3,True,0.39860861849101237,0.22467333996234973,0.6151072750573949,0.37233423839282387,0.09265337852488276,SN=2=0.2718;SN=3-4=0.3489;SN=5-8=0.3644;SN=9-12=0.3451;SN>=13=0.3399,0.3722971411458757,
205,57,v11+v12_5f+v13+v14_seed2,4,NONE,"0.207,0.379,0.320,0.094","0.464,0.062,0.204,0.270","0.011,0.429,0.338,0.222",1.0,1.0,False,0.39860861849101237,0.22467333996234973,0.6151072750573949,0.37233423839282387,0.09265337852488276,SN=2=0.2718;SN=3-4=0.3489;SN=5-8=0.3644;SN=9-12=0.3451;SN>=13=0.3399,0.3722971411458757,
206,,v11+v13+v14_avg3,3,TEMP,"0.210,0.389,0.401","0.367,0.185,0.448","0.033,0.297,0.669",0.3,0.3,True,0.39758761014876887,0.22577151765649256,0.6143848997054968,0.3722206310632039,0.09182555717206292,SN=2=0.2714;SN=3-4=0.3474;SN=5-8=0.3633;SN=9-12=0.3490;SN>=13=0.3414,0.3722206310632039,
207,58,v11+v13+v14_avg3,3,NONE,"0.210,0.389,0.401","0.367,0.185,0.448","0.033,0.297,0.669",1.0,1.0,False,0.39758761014876887,0.22577151765649256,0.6143848997054968,0.3722206310632039,0.09182555717206292,SN=2=0.2714;SN=3-4=0.3474;SN=5-8=0.3633;SN=9-12=0.3490;SN>=13=0.3414,0.3722206310632039,
208,,v11plus+v14_seed0+v16_testhist_aug,3,TEMP,"0.315,0.325,0.360","0.056,0.409,0.535","0.040,0.626,0.334",0.3,0.3,True,0.3984158984830865,0.2263183945001626,0.611093225804565,0.3721123623542127,0.08442262259012356,SN=2=0.2742;SN=3-4=0.3409;SN=5-8=0.3586;SN=9-12=0.3478;SN>=13=0.3471,0.3721123623542127,
209,59,v11plus+v14_seed0+v16_testhist_aug,3,NONE,"0.315,0.325,0.360","0.056,0.409,0.535","0.040,0.626,0.334",1.0,1.0,False,0.3984158984830865,0.2263183945001626,0.611093225804565,0.3721123623542127,0.08442262259012356,SN=2=0.2742;SN=3-4=0.3409;SN=5-8=0.3586;SN=9-12=0.3478;SN>=13=0.3471,0.3721123623542127,
210,,v11+v14_seed0+v16_testhist_aug,3,TEMP,"0.330,0.292,0.378","0.251,0.269,0.480","0.040,0.647,0.313",0.3,0.3,True,0.39812119225449927,0.22751917345117612,0.610809979330596,0.37241814214838936,0.09350463938755127,SN=2=0.2727;SN=3-4=0.3438;SN=5-8=0.3662;SN=9-12=0.3527;SN>=13=0.3446,0.37195541447010694,
211,60,v11+v14_seed0+v16_testhist_aug,3,NONE,"0.330,0.292,0.378","0.251,0.269,0.480","0.040,0.647,0.313",1.0,1.0,False,0.39812119225449927,0.22751917345117612,0.610809979330596,0.37241814214838936,0.09350463938755127,SN=2=0.2727;SN=3-4=0.3438;SN=5-8=0.3662;SN=9-12=0.3527;SN>=13=0.3446,0.37195541447010694,
212,,v11+v11plus+v13+v14_seed2,4,TEMP,"0.144,0.218,0.367,0.271","0.283,0.074,0.277,0.365","0.029,0.031,0.380,0.560",0.3,0.3,True,0.3997153689669221,0.22537457190174742,0.613651080964204,0.3727661925403086,0.09455807482250511,SN=2=0.2716;SN=3-4=0.3459;SN=5-8=0.3661;SN=9-12=0.3519;SN>=13=0.3391,0.3717767471445493,
213,61,v11+v11plus+v13+v14_seed2,4,NONE,"0.144,0.218,0.367,0.271","0.283,0.074,0.277,0.365","0.029,0.031,0.380,0.560",1.0,1.0,False,0.3997153689669221,0.22537457190174742,0.613651080964204,0.3727661925403086,0.09455807482250511,SN=2=0.2716;SN=3-4=0.3459;SN=5-8=0.3661;SN=9-12=0.3519;SN>=13=0.3391,0.3717767471445493,
214,,v11+v11plus+v14_avg3,3,THR,"0.215,0.247,0.539","0.320,0.081,0.599","0.027,0.031,0.942",0.3,0.3,True,0.40406055233757604,0.22963006490651788,0.6132136162642488,0.37611897015048734,0.10146896565068808,SN=2=0.2708;SN=3-4=0.3469;SN=5-8=0.3722;SN=9-12=0.3555;SN>=13=0.3450,0.3716740793406365,
215,,v11+v13+v14_seed2,3,TEMP,"0.217,0.307,0.476","0.349,0.247,0.405","0.039,0.369,0.592",0.3,0.3,True,0.3970642300547125,0.22547042143012877,0.6132858112255252,0.3716710228390416,0.0887972696665903,SN=2=0.2713;SN=3-4=0.3475;SN=5-8=0.3601;SN=9-12=0.3474;SN>=13=0.3369,0.3716710228390416,
216,62,v11+v13+v14_seed2,3,NONE,"0.217,0.307,0.476","0.349,0.247,0.405","0.039,0.369,0.592",1.0,1.0,False,0.3970642300547125,0.22547042143012877,0.6132858112255252,0.3716710228390416,0.0887972696665903,SN=2=0.2713;SN=3-4=0.3475;SN=5-8=0.3601;SN=9-12=0.3474;SN>=13=0.3369,0.3716710228390416,
217,,v11+v13+v14_seed1,3,TEMP,"0.314,0.344,0.342","0.379,0.265,0.356","0.030,0.269,0.701",0.3,0.3,True,0.39756079619054296,0.22554576472258475,0.6147467734320087,0.37219197905165285,0.09365179599443157,SN=2=0.2715;SN=3-4=0.3471;SN=5-8=0.3652;SN=9-12=0.3508;SN>=13=0.3405,0.3716556730699303,
218,63,v11+v13+v14_seed1,3,NONE,"0.314,0.344,0.342","0.379,0.265,0.356","0.030,0.269,0.701",1.0,1.0,False,0.39756079619054296,0.22554576472258475,0.6147467734320087,0.37219197905165285,0.09365179599443157,SN=2=0.2715;SN=3-4=0.3471;SN=5-8=0.3652;SN=9-12=0.3508;SN>=13=0.3405,0.3716556730699303,
219,,v11+v12_5f+v13,3,TEMP,"0.275,0.446,0.279","0.484,0.177,0.339","0.017,0.646,0.337",0.3,0.3,True,0.398272582925953,0.22329389301199337,0.614606803853281,0.37154795114583483,0.09305642981678747,SN=2=0.2706;SN=3-4=0.3483;SN=5-8=0.3637;SN=9-12=0.3435;SN>=13=0.3376,0.3713093282529343,
220,64,v11+v12_5f+v13,3,NONE,"0.275,0.446,0.279","0.484,0.177,0.339","0.017,0.646,0.337",1.0,1.0,False,0.398272582925953,0.22329389301199337,0.614606803853281,0.37154795114583483,0.09305642981678747,SN=2=0.2706;SN=3-4=0.3483;SN=5-8=0.3637;SN=9-12=0.3435;SN>=13=0.3376,0.3713093282529343,
221,,v11+v11plus+v13,3,THR,"0.258,0.262,0.480","0.457,0.008,0.535","0.059,0.067,0.874",0.3,0.3,True,0.4058717971116187,0.2273287496531998,0.6067871397197424,0.3746376466498759,0.09926472387139718,SN=2=0.2692;SN=3-4=0.3458;SN=5-8=0.3685;SN=9-12=0.3510;SN>=13=0.3360,0.37129487672967054,
222,,v11plus+v12_5f+v13+v14_seed2,4,TEMP,"0.270,0.243,0.284,0.203","0.142,0.006,0.295,0.557","0.031,0.381,0.316,0.271",0.3,0.3,True,0.39882435187906373,0.22144303436087007,0.6154191982798766,0.37119079415194883,0.08606200154598787,SN=2=0.2734;SN=3-4=0.3445;SN=5-8=0.3595;SN=9-12=0.3432;SN>=13=0.3395,0.37119079415194883,
223,65,v11plus+v12_5f+v13+v14_seed2,4,NONE,"0.270,0.243,0.284,0.203","0.142,0.006,0.295,0.557","0.031,0.381,0.316,0.271",1.0,1.0,False,0.39882435187906373,0.22144303436087007,0.6154191982798766,0.37119079415194883,0.08606200154598787,SN=2=0.2734;SN=3-4=0.3445;SN=5-8=0.3595;SN=9-12=0.3432;SN>=13=0.3395,0.37119079415194883,
224,,v11+v11plus+v14_seed2,3,THR,"0.201,0.228,0.570","0.351,0.074,0.575","0.002,0.066,0.932",0.3,0.3,True,0.4034196238112797,0.2312523206683049,0.6111644735787745,0.37610167250758875,0.10247927892202241,SN=2=0.2709;SN=3-4=0.3481;SN=5-8=0.3734;SN=9-12=0.3541;SN>=13=0.3429,0.3711516250620708,
225,,v11plus+v12_5f+v14_seed0,3,THR,"0.271,0.386,0.343","0.246,0.001,0.753","0.027,0.568,0.405",0.3,0.3,True,0.40167460554891243,0.2271780111908487,0.6135452002189764,0.3742500867396998,0.09886789153569014,SN=2=0.2693;SN=3-4=0.3484;SN=5-8=0.3681;SN=9-12=0.3501;SN>=13=0.3463,0.37110573298734795,
226,,v11plus+v13+v14_avg3,3,TEMP,"0.304,0.283,0.413","0.122,0.235,0.643","0.047,0.264,0.690",0.3,0.3,True,0.39823877274106856,0.22215756200046485,0.6146221927553536,0.37108297244768407,0.0917921103291841,SN=2=0.2728;SN=3-4=0.3411;SN=5-8=0.3646;SN=9-12=0.3445;SN>=13=0.3434,0.37108297244768407,
227,66,v11plus+v13+v14_avg3,3,NONE,"0.304,0.283,0.413","0.122,0.235,0.643","0.047,0.264,0.690",1.0,1.0,False,0.39823877274106856,0.22215756200046485,0.6146221927553536,0.37108297244768407,0.0917921103291841,SN=2=0.2728;SN=3-4=0.3411;SN=5-8=0.3646;SN=9-12=0.3445;SN>=13=0.3434,0.37108297244768407,
228,,v11+v11plus+v14_seed1,3,THR,"0.188,0.272,0.540","0.228,0.146,0.627","0.047,0.024,0.929",0.3,0.3,True,0.4037532754178922,0.22997008110935363,0.613020672278529,0.3760934770666041,0.1026205269077366,SN=2=0.2712;SN=3-4=0.3467;SN=5-8=0.3738;SN=9-12=0.3529;SN>=13=0.3442,0.37107280562822903,
229,,v11plus+v12_5f+v13+v14_seed1,4,TEMP,"0.285,0.248,0.335,0.132","0.285,0.008,0.228,0.480","0.044,0.278,0.270,0.408",0.3,0.3,True,0.3991814678161603,0.22045750978631556,0.6160102091815443,0.3710576328772992,0.09125994854140185,SN=2=0.2714;SN=3-4=0.3436;SN=5-8=0.3626;SN=9-12=0.3446;SN>=13=0.3422,0.3710576328772992,
230,67,v11plus+v12_5f+v13+v14_seed1,4,NONE,"0.285,0.248,0.335,0.132","0.285,0.008,0.228,0.480","0.044,0.278,0.270,0.408",1.0,1.0,False,0.3991814678161603,0.22045750978631556,0.6160102091815443,0.3710576328772992,0.09125994854140185,SN=2=0.2714;SN=3-4=0.3436;SN=5-8=0.3626;SN=9-12=0.3446;SN>=13=0.3422,0.3710576328772992,
231,,v11+v11plus+v12_5f+v13+v14_avg3,5,TEMP,"0.193,0.152,0.064,0.380,0.212","0.339,0.076,0.033,0.159,0.393","0.038,0.003,0.277,0.411,0.271",0.3,0.3,True,0.3998843276428197,0.22535611214068715,0.6151425020830195,0.3731246763300067,0.09675948528681927,SN=2=0.2719;SN=3-4=0.3474;SN=5-8=0.3687;SN=9-12=0.3500;SN>=13=0.3407,0.3710345257020903,
232,68,v11+v11plus+v12_5f+v13+v14_avg3,5,NONE,"0.193,0.152,0.064,0.380,0.212","0.339,0.076,0.033,0.159,0.393","0.038,0.003,0.277,0.411,0.271",1.0,1.0,False,0.3998843276428197,0.22535611214068715,0.6151425020830195,0.3731246763300067,0.09675948528681927,SN=2=0.2719;SN=3-4=0.3474;SN=5-8=0.3687;SN=9-12=0.3500;SN>=13=0.3407,0.3710345257020903,
233,,v11+v11plus+v12_5f+v13+v14_seed1,5,TEMP,"0.161,0.157,0.093,0.335,0.254","0.324,0.046,0.115,0.112,0.402","0.030,0.037,0.297,0.249,0.386",0.3,0.3,True,0.39985121733568013,0.22520273125330653,0.6158154537418127,0.3731846701839572,0.0969925213663036,SN=2=0.2723;SN=3-4=0.3475;SN=5-8=0.3693;SN=9-12=0.3511;SN>=13=0.3400,0.37097800151629856,
234,69,v11+v11plus+v12_5f+v13+v14_seed1,5,NONE,"0.161,0.157,0.093,0.335,0.254","0.324,0.046,0.115,0.112,0.402","0.030,0.037,0.297,0.249,0.386",1.0,1.0,False,0.39985121733568013,0.22520273125330653,0.6158154537418127,0.3731846701839572,0.0969925213663036,SN=2=0.2723;SN=3-4=0.3475;SN=5-8=0.3693;SN=9-12=0.3511;SN>=13=0.3400,0.37097800151629856,
235,,v11+v13+v14_seed0,3,TEMP,"0.268,0.397,0.336","0.365,0.117,0.518","0.038,0.406,0.556",0.3,0.3,True,0.3972061420009332,0.22554444897135023,0.6128179565070708,0.3716638276903276,0.09397433201087668,SN=2=0.2709;SN=3-4=0.3456;SN=5-8=0.3648;SN=9-12=0.3494;SN>=13=0.3400,0.37096625370038244,
236,70,v11+v13+v14_seed0,3,NONE,"0.268,0.397,0.336","0.365,0.117,0.518","0.038,0.406,0.556",1.0,1.0,False,0.3972061420009332,0.22554444897135023,0.6128179565070708,0.3716638276903276,0.09397433201087668,SN=2=0.2709;SN=3-4=0.3456;SN=5-8=0.3648;SN=9-12=0.3494;SN>=13=0.3400,0.37096625370038244,
237,,v11+v12_5f+v14_seed0,3,THR,"0.290,0.497,0.213","0.420,0.104,0.476","0.018,0.515,0.467",0.3,0.3,True,0.40251407853371357,0.22670237502896368,0.6132950260850698,0.3743455866420849,0.09938906062375041,SN=2=0.2682;SN=3-4=0.3501;SN=5-8=0.3675;SN=9-12=0.3509;SN>=13=0.3446,0.3709406483457029,
238,,v11plus+v12_5f+v13+v14_seed0,4,TEMP,"0.302,0.117,0.288,0.293","0.268,0.071,0.046,0.615","0.029,0.394,0.342,0.235",0.3,0.3,True,0.39829788491795437,0.22120131473973648,0.6152177646762774,0.37084323279833187,0.09250484391506913,SN=2=0.2721;SN=3-4=0.3429;SN=5-8=0.3646;SN=9-12=0.3432;SN>=13=0.3425,0.37084323279833187,
239,71,v11plus+v12_5f+v13+v14_seed0,4,NONE,"0.302,0.117,0.288,0.293","0.268,0.071,0.046,0.615","0.029,0.394,0.342,0.235",1.0,1.0,False,0.39829788491795437,0.22120131473973648,0.6152177646762774,0.37084323279833187,0.09250484391506913,SN=2=0.2721;SN=3-4=0.3429;SN=5-8=0.3646;SN=9-12=0.3432;SN>=13=0.3425,0.37084323279833187,
240,,v11plus+v12_5f+v13+v14_avg3,4,TEMP,"0.289,0.007,0.287,0.416","0.271,0.015,0.216,0.497","0.040,0.329,0.184,0.447",0.3,0.3,True,0.39885392502487255,0.22145569930607026,0.6155091732130165,0.37122568437498044,0.09353377077001107,SN=2=0.2720;SN=3-4=0.3433;SN=5-8=0.3655;SN=9-12=0.3443;SN>=13=0.3404,0.3707483910054681,
241,72,v11plus+v12_5f+v13+v14_avg3,4,NONE,"0.289,0.007,0.287,0.416","0.271,0.015,0.216,0.497","0.040,0.329,0.184,0.447",1.0,1.0,False,0.39885392502487255,0.22145569930607026,0.6155091732130165,0.37122568437498044,0.09353377077001107,SN=2=0.2720;SN=3-4=0.3433;SN=5-8=0.3655;SN=9-12=0.3443;SN>=13=0.3404,0.3707483910054681,
242,,v11+v11plus+v12_5f+v13+v14_seed0,5,TEMP,"0.171,0.144,0.078,0.385,0.221","0.309,0.103,0.083,0.204,0.302","0.011,0.025,0.584,0.151,0.229",0.3,0.3,True,0.3999351266361908,0.22549177271820592,0.6147020840240869,0.3731111765465761,0.09734730234199002,SN=2=0.2728;SN=3-4=0.3471;SN=5-8=0.3701;SN=9-12=0.3506;SN>=13=0.3409,0.37072711739107433,
243,73,v11+v11plus+v12_5f+v13+v14_seed0,5,NONE,"0.171,0.144,0.078,0.385,0.221","0.309,0.103,0.083,0.204,0.302","0.011,0.025,0.584,0.151,0.229",1.0,1.0,False,0.3999351266361908,0.22549177271820592,0.6147020840240869,0.3731111765465761,0.09734730234199002,SN=2=0.2728;SN=3-4=0.3471;SN=5-8=0.3701;SN=9-12=0.3506;SN>=13=0.3409,0.37072711739107433,
244,,v11+v11plus+v13+v14_avg3,4,TEMP,"0.138,0.071,0.344,0.446","0.396,0.050,0.105,0.448","0.041,0.032,0.103,0.823",0.3,0.3,True,0.3996476087219397,0.22523108716820645,0.6138266793804914,0.37271681423215675,0.09689708229117389,SN=2=0.2710;SN=3-4=0.3477;SN=5-8=0.3679;SN=9-12=0.3489;SN>=13=0.3406,0.370557865102063,
245,74,v11+v11plus+v13+v14_avg3,4,NONE,"0.138,0.071,0.344,0.446","0.396,0.050,0.105,0.448","0.041,0.032,0.103,0.823",1.0,1.0,False,0.3996476087219397,0.22523108716820645,0.6138266793804914,0.37271681423215675,0.09689708229117389,SN=2=0.2710;SN=3-4=0.3477;SN=5-8=0.3679;SN=9-12=0.3489;SN>=13=0.3406,0.370557865102063,
246,,v11+v11plus+v13+v14_seed0,4,TEMP,"0.255,0.090,0.360,0.294","0.334,0.052,0.243,0.370","0.038,0.001,0.470,0.491",0.3,0.3,True,0.4002144397868449,0.22526076684668944,0.6126725335895636,0.37272458937132646,0.09701483632078123,SN=2=0.2713;SN=3-4=0.3445;SN=5-8=0.3683;SN=9-12=0.3503;SN>=13=0.3441,0.37050676322642906,
247,75,v11+v11plus+v13+v14_seed0,4,NONE,"0.255,0.090,0.360,0.294","0.334,0.052,0.243,0.370","0.038,0.001,0.470,0.491",1.0,1.0,False,0.4002144397868449,0.22526076684668944,0.6126725335895636,0.37272458937132646,0.09701483632078123,SN=2=0.2713;SN=3-4=0.3445;SN=5-8=0.3683;SN=9-12=0.3503;SN>=13=0.3441,0.37050676322642906,
248,,v11+v11plus+v12_5f+v14_avg3,4,TEMP,"0.125,0.219,0.473,0.183","0.294,0.080,0.106,0.521","0.018,0.040,0.353,0.589",0.3,0.3,True,0.3940469916699365,0.2247617592166991,0.6143318077251969,0.37038986189969364,0.08916655876789542,SN=2=0.2722;SN=3-4=0.3416;SN=5-8=0.3614;SN=9-12=0.3483;SN>=13=0.3386,0.37038986189969364,
249,76,v11+v11plus+v12_5f+v14_avg3,4,NONE,"0.125,0.219,0.473,0.183","0.294,0.080,0.106,0.521","0.018,0.040,0.353,0.589",1.0,1.0,False,0.3940469916699365,0.2247617592166991,0.6143318077251969,0.37038986189969364,0.08916655876789542,SN=2=0.2722;SN=3-4=0.3416;SN=5-8=0.3614;SN=9-12=0.3483;SN>=13=0.3386,0.37038986189969364,
250,,v11+v11plus+v12_5f+v14_seed1,4,TEMP,"0.158,0.221,0.524,0.097","0.403,0.032,0.122,0.444","0.012,0.017,0.404,0.567",0.3,0.3,True,0.3942754103329371,0.2239075287144184,0.6145788436831375,0.3701889443555697,0.09072191394930801,SN=2=0.2707;SN=3-4=0.3428;SN=5-8=0.3614;SN=9-12=0.3470;SN>=13=0.3390,0.3701889443555697,
251,77,v11+v11plus+v12_5f+v14_seed1,4,NONE,"0.158,0.221,0.524,0.097","0.403,0.032,0.122,0.444","0.012,0.017,0.404,0.567",1.0,1.0,False,0.3942754103329371,0.2239075287144184,0.6145788436831375,0.3701889443555697,0.09072191394930801,SN=2=0.2707;SN=3-4=0.3428;SN=5-8=0.3614;SN=9-12=0.3470;SN>=13=0.3390,0.3701889443555697,
252,,v11plus+v13+v14_seed1,3,TEMP,"0.271,0.323,0.407","0.231,0.278,0.491","0.031,0.342,0.627",0.3,0.3,True,0.39907077604044144,0.22063359049685874,0.6150968448611345,0.370901115587147,0.09405517773134636,SN=2=0.2704;SN=3-4=0.3438;SN=5-8=0.3644;SN=9-12=0.3464;SN>=13=0.3433,0.37016311873696706,
253,78,v11plus+v13+v14_seed1,3,NONE,"0.271,0.323,0.407","0.231,0.278,0.491","0.031,0.342,0.627",1.0,1.0,False,0.39907077604044144,0.22063359049685874,0.6150968448611345,0.370901115587147,0.09405517773134636,SN=2=0.2704;SN=3-4=0.3438;SN=5-8=0.3644;SN=9-12=0.3464;SN>=13=0.3433,0.37016311873696706,
254,,v11+v11plus+v12_5f+v13,4,TEMP,"0.229,0.166,0.264,0.341","0.386,0.089,0.173,0.352","0.033,0.004,0.686,0.277",0.3,0.3,True,0.3996767064830337,0.2240105694545774,0.6144997267480823,0.3723748557246609,0.09717328286241927,SN=2=0.2712;SN=3-4=0.3474;SN=5-8=0.3684;SN=9-12=0.3481;SN>=13=0.3377,0.3700778063089445,
255,79,v11+v11plus+v12_5f+v13,4,NONE,"0.229,0.166,0.264,0.341","0.386,0.089,0.173,0.352","0.033,0.004,0.686,0.277",1.0,1.0,False,0.3996767064830337,0.2240105694545774,0.6144997267480823,0.3723748557246609,0.09717328286241927,SN=2=0.2712;SN=3-4=0.3474;SN=5-8=0.3684;SN=9-12=0.3481;SN>=13=0.3377,0.3700778063089445,
256,,v11+v11plus+v12_5f,3,THR,"0.168,0.217,0.615","0.538,0.016,0.446","0.015,0.048,0.936",0.3,0.3,True,0.40500557211953664,0.2225809323679878,0.6120178982019314,0.3734381814353961,0.09955573154590591,SN=2=0.2695;SN=3-4=0.3489;SN=5-8=0.3690;SN=9-12=0.3503;SN>=13=0.3371,0.36994990767793634,
257,,v11+v11plus+v12_5f+v14_seed2,4,TEMP,"0.226,0.198,0.330,0.246","0.359,0.083,0.170,0.388","0.004,0.064,0.550,0.382",0.3,0.3,True,0.3940488721853298,0.22359585210768543,0.6134112425553737,0.36974013822828083,0.09303373121397107,SN=2=0.2697;SN=3-4=0.3427;SN=5-8=0.3627;SN=9-12=0.3487;SN>=13=0.3377,0.3695128646367885,
258,80,v11+v11plus+v12_5f+v14_seed2,4,NONE,"0.226,0.198,0.330,0.246","0.359,0.083,0.170,0.388","0.004,0.064,0.550,0.382",1.0,1.0,False,0.3940488721853298,0.22359585210768543,0.6134112425553737,0.36974013822828083,0.09303373121397107,SN=2=0.2697;SN=3-4=0.3427;SN=5-8=0.3627;SN=9-12=0.3487;SN>=13=0.3377,0.3695128646367885,
259,,v11+v12_5f+v14_avg3,3,TEMP,"0.278,0.661,0.061","0.418,0.128,0.453","0.021,0.411,0.567",0.3,0.3,True,0.3922514087160813,0.22429735171416768,0.6141657261462126,0.36945264940134215,0.09026764908825635,SN=2=0.2697;SN=3-4=0.3439;SN=5-8=0.3600;SN=9-12=0.3456;SN>=13=0.3404,0.36945264940134215,
260,81,v11+v12_5f+v14_avg3,3,NONE,"0.278,0.661,0.061","0.418,0.128,0.453","0.021,0.411,0.567",1.0,1.0,False,0.3922514087160813,0.22429735171416768,0.6141657261462126,0.36945264940134215,0.09026764908825635,SN=2=0.2697;SN=3-4=0.3439;SN=5-8=0.3600;SN=9-12=0.3456;SN>=13=0.3404,0.36945264940134215,
261,,v11plus+v13+v14_seed2,3,TEMP,"0.269,0.331,0.400","0.271,0.235,0.494","0.043,0.403,0.554",0.3,0.3,True,0.3988951217667454,0.2216030817224087,0.6136265155686136,0.37092458450938437,0.09581235425786266,SN=2=0.2702;SN=3-4=0.3439;SN=5-8=0.3660;SN=9-12=0.3455;SN>=13=0.3420,0.3693079993959463,
262,82,v11plus+v13+v14_seed2,3,NONE,"0.269,0.331,0.400","0.271,0.235,0.494","0.043,0.403,0.554",1.0,1.0,False,0.3988951217667454,0.2216030817224087,0.6136265155686136,0.37092458450938437,0.09581235425786266,SN=2=0.2702;SN=3-4=0.3439;SN=5-8=0.3660;SN=9-12=0.3455;SN>=13=0.3420,0.3693079993959463,
263,,v11plus+v13+v14_seed0,3,TEMP,"0.275,0.357,0.368","0.271,0.101,0.628","0.035,0.387,0.578",0.3,0.3,True,0.39797325120026916,0.22178935670410116,0.6131166760408483,0.3705283783699178,0.09512979223257634,SN=2=0.2702;SN=3-4=0.3428;SN=5-8=0.3653;SN=9-12=0.3443;SN>=13=0.3433,0.36925307426912285,
264,83,v11plus+v13+v14_seed0,3,NONE,"0.275,0.357,0.368","0.271,0.101,0.628","0.035,0.387,0.578",1.0,1.0,False,0.39797325120026916,0.22178935670410116,0.6131166760408483,0.3705283783699178,0.09512979223257634,SN=2=0.2702;SN=3-4=0.3428;SN=5-8=0.3653;SN=9-12=0.3443;SN>=13=0.3433,0.36925307426912285,
265,,v11+v12_5f+v14_seed1,3,TEMP,"0.260,0.577,0.163","0.415,0.108,0.476","0.022,0.326,0.652",0.3,0.3,True,0.3918733005536966,0.22391798607078922,0.6143027254519079,0.36917705974017595,0.09244209703390227,SN=2=0.2692;SN=3-4=0.3437;SN=5-8=0.3617;SN=9-12=0.3446;SN>=13=0.3396,0.36917705974017595,
266,84,v11+v12_5f+v14_seed1,3,NONE,"0.260,0.577,0.163","0.415,0.108,0.476","0.022,0.326,0.652",1.0,1.0,False,0.3918733005536966,0.22391798607078922,0.6143027254519079,0.36917705974017595,0.09244209703390227,SN=2=0.2692;SN=3-4=0.3437;SN=5-8=0.3617;SN=9-12=0.3446;SN>=13=0.3396,0.36917705974017595,
267,,v11+v12_5f+v14_seed0,3,TEMP,"0.290,0.497,0.213","0.420,0.104,0.476","0.018,0.515,0.467",0.3,0.3,True,0.39180869087847436,0.2241549589253181,0.6132950260850698,0.36904446513853095,0.09276131876871829,SN=2=0.2689;SN=3-4=0.3437;SN=5-8=0.3617;SN=9-12=0.3454;SN>=13=0.3423,0.368953397769665,
268,85,v11+v12_5f+v14_seed0,3,NONE,"0.290,0.497,0.213","0.420,0.104,0.476","0.018,0.515,0.467",1.0,1.0,False,0.39180869087847436,0.2241549589253181,0.6132950260850698,0.36904446513853095,0.09276131876871829,SN=2=0.2689;SN=3-4=0.3437;SN=5-8=0.3617;SN=9-12=0.3454;SN>=13=0.3423,0.368953397769665,
269,,v11+v12_5f+v14_seed2,3,TEMP,"0.273,0.607,0.120","0.411,0.132,0.457","0.017,0.529,0.454",0.3,0.3,True,0.3919906772496576,0.22367344828064262,0.6134213196191736,0.3689499141359548,0.08814431238811316,SN=2=0.2696;SN=3-4=0.3447;SN=5-8=0.3577;SN=9-12=0.3441;SN>=13=0.3391,0.3689499141359548,
270,86,v11+v12_5f+v14_seed2,3,NONE,"0.273,0.607,0.120","0.411,0.132,0.457","0.017,0.529,0.454",1.0,1.0,False,0.3919906772496576,0.22367344828064262,0.6134213196191736,0.3689499141359548,0.08814431238811316,SN=2=0.2696;SN=3-4=0.3447;SN=5-8=0.3577;SN=9-12=0.3441;SN>=13=0.3391,0.3689499141359548,
271,,v11+v11plus+v14_avg3,3,TEMP,"0.215,0.247,0.539","0.320,0.081,0.599","0.027,0.031,0.942",0.3,0.3,True,0.39341087385268625,0.224308515224687,0.6132136162642488,0.36973047888379906,0.09447974192565134,SN=2=0.2690;SN=3-4=0.3397;SN=5-8=0.3635;SN=9-12=0.3514;SN>=13=0.3410,0.3687801999364666,
272,87,v11+v11plus+v14_avg3,3,NONE,"0.215,0.247,0.539","0.320,0.081,0.599","0.027,0.031,0.942",1.0,1.0,False,0.39341087385268625,0.224308515224687,0.6132136162642488,0.36973047888379906,0.09447974192565134,SN=2=0.2690;SN=3-4=0.3397;SN=5-8=0.3635;SN=9-12=0.3514;SN>=13=0.3410,0.3687801999364666,
273,,v11+v11plus+v12_5f,3,TEMP,"0.168,0.217,0.615","0.538,0.016,0.446","0.015,0.048,0.936",0.3,0.3,True,0.3943445949445536,0.22124013118663433,0.6120178982019314,0.36863747009286146,0.08942352887537741,SN=2=0.2694;SN=3-4=0.3429;SN=5-8=0.3588;SN=9-12=0.3446;SN>=13=0.3319,0.36863747009286146,
274,88,v11+v11plus+v12_5f,3,NONE,"0.168,0.217,0.615","0.538,0.016,0.446","0.015,0.048,0.936",1.0,1.0,False,0.3943445949445536,0.22124013118663433,0.6120178982019314,0.36863747009286146,0.08942352887537741,SN=2=0.2694;SN=3-4=0.3429;SN=5-8=0.3588;SN=9-12=0.3446;SN>=13=0.3319,0.36863747009286146,
275,,v11plus+v12_5f+v13,3,TEMP,"0.179,0.480,0.341","0.481,0.203,0.316","0.047,0.610,0.343",0.3,0.3,True,0.3980843515755803,0.21867799837503354,0.6148544817202268,0.3696758363242909,0.09474680208215219,SN=2=0.2678;SN=3-4=0.3460;SN=5-8=0.3626;SN=9-12=0.3416;SN>=13=0.3408,0.368592027298708,
276,89,v11plus+v12_5f+v13,3,NONE,"0.179,0.480,0.341","0.481,0.203,0.316","0.047,0.610,0.343",1.0,1.0,False,0.3980843515755803,0.21867799837503354,0.6148544817202268,0.3696758363242909,0.09474680208215219,SN=2=0.2678;SN=3-4=0.3460;SN=5-8=0.3626;SN=9-12=0.3416;SN>=13=0.3408,0.368592027298708,
277,,v11plus+v12_5f+v14_avg3,3,TEMP,"0.257,0.158,0.585","0.257,0.066,0.677","0.044,0.362,0.594",0.3,0.3,True,0.3929830912366846,0.22060837839837025,0.614376502083574,0.3683118882707368,0.09232648716098385,SN=2=0.2708;SN=3-4=0.3409;SN=5-8=0.3631;SN=9-12=0.3400;SN>=13=0.3399,0.3683118882707368,
278,90,v11plus+v12_5f+v14_avg3,3,NONE,"0.257,0.158,0.585","0.257,0.066,0.677","0.044,0.362,0.594",1.0,1.0,False,0.3929830912366846,0.22060837839837025,0.614376502083574,0.3683118882707368,0.09232648716098385,SN=2=0.2708;SN=3-4=0.3409;SN=5-8=0.3631;SN=9-12=0.3400;SN>=13=0.3399,0.3683118882707368,
279,,v11+v11plus+v14_seed2,3,TEMP,"0.201,0.228,0.570","0.351,0.074,0.575","0.002,0.066,0.932",0.3,0.3,True,0.39284380124058005,0.22376391304402649,0.6111644735787745,0.3688759804295975,0.09383300334247524,SN=2=0.2676;SN=3-4=0.3407;SN=5-8=0.3615;SN=9-12=0.3504;SN>=13=0.3398,0.3682490707738531,
280,91,v11+v11plus+v14_seed2,3,NONE,"0.201,0.228,0.570","0.351,0.074,0.575","0.002,0.066,0.932",1.0,1.0,False,0.39284380124058005,0.22376391304402649,0.6111644735787745,0.3688759804295975,0.09383300334247524,SN=2=0.2676;SN=3-4=0.3407;SN=5-8=0.3615;SN=9-12=0.3504;SN>=13=0.3398,0.3682490707738531,
281,,v11plus+v12_5f+v14_seed2,3,TEMP,"0.254,0.466,0.280","0.320,0.012,0.668","0.027,0.500,0.473",0.3,0.3,True,0.39273501984395637,0.22097917023676367,0.6136849948816254,0.3682226750086131,0.08829053155600475,SN=2=0.2688;SN=3-4=0.3430;SN=5-8=0.3571;SN=9-12=0.3421;SN>=13=0.3412,0.3682226750086131,
282,92,v11plus+v12_5f+v14_seed2,3,NONE,"0.254,0.466,0.280","0.320,0.012,0.668","0.027,0.500,0.473",1.0,1.0,False,0.39273501984395637,0.22097917023676367,0.6136849948816254,0.3682226750086131,0.08829053155600475,SN=2=0.2688;SN=3-4=0.3430;SN=5-8=0.3571;SN=9-12=0.3421;SN>=13=0.3412,0.3682226750086131,
283,,v11+v11plus+v12_5f+v14_seed0,4,TEMP,"0.219,0.174,0.210,0.397","0.315,0.112,0.188,0.385","0.013,0.015,0.434,0.538",0.3,0.3,True,0.3945388996832202,0.2247430207996542,0.6134094851438296,0.3703946652219157,0.09699076724097055,SN=2=0.2686;SN=3-4=0.3436;SN=5-8=0.3656;SN=9-12=0.3498;SN>=13=0.3413,0.36818887361692365,
284,93,v11+v11plus+v12_5f+v14_seed0,4,NONE,"0.219,0.174,0.210,0.397","0.315,0.112,0.188,0.385","0.013,0.015,0.434,0.538",1.0,1.0,False,0.3945388996832202,0.2247430207996542,0.6134094851438296,0.3703946652219157,0.09699076724097055,SN=2=0.2686;SN=3-4=0.3436;SN=5-8=0.3656;SN=9-12=0.3498;SN>=13=0.3413,0.36818887361692365,
285,,v11+v11plus+v14_seed0,3,THR,"0.186,0.217,0.596","0.248,0.134,0.618","0.001,0.038,0.961",0.3,0.3,True,0.4044197150236791,0.22938733829546548,0.6108287964227932,0.3756885806122165,0.1077872246395089,SN=2=0.2671;SN=3-4=0.3484;SN=5-8=0.3749;SN=9-12=0.3532;SN>=13=0.3489,0.3680845603079552,
286,,v11plus+v12_5f+v14_seed0,3,TEMP,"0.271,0.386,0.343","0.246,0.001,0.753","0.027,0.568,0.405",0.3,0.3,True,0.39240732877456647,0.2209493202738711,0.6135452002189764,0.3680516996631703,0.09038603748104523,SN=2=0.2704;SN=3-4=0.3410;SN=5-8=0.3608;SN=9-12=0.3429;SN>=13=0.3409,0.3680516996631703,
287,94,v11plus+v12_5f+v14_seed0,3,NONE,"0.271,0.386,0.343","0.246,0.001,0.753","0.027,0.568,0.405",1.0,1.0,False,0.39240732877456647,0.2209493202738711,0.6135452002189764,0.3680516996631703,0.09038603748104523,SN=2=0.2704;SN=3-4=0.3410;SN=5-8=0.3608;SN=9-12=0.3429;SN>=13=0.3409,0.3680516996631703,
288,,v11plus+v12_5f+v14_seed1,3,TEMP,"0.258,0.636,0.106","0.212,0.033,0.756","0.047,0.366,0.587",0.3,0.3,True,0.3934595442362172,0.21926859689264547,0.614553687120706,0.36800199387568633,0.08385241599036442,SN=2=0.2706;SN=3-4=0.3406;SN=5-8=0.3544;SN=9-12=0.3412;SN>=13=0.3418,0.36800199387568633,
289,95,v11plus+v12_5f+v14_seed1,3,NONE,"0.258,0.636,0.106","0.212,0.033,0.756","0.047,0.366,0.587",1.0,1.0,False,0.3934595442362172,0.21926859689264547,0.614553687120706,0.36800199387568633,0.08385241599036442,SN=2=0.2706;SN=3-4=0.3406;SN=5-8=0.3544;SN=9-12=0.3412;SN>=13=0.3418,0.36800199387568633,
290,,v11+v11plus+v14_seed0,3,TEMP,"0.186,0.217,0.596","0.248,0.134,0.618","0.001,0.038,0.961",0.3,0.3,True,0.3935342357767359,0.2235948926555133,0.6108287964227932,0.36901741065745836,0.09578554912346143,SN=2=0.2680;SN=3-4=0.3400;SN=5-8=0.3638;SN=9-12=0.3445;SN>=13=0.3434,0.3674142281112208,
291,96,v11+v11plus+v14_seed0,3,NONE,"0.186,0.217,0.596","0.248,0.134,0.618","0.001,0.038,0.961",1.0,1.0,False,0.3935342357767359,0.2235948926555133,0.6108287964227932,0.36901741065745836,0.09578554912346143,SN=2=0.2680;SN=3-4=0.3400;SN=5-8=0.3638;SN=9-12=0.3445;SN>=13=0.3434,0.3674142281112208,
292,,v11+v11plus+v14_seed1,3,TEMP,"0.188,0.272,0.540","0.228,0.146,0.627","0.047,0.024,0.929",0.3,0.3,True,0.3929575809344102,0.22310723601958168,0.613020672278529,0.36903006123730253,0.09697692669335317,SN=2=0.2691;SN=3-4=0.3406;SN=5-8=0.3660;SN=9-12=0.3473;SN>=13=0.3392,0.3668311899061192,
293,97,v11+v11plus+v14_seed1,3,NONE,"0.188,0.272,0.540","0.228,0.146,0.627","0.047,0.024,0.929",1.0,1.0,False,0.3929575809344102,0.22310723601958168,0.613020672278529,0.36903006123730253,0.09697692669335317,SN=2=0.2691;SN=3-4=0.3406;SN=5-8=0.3660;SN=9-12=0.3473;SN>=13=0.3392,0.3668311899061192,
294,,v11+v11plus+v13,3,TEMP,"0.258,0.262,0.480","0.457,0.008,0.535","0.059,0.067,0.874",0.3,0.3,True,0.39444840398592645,0.22187147525693157,0.6067871397197424,0.3678853796410917,0.09542641583548761,SN=2=0.2670;SN=3-4=0.3418;SN=5-8=0.3624;SN=9-12=0.3438;SN>=13=0.3282,0.3664617637388411,
295,98,v11+v11plus+v13,3,NONE,"0.258,0.262,0.480","0.457,0.008,0.535","0.059,0.067,0.874",1.0,1.0,False,0.39444840398592645,0.22187147525693157,0.6067871397197424,0.3678853796410917,0.09542641583548761,SN=2=0.2670;SN=3-4=0.3418;SN=5-8=0.3624;SN=9-12=0.3438;SN>=13=0.3282,0.3664617637388411,
296,,v11+v11plus+v16_testhist_aug,3,TEMP,"0.215,0.179,0.606","0.176,0.135,0.689","0.002,0.048,0.950",0.3,0.3,True,0.3941681152240217,0.21430308317015054,0.6082067425244035,0.3650298278625496,0.09331839172357698,SN=2=0.2689;SN=3-4=0.3354;SN=5-8=0.3622;SN=9-12=0.3432;SN>=13=0.3416,0.3646602240162543,
297,99,v11+v11plus+v16_testhist_aug,3,NONE,"0.215,0.179,0.606","0.176,0.135,0.689","0.002,0.048,0.950",1.0,1.0,False,0.3941681152240217,0.21430308317015054,0.6082067425244035,0.3650298278625496,0.09331839172357698,SN=2=0.2689;SN=3-4=0.3354;SN=5-8=0.3622;SN=9-12=0.3432;SN>=13=0.3416,0.3646602240162543,
298,100,v11plus+v12_5f+v13,3,CW,"0.179,0.480,0.341","0.481,0.203,0.316","0.047,0.610,0.343",1.0,1.0,False,0.32806463507263567,0.16174871061014767,0.6148544817202268,0.31889623461715866,0.10613177468865442,SN=2=0.2176;SN=3-4=0.3071;SN=5-8=0.3237;SN=9-12=0.3030;SN>=13=0.2874,0.31211993928832465,
299,101,v11plus+v12_5f+v13+v14_avg3,4,CW,"0.289,0.007,0.287,0.416","0.271,0.015,0.216,0.497","0.040,0.329,0.184,0.447",1.0,1.0,False,0.3242490615008543,0.1599388424749712,0.6155091732130165,0.31677699623293354,0.10898229223967032,SN=2=0.2127;SN=3-4=0.3021;SN=5-8=0.3217;SN=9-12=0.3029;SN>=13=0.2891,0.30857544212859156,
300,102,v11plus+v12_5f+v13+v14_seed1,4,CW,"0.285,0.248,0.335,0.132","0.285,0.008,0.228,0.480","0.044,0.278,0.270,0.408",1.0,1.0,False,0.32591289075062313,0.1588757255864337,0.6160102091815443,0.3171174883711316,0.11015392107718547,SN=2=0.2127;SN=3-4=0.3026;SN=5-8=0.3229;SN=9-12=0.3023;SN>=13=0.2890,0.30833011984803205,
301,103,v11plus+v12_5f+v13+v14_seed2,4,CW,"0.270,0.243,0.284,0.203","0.142,0.006,0.295,0.557","0.031,0.381,0.316,0.271",1.0,1.0,False,0.3252022240968719,0.16041239412561312,0.6154191982798766,0.3173296869449693,0.1113454960023895,SN=2=0.2123;SN=3-4=0.3017;SN=5-8=0.3237;SN=9-12=0.3030;SN>=13=0.2907,0.3079465309592678,
302,104,v11plus+v13+v14_seed2,3,CW,"0.269,0.331,0.400","0.271,0.235,0.494","0.043,0.403,0.554",1.0,1.0,False,0.32453037820039055,0.1603488997880796,0.6136265155686136,0.31667701430911077,0.11057995160344264,SN=2=0.2123;SN=3-4=0.3017;SN=5-8=0.3228;SN=9-12=0.3045;SN>=13=0.2885,0.30767663052288263,
303,105,v11plus+v13+v14_seed1,3,CW,"0.271,0.323,0.407","0.231,0.278,0.491","0.031,0.342,0.627",1.0,1.0,False,0.3253907877312345,0.15880980348180854,0.6150968448611345,0.31669960545744413,0.11156926881814988,SN=2=0.2117;SN=3-4=0.3011;SN=5-8=0.3232;SN=9-12=0.3026;SN>=13=0.2899,0.3072045630638624,
304,106,v11plus+v13+v14_avg3,3,CW,"0.304,0.283,0.413","0.122,0.235,0.643","0.047,0.264,0.690",1.0,1.0,False,0.323566188969104,0.1579142624294558,0.6146221927553536,0.31551661911049467,0.11076095498690436,SN=2=0.2093;SN=3-4=0.3004;SN=5-8=0.3201;SN=9-12=0.3036;SN>=13=0.2915,0.30642573363253567,
305,107,v11plus+v12_5f+v13+v14_seed0,4,CW,"0.302,0.117,0.288,0.293","0.268,0.071,0.046,0.615","0.029,0.394,0.342,0.235",1.0,1.0,False,0.3239767247332689,0.1562038130490167,0.6152177646762774,0.3151157680481697,0.11021714262828458,SN=2=0.2107;SN=3-4=0.3005;SN=5-8=0.3209;SN=9-12=0.3029;SN>=13=0.2881,0.3062967887495206,
306,108,v11plus+v12_5f+v14_seed2,3,CW,"0.254,0.466,0.280","0.320,0.012,0.668","0.027,0.500,0.473",1.0,1.0,False,0.3184636068744354,0.155214463253585,0.6136849948816254,0.31220822702753326,0.10650991167073792,SN=2=0.2102;SN=3-4=0.2980;SN=5-8=0.3167;SN=9-12=0.2989;SN>=13=0.2840,0.3052428632076575,
307,109,v11plus+v13+v14_seed0,3,CW,"0.275,0.357,0.368","0.271,0.101,0.628","0.035,0.387,0.578",1.0,1.0,False,0.3245562197523817,0.15569946664377482,0.6131166760408483,0.3147256097666323,0.11162477200603238,SN=2=0.2096;SN=3-4=0.2993;SN=5-8=0.3212;SN=9-12=0.3023;SN>=13=0.2898,0.3052028157791093,
308,110,v11plus+v12_5f+v14_seed1,3,CW,"0.258,0.636,0.106","0.212,0.033,0.756","0.047,0.366,0.587",1.0,1.0,False,0.3187810113685673,0.15266139461597428,0.614553687120706,0.3114876998179579,0.10556639762558231,SN=2=0.2084;SN=3-4=0.2967;SN=5-8=0.3140;SN=9-12=0.2982;SN>=13=0.2866,0.30499409302065994,
309,111,v11+v11plus+v13+v14_seed1,4,CW,"0.051,0.216,0.364,0.369","0.376,0.014,0.278,0.333","0.010,0.017,0.330,0.643",1.0,1.0,False,0.3257331691732278,0.14840825938912036,0.6150282315540896,0.3126622177357572,0.10881313740110171,SN=2=0.2095;SN=3-4=0.3000;SN=5-8=0.3183;SN=9-12=0.3009;SN>=13=0.2834,0.3045452410506996,
310,112,v11+v12_5f+v13+v14_seed1,4,CW,"0.188,0.294,0.329,0.189","0.369,0.009,0.209,0.413","0.003,0.359,0.283,0.356",1.0,1.0,False,0.3258704213812795,0.14725085873614616,0.6156751409315346,0.3123835402332772,0.10834145216240279,SN=2=0.2098;SN=3-4=0.2998;SN=5-8=0.3182;SN=9-12=0.2994;SN>=13=0.2861,0.304502406167569,
311,113,v11+v13+v14_seed2,3,CW,"0.217,0.307,0.476","0.349,0.247,0.405","0.039,0.369,0.592",1.0,1.0,False,0.3236088462289512,0.14983070921881725,0.6132858112255252,0.31203298442421246,0.10770696023403606,SN=2=0.2088;SN=3-4=0.2977;SN=5-8=0.3165;SN=9-12=0.3014;SN>=13=0.2870,0.30446909632268765,
312,114,v11+v13+v14_avg3,3,CW,"0.210,0.389,0.401","0.367,0.185,0.448","0.033,0.297,0.669",1.0,1.0,False,0.32615176511743776,0.14724839715643412,0.6143848997054968,0.3122370448506481,0.10825849098615226,SN=2=0.2089;SN=3-4=0.2992;SN=5-8=0.3171;SN=9-12=0.3014;SN>=13=0.2862,0.3043973913730652,
313,115,v11+v12_5f+v13+v14_seed2,4,CW,"0.207,0.379,0.320,0.094","0.464,0.062,0.204,0.270","0.011,0.429,0.338,0.222",1.0,1.0,False,0.32623077011492185,0.14617564055668528,0.6151072750573949,0.31198401928012187,0.10804518357728868,SN=2=0.2097;SN=3-4=0.3004;SN=5-8=0.3178;SN=9-12=0.3017;SN>=13=0.2834,0.30425101950697075,
314,116,v11+v12_5f+v13+v14_avg3,4,CW,"0.273,0.218,0.340,0.170","0.364,0.065,0.204,0.367","0.031,0.357,0.321,0.291",1.0,1.0,False,0.32435473223007816,0.14904511828383074,0.6154355875864079,0.31244705772284515,0.10904625890176997,SN=2=0.2092;SN=3-4=0.2993;SN=5-8=0.3182;SN=9-12=0.3013;SN>=13=0.2848,0.30421352028745335,
315,117,v11plus+v12_5f+v14_avg3,3,CW,"0.257,0.158,0.585","0.257,0.066,0.677","0.044,0.362,0.594",1.0,1.0,False,0.3170790080894092,0.15576436026709967,0.614376502083574,0.31201264775931836,0.10864139660925043,SN=2=0.2087;SN=3-4=0.2974;SN=5-8=0.3173;SN=9-12=0.3000;SN>=13=0.2859,0.30398154147018636,
316,118,v11+v12_5f+v13,3,CW,"0.275,0.446,0.279","0.484,0.177,0.339","0.017,0.646,0.337",1.0,1.0,False,0.3242303577250948,0.14828711255882826,0.614606803853281,0.3119283488842255,0.10877824805129632,SN=2=0.2101;SN=3-4=0.3004;SN=5-8=0.3189;SN=9-12=0.3001;SN>=13=0.2827,0.30382881687407054,
317,119,v11+v12_5f+v13+v14_seed0,4,CW,"0.259,0.411,0.296,0.035","0.397,0.065,0.216,0.321","0.032,0.420,0.293,0.255",1.0,1.0,False,0.32509994602966635,0.14808444423008782,0.6149807645283446,0.31226990900957063,0.10989405645536571,SN=2=0.2089;SN=3-4=0.2999;SN=5-8=0.3188;SN=9-12=0.3020;SN>=13=0.2842,0.303612472797381,
318,120,v11plus+v12_5f+v14_seed0,3,CW,"0.271,0.386,0.343","0.246,0.001,0.753","0.027,0.568,0.405",1.0,1.0,False,0.3181650939845486,0.15418067300280128,0.6135452002189764,0.3116473468387353,0.10909508341574309,SN=2=0.2076;SN=3-4=0.2973;SN=5-8=0.3167;SN=9-12=0.2985;SN>=13=0.2880,0.30338939714635693,
319,121,v11+v11plus+v13+v14_avg3,4,CW,"0.138,0.071,0.344,0.446","0.396,0.050,0.105,0.448","0.041,0.032,0.103,0.823",1.0,1.0,False,0.32483769952760155,0.14355801725661185,0.6138266793804914,0.31012362258978365,0.10636917365134443,SN=2=0.2078;SN=3-4=0.2979;SN=5-8=0.3142;SN=9-12=0.2977;SN>=13=0.2850,0.30322862777960463,
320,122,v11+v11plus+v12_5f+v13+v14_seed0,5,CW,"0.171,0.144,0.078,0.385,0.221","0.309,0.103,0.083,0.204,0.302","0.011,0.025,0.584,0.151,0.229",1.0,1.0,False,0.3233162124913509,0.14834366873327554,0.6147020840240869,0.31160436929466795,0.10951742429174682,SN=2=0.2083;SN=3-4=0.2989;SN=5-8=0.3179;SN=9-12=0.2986;SN>=13=0.2829,0.30313524916428775,
321,123,v11+v13+v14_seed1,3,CW,"0.314,0.344,0.342","0.379,0.265,0.356","0.030,0.269,0.701",1.0,1.0,False,0.3227157567701819,0.14834661567878957,0.6147467734320087,0.31137430366599034,0.10941383439661495,SN=2=0.2081;SN=3-4=0.2976;SN=5-8=0.3175;SN=9-12=0.3005;SN>=13=0.2853,0.30295697848317604,
322,124,v11+v11plus+v12_5f+v13+v14_seed2,5,CW,"0.143,0.185,0.114,0.340,0.217","0.411,0.039,0.100,0.157,0.292","0.004,0.015,0.581,0.198,0.202",1.0,1.0,False,0.3233232215739913,0.14673327913001158,0.6149347224085793,0.31100954476331705,0.10908520576416669,SN=2=0.2074;SN=3-4=0.2994;SN=5-8=0.3165;SN=9-12=0.2986;SN>=13=0.2813,0.3027565338967269,
323,125,v11+v11plus+v12_5f+v13,4,CW,"0.229,0.166,0.264,0.341","0.386,0.089,0.173,0.352","0.033,0.004,0.686,0.277",1.0,1.0,False,0.32028912197172,0.1491918992126393,0.6144997267480823,0.3106923538233602,0.10863087828377233,SN=2=0.2071;SN=3-4=0.2993;SN=5-8=0.3157;SN=9-12=0.2978;SN>=13=0.2818,0.30266650669696726,
324,126,v11+v11plus+v13+v14_seed2,4,CW,"0.144,0.218,0.367,0.271","0.283,0.074,0.277,0.365","0.029,0.031,0.380,0.560",1.0,1.0,False,0.3215695620537286,0.15110546999828642,0.613651080964204,0.31180022901364685,0.11128178186866522,SN=2=0.2065;SN=3-4=0.2979;SN=5-8=0.3178;SN=9-12=0.3010;SN>=13=0.2846,0.30244893009480744,
325,127,v11+v11plus+v12_5f+v13+v14_seed1,5,CW,"0.161,0.157,0.093,0.335,0.254","0.324,0.046,0.115,0.112,0.402","0.030,0.037,0.297,0.249,0.386",1.0,1.0,False,0.32375063831172557,0.14687646200671706,0.6158154537418127,0.3114139308757396,0.11051143537692465,SN=2=0.2072;SN=3-4=0.2992;SN=5-8=0.3177;SN=9-12=0.2983;SN>=13=0.2821,0.3024478052027705,
326,128,v11+v11plus+v12_5f+v13+v14_avg3,5,CW,"0.193,0.152,0.064,0.380,0.212","0.339,0.076,0.033,0.159,0.393","0.038,0.003,0.277,0.411,0.271",1.0,1.0,False,0.32191251547684874,0.1468023106955179,0.6151425020830195,0.31051443088555053,0.10987034295341003,SN=2=0.2064;SN=3-4=0.2978;SN=5-8=0.3163;SN=9-12=0.2993;SN>=13=0.2828,0.3018688514243387,
327,129,v11+v11plus+v13+v14_seed0,4,CW,"0.255,0.090,0.360,0.294","0.334,0.052,0.243,0.370","0.038,0.001,0.470,0.491",1.0,1.0,False,0.32124259430958724,0.14851850032595135,0.6126725335895636,0.3104389445721282,0.10980433608798554,SN=2=0.2064;SN=3-4=0.2965;SN=5-8=0.3162;SN=9-12=0.2994;SN>=13=0.2842,0.3018263685436286,
328,130,v11+v13+v14_seed0,3,CW,"0.268,0.397,0.336","0.365,0.117,0.518","0.038,0.406,0.556",1.0,1.0,False,0.32416086750909356,0.1446571607629444,0.6128179565070708,0.31009080261022937,0.1106745735669728,SN=2=0.2068;SN=3-4=0.2959;SN=5-8=0.3174;SN=9-12=0.2990;SN>=13=0.2844,0.3010431078422362,
329,131,v11+v11plus+v12_5f,3,CW,"0.168,0.217,0.615","0.538,0.016,0.446","0.015,0.048,0.936",1.0,1.0,False,0.3155019718619789,0.14292664048970208,0.6120178982019314,0.30577502458105865,0.10602994226523452,SN=2=0.2055;SN=3-4=0.2963;SN=5-8=0.3115;SN=9-12=0.2907;SN>=13=0.2706,0.2990496454639346,
330,132,v11+v12_5f+v14_seed1,3,CW,"0.260,0.577,0.163","0.415,0.108,0.476","0.022,0.326,0.652",1.0,1.0,False,0.3179649884558539,0.14242896040524775,0.6143027254519079,0.30701812463482225,0.10876575925235638,SN=2=0.2050;SN=3-4=0.2945;SN=5-8=0.3137;SN=9-12=0.2949;SN>=13=0.2783,0.2989248370241373,
331,133,v11+v11plus+v13,3,CW,"0.258,0.262,0.480","0.457,0.008,0.535","0.059,0.067,0.874",1.0,1.0,False,0.3140888496596741,0.1478245288489304,0.6067871397197424,0.3061227793473903,0.10713079156808356,SN=2=0.2039;SN=3-4=0.2946;SN=5-8=0.3110;SN=9-12=0.2954;SN>=13=0.2762,0.2988469755788417,
332,134,v11+v12_5f+v14_seed2,3,CW,"0.273,0.607,0.120","0.411,0.132,0.457","0.017,0.529,0.454",1.0,1.0,False,0.31735340653215094,0.14489721932158411,0.6134213196191736,0.30758451426532873,0.11025674233187494,SN=2=0.2049;SN=3-4=0.2959;SN=5-8=0.3152;SN=9-12=0.2947;SN>=13=0.2776,0.29874573511488445,
333,135,v11+v11plus+v12_5f+v14_avg3,4,CW,"0.125,0.219,0.473,0.183","0.294,0.080,0.106,0.521","0.018,0.040,0.353,0.589",1.0,1.0,False,0.31691010623784877,0.14529514708232094,0.6143318077251969,0.30774846287310725,0.11066205322663936,SN=2=0.2033;SN=3-4=0.2954;SN=5-8=0.3139;SN=9-12=0.2950;SN>=13=0.2785,0.2987070282752808,
334,136,v11+v12_5f+v14_avg3,3,CW,"0.278,0.661,0.061","0.418,0.128,0.453","0.021,0.411,0.567",1.0,1.0,False,0.3173313906011687,0.14391189780531569,0.6141657261462126,0.3073304605918363,0.11042875060913049,SN=2=0.2042;SN=3-4=0.2956;SN=5-8=0.3146;SN=9-12=0.2960;SN>=13=0.2779,0.29840567730276424,
335,137,v11+v11plus+v12_5f+v14_seed1,4,CW,"0.158,0.221,0.524,0.097","0.403,0.032,0.122,0.444","0.012,0.017,0.404,0.567",1.0,1.0,False,0.31580994599025175,0.14206406649244482,0.6145788436831375,0.30606537372970616,0.1086269671431715,SN=2=0.2024;SN=3-4=0.2948;SN=5-8=0.3111;SN=9-12=0.2929;SN>=13=0.2755,0.2980414821736136,
336,138,v11+v11plus+v12_5f+v14_seed0,4,CW,"0.219,0.174,0.210,0.397","0.315,0.112,0.188,0.385","0.013,0.015,0.434,0.538",1.0,1.0,False,0.31359974779937205,0.14542770782331507,0.6134094851438296,0.30629287927784077,0.10914761666389655,SN=2=0.2034;SN=3-4=0.2943;SN=5-8=0.3126;SN=9-12=0.2917;SN>=13=0.2765,0.29800866296138573,
337,139,v11+v12_5f+v14_seed0,3,CW,"0.290,0.497,0.213","0.420,0.104,0.476","0.018,0.515,0.467",1.0,1.0,False,0.3162426996189021,0.14250631176967538,0.6132950260850698,0.30615860977244497,0.1111390523676174,SN=2=0.2038;SN=3-4=0.2946;SN=5-8=0.3149;SN=9-12=0.2945;SN>=13=0.2778,0.2968786756041295,
338,140,v11+v11plus+v12_5f+v14_seed2,4,CW,"0.226,0.198,0.330,0.246","0.359,0.083,0.170,0.388","0.004,0.064,0.550,0.382",1.0,1.0,False,0.31219948312265067,0.14467187954509247,0.6134112425553737,0.305430793578172,0.11032698986591569,SN=2=0.2014;SN=3-4=0.2938;SN=5-8=0.3117;SN=9-12=0.2922;SN>=13=0.2744,0.29655689066070734,
339,141,v11+v11plus+v14_avg3,3,CW,"0.215,0.247,0.539","0.320,0.081,0.599","0.027,0.031,0.942",1.0,1.0,False,0.3098539941768198,0.14275217884406907,0.6132136162642488,0.3036851924612053,0.10810122750958917,SN=2=0.1997;SN=3-4=0.2907;SN=5-8=0.3078;SN=9-12=0.2929;SN>=13=0.2736,0.2959241707219039,
340,142,v11+v11plus+v14_seed1,3,CW,"0.188,0.272,0.540","0.228,0.146,0.627","0.047,0.024,0.929",1.0,1.0,False,0.31038876485926126,0.14368928037713874,0.613020672278529,0.3042353525502658,0.11100633394939227,SN=2=0.1995;SN=3-4=0.2909;SN=5-8=0.3105;SN=9-12=0.2931;SN>=13=0.2748,0.29502177759106285,
341,143,v11+v11plus+v14_seed0,3,CW,"0.186,0.217,0.596","0.248,0.134,0.618","0.001,0.038,0.961",1.0,1.0,False,0.3112064174380362,0.14387206592820906,0.6108287964227932,0.30419715263105673,0.11100269293198345,SN=2=0.1993;SN=3-4=0.2909;SN=5-8=0.3103;SN=9-12=0.2921;SN>=13=0.2794,0.29498539818055824,
342,144,v11+v11plus+v14_seed2,3,CW,"0.201,0.228,0.570","0.351,0.074,0.575","0.002,0.066,0.932",1.0,1.0,False,0.3106479115638233,0.1432312550978772,0.6111644735787745,0.3037845613804351,0.11022789584995629,SN=2=0.1999;SN=3-4=0.2905;SN=5-8=0.3101;SN=9-12=0.2923;SN>=13=0.2760,0.29496020547095014,
343,145,v11+v12_5f+v13+v14_seed0+v16_testhist_aug,5,CW,"0.261,0.025,0.378,0.034,0.301","0.269,0.108,0.078,0.236,0.309","0.019,0.438,0.324,0.073,0.145",1.0,1.0,False,0.33399977348555676,0.06553443467888545,0.6149750814059429,0.28280869954696547,0.09117457060781609,SN=2=0.1978;SN=3-4=0.2631;SN=5-8=0.2890;SN=9-12=0.2685;SN>=13=0.2573,0.28280869954696547,
344,146,v11+v11plus+v14_seed2+v16_testhist_aug,4,CW,"0.220,0.182,0.314,0.284","0.197,0.077,0.487,0.239","0.004,0.064,0.551,0.381",1.0,1.0,False,0.3180437863105891,0.09851695365437782,0.6113057504901742,0.28888544608402167,0.10666185330020614,SN=2=0.1906;SN=3-4=0.2699;SN=5-8=0.2972;SN=9-12=0.2749;SN>=13=0.2577,0.2818441114494118,
345,147,v11+v11plus+v13+v16_testhist_aug,4,CW,"0.124,0.187,0.352,0.337","0.322,0.049,0.316,0.314","0.001,0.045,0.373,0.581",1.0,1.0,False,0.33076767277031827,0.06653805021549535,0.6122104127356753,0.2813643717414605,0.09250363081533813,SN=2=0.1944;SN=3-4=0.2620;SN=5-8=0.2870;SN=9-12=0.2672;SN>=13=0.2551,0.2813643717414605,
346,148,v11+v13+v14_avg3+v16_testhist_aug,4,CW,"0.259,0.410,0.024,0.307","0.248,0.135,0.283,0.333","0.009,0.292,0.638,0.061",1.0,1.0,False,0.3345247204350299,0.05935750565202306,0.6141678618550303,0.28038646280582724,0.09001380867839037,SN=2=0.1968;SN=3-4=0.2599;SN=5-8=0.2868;SN=9-12=0.2662;SN>=13=0.2594,0.28038646280582724,
347,149,v11+v12_5f+v13+v14_seed2+v16_testhist_aug,5,CW,"0.224,0.119,0.342,0.030,0.285","0.276,0.042,0.058,0.209,0.414","0.014,0.460,0.306,0.092,0.129",1.0,1.0,False,0.3355399615433117,0.04453126455803528,0.6150439933904428,0.27503728911862735,0.07846129462408719,SN=2=0.1980;SN=3-4=0.2549;SN=5-8=0.2765;SN=9-12=0.2616;SN>=13=0.2538,0.27503728911862735,
348,150,v11+v14_avg3+v16_testhist_aug,3,CW,"0.354,0.265,0.381","0.280,0.395,0.325","0.034,0.924,0.042",1.0,1.0,False,0.3193671254595969,0.061669431510290286,0.6128756231203782,0.2749897474120305,0.09163080439701704,SN=2=0.1901;SN=3-4=0.2558;SN=5-8=0.2817;SN=9-12=0.2627;SN>=13=0.2501,0.2749897474120305,
349,151,v11+v13+v14_seed0+v16_testhist_aug,4,CW,"0.264,0.290,0.036,0.409","0.294,0.058,0.266,0.382","0.037,0.370,0.360,0.233",1.0,1.0,False,0.3314434875445099,0.04795301209006508,0.6129674685004525,0.2743520935539205,0.08605216175802882,SN=2=0.1928;SN=3-4=0.2547;SN=5-8=0.2789;SN=9-12=0.2627;SN>=13=0.2529,0.2743520935539205,
350,152,v11+v11plus+v12_5f+v13+v16_testhist_aug,5,CW,"0.153,0.142,0.067,0.367,0.270","0.306,0.001,0.188,0.116,0.389","0.016,0.007,0.608,0.317,0.052",1.0,1.0,False,0.33242973613705984,0.04578041841062381,0.6148347017645217,0.2742510021719778,0.08126545360518428,SN=2=0.1956;SN=3-4=0.2560;SN=5-8=0.2769;SN=9-12=0.2620;SN>=13=0.2477,0.2742510021719778,
351,153,v11plus+v13+v14_seed1+v16_testhist_aug,4,CW,"0.220,0.316,0.122,0.342","0.086,0.120,0.332,0.463","0.039,0.393,0.477,0.091",1.0,1.0,False,0.33606933083209056,0.04183761754136983,0.6149558579638934,0.2741539509421628,0.08022232507073773,SN=2=0.1950;SN=3-4=0.2547;SN=5-8=0.2752;SN=9-12=0.2601;SN>=13=0.2543,0.2741539509421628,
352,154,v11plus+v12_5f+v13+v14_avg3+v16_testhist_aug,5,CW,"0.255,0.016,0.354,0.018,0.357","0.075,0.027,0.135,0.275,0.489","0.042,0.412,0.274,0.230,0.042",1.0,1.0,False,0.33479873491660245,0.04058325226743713,0.6155597148838877,0.2732647378503934,0.08074683437698532,SN=2=0.1935;SN=3-4=0.2544;SN=5-8=0.2743;SN=9-12=0.2598;SN>=13=0.2515,0.2732647378503934,
353,155,v11+v12_5f+v13+v14_seed1+v16_testhist_aug,5,CW,"0.245,0.109,0.311,0.041,0.294","0.217,0.026,0.271,0.058,0.427","0.034,0.405,0.286,0.205,0.069",1.0,1.0,False,0.3335608876739031,0.04137470926241601,0.6155651822489566,0.27308727522431897,0.07938226482031824,SN=2=0.1954;SN=3-4=0.2528;SN=5-8=0.2748;SN=9-12=0.2605;SN>=13=0.2530,0.27308727522431897,
354,156,v11plus+v12_5f+v13+v14_seed2+v16_testhist_aug,5,CW,"0.196,0.046,0.329,0.050,0.379","0.129,0.078,0.054,0.155,0.583","0.033,0.401,0.335,0.130,0.101",1.0,1.0,False,0.3371262058653353,0.03734262757325825,0.6153573753470137,0.2728590084448402,0.07846234238206404,SN=2=0.1952;SN=3-4=0.2534;SN=5-8=0.2737;SN=9-12=0.2589;SN>=13=0.2505,0.2728590084448402,
355,157,v11+v11plus+v12_5f+v14_seed1+v16_testhist_aug,5,CW,"0.109,0.222,0.209,0.156,0.304","0.296,0.048,0.235,0.050,0.372","0.028,0.015,0.383,0.253,0.320",1.0,1.0,False,0.32390541660611066,0.048889497451960036,0.614008533934353,0.2719196724100989,0.0830519017316195,SN=2=0.1913;SN=3-4=0.2542;SN=5-8=0.2743;SN=9-12=0.2599;SN>=13=0.2435,0.2719196724100989,
356,158,v11plus+v13+v14_seed2+v16_testhist_aug,4,CW,"0.243,0.313,0.060,0.384","0.018,0.158,0.290,0.534","0.029,0.453,0.447,0.072",1.0,1.0,False,0.33437567310771804,0.038636849704179826,0.6134925950334236,0.27190352813144386,0.08015026252389651,SN=2=0.1925;SN=3-4=0.2536;SN=5-8=0.2727;SN=9-12=0.2576;SN>=13=0.2520,0.27190352813144386,
357,159,v11+v12_5f+v14_seed1+v16_testhist_aug,4,CW,"0.271,0.293,0.051,0.385","0.310,0.143,0.151,0.395","0.033,0.370,0.564,0.033",1.0,1.0,False,0.32630331562010506,0.045066643133689625,0.6143668903625492,0.27142136157402774,0.08300982407204546,SN=2=0.1927;SN=3-4=0.2538;SN=5-8=0.2757;SN=9-12=0.2589;SN>=13=0.2458,0.27142136157402774,
358,160,v11+v11plus+v12_5f+v16_testhist_aug,4,CW,"0.208,0.166,0.298,0.328","0.367,0.029,0.235,0.369","0.018,0.048,0.730,0.203",1.0,1.0,False,0.32021134487305913,0.05144164483648187,0.6127181994747448,0.2712048357787654,0.08572518552008254,SN=2=0.1898;SN=3-4=0.2537;SN=5-8=0.2755;SN=9-12=0.2593;SN>=13=0.2420,0.2712048357787654,
359,161,v11plus+v12_5f+v13+v14_seed1+v16_testhist_aug,5,CW,"0.286,0.034,0.331,0.104,0.244","0.075,0.236,0.079,0.050,0.559","0.042,0.316,0.178,0.442,0.022",1.0,1.0,False,0.3340354484558389,0.03597871754272382,0.6157998841481307,0.27116564322905123,0.07757454146449591,SN=2=0.1943;SN=3-4=0.2532;SN=5-8=0.2719;SN=9-12=0.2580;SN>=13=0.2462,0.27116564322905123,
360,162,v11+v13+v14_seed2+v16_testhist_aug,4,CW,"0.237,0.414,0.014,0.335","0.070,0.144,0.240,0.546","0.027,0.411,0.430,0.133",1.0,1.0,False,0.3357400842630811,0.03524263089049687,0.61335129708259,0.2710633454779492,0.07799261124604046,SN=2=0.1946;SN=3-4=0.2512;SN=5-8=0.2725;SN=9-12=0.2577;SN>=13=0.2536,0.2710633454779492,
361,163,v11plus+v12_5f+v13+v14_seed0+v16_testhist_aug,5,CW,"0.219,0.099,0.345,0.022,0.315","0.010,0.090,0.102,0.183,0.615","0.015,0.341,0.308,0.214,0.123",1.0,1.0,False,0.33651845590349677,0.033561422582385855,0.6150171573861344,0.2710353828715799,0.07769842977804309,SN=2=0.1943;SN=3-4=0.2530;SN=5-8=0.2720;SN=9-12=0.2566;SN>=13=0.2471,0.2710353828715799,
362,164,v11plus+v13+v14_seed0+v16_testhist_aug,4,CW,"0.227,0.324,0.070,0.378","0.081,0.123,0.191,0.605","0.045,0.336,0.489,0.130",1.0,1.0,False,0.33585139006793824,0.03466979444337799,0.6132168022946138,0.2708518342634493,0.07940037213536799,SN=2=0.1922;SN=3-4=0.2525;SN=5-8=0.2716;SN=9-12=0.2578;SN>=13=0.2494,0.2708518342634493,
363,165,v11plus+v12_5f+v13+v16_testhist_aug,4,CW,"0.253,0.127,0.252,0.368","0.108,0.192,0.117,0.583","0.044,0.407,0.376,0.173",1.0,1.0,False,0.33341388472241895,0.036148627380132275,0.6150175175317395,0.27082850834736844,0.0788524168056905,SN=2=0.1928;SN=3-4=0.2522;SN=5-8=0.2716;SN=9-12=0.2566;SN>=13=0.2458,0.27082850834736844,
364,166,v11+v12_5f+v16_testhist_aug,3,CW,"0.280,0.395,0.325","0.323,0.270,0.407","0.034,0.590,0.376",1.0,1.0,False,0.3269603232802188,0.04262512360431946,0.6128330174414961,0.2704007822421145,0.08177821780523664,SN=2=0.1930;SN=3-4=0.2526;SN=5-8=0.2748;SN=9-12=0.2580;SN>=13=0.2439,0.2704007822421145,
365,167,v11plus+v13+v14_avg3+v16_testhist_aug,4,CW,"0.287,0.316,0.133,0.264","0.041,0.121,0.242,0.596","0.028,0.283,0.647,0.041",1.0,1.0,False,0.33360368107723803,0.035098450814566085,0.6145839636912768,0.270397645494977,0.07837321361315736,SN=2=0.1928;SN=3-4=0.2522;SN=5-8=0.2712;SN=9-12=0.2572;SN>=13=0.2479,0.270397645494977,
366,168,v11plus+v13+v16_testhist_aug,3,CW,"0.223,0.401,0.376","0.059,0.334,0.607","0.035,0.487,0.478",1.0,1.0,False,0.3369451997985805,0.03212799487634536,0.6121880651439489,0.2700668908987601,0.07810802433610867,SN=2=0.1924;SN=3-4=0.2516;SN=5-8=0.2705;SN=9-12=0.2572;SN>=13=0.2484,0.2700668908987601,
367,169,v11+v12_5f+v13+v16_testhist_aug,4,CW,"0.232,0.114,0.334,0.320","0.098,0.141,0.149,0.613","0.032,0.362,0.345,0.261",1.0,1.0,False,0.335238087185827,0.03063552861520153,0.6147615509528821,0.26930175651098787,0.07654738188293375,SN=2=0.1942;SN=3-4=0.2511;SN=5-8=0.2707;SN=9-12=0.2551;SN>=13=0.2453,0.26930175651098787,
368,170,v11plus+v12_5f+v14_seed0+v16_testhist_aug,4,CW,"0.288,0.268,0.081,0.363","0.152,0.169,0.143,0.536","0.024,0.492,0.319,0.165",1.0,1.0,False,0.3272488413987127,0.03914414141666431,0.6135484823706772,0.2692668896002862,0.07750328394523695,SN=2=0.1909;SN=3-4=0.2515;SN=5-8=0.2684;SN=9-12=0.2563;SN>=13=0.2448,0.2692668896002862,
369,171,v11+v12_5f+v14_avg3+v16_testhist_aug,4,CW,"0.222,0.171,0.222,0.385","0.282,0.174,0.089,0.455","0.038,0.280,0.599,0.083",1.0,1.0,False,0.3282420019030961,0.03785816095263646,0.6139735519562535,0.26923477553354375,0.0778448391685641,SN=2=0.1929;SN=3-4=0.2512;SN=5-8=0.2708;SN=9-12=0.2550;SN>=13=0.2452,0.26923477553354375,
370,172,v11+v12_5f+v13+v14_avg3+v16_testhist_aug,5,CW,"0.267,0.041,0.343,0.008,0.342","0.063,0.064,0.162,0.101,0.609","0.030,0.371,0.255,0.327,0.018",1.0,1.0,False,0.33275368195351174,0.03187137373922042,0.615430381357843,0.26893609854866146,0.07688239528175328,SN=2=0.1932;SN=3-4=0.2498;SN=5-8=0.2701;SN=9-12=0.2561;SN>=13=0.2479,0.26893609854866146,
371,173,v11+v11plus+v13+v14_avg3+v16_testhist_aug,5,CW,"0.141,0.214,0.334,0.112,0.200","0.050,0.040,0.063,0.313,0.534","0.022,0.003,0.299,0.586,0.090",1.0,1.0,False,0.32821679585821045,0.0368268274112023,0.6143201514662351,0.2688814796010121,0.07880801546107319,SN=2=0.1904;SN=3-4=0.2506;SN=5-8=0.2692;SN=9-12=0.2564;SN>=13=0.2459,0.2688814796010121,
372,174,v11+v13+v14_seed1+v16_testhist_aug,4,CW,"0.272,0.382,0.016,0.330","0.099,0.107,0.186,0.609","0.046,0.241,0.663,0.050",1.0,1.0,False,0.33331350234216917,0.03158101096608033,0.6146132122173482,0.26888044776676945,0.07642564621346234,SN=2=0.1935;SN=3-4=0.2497;SN=5-8=0.2699;SN=9-12=0.2564;SN>=13=0.2481,0.26888044776676945,
373,175,v11+v13+v16_testhist_aug,3,CW,"0.248,0.428,0.324","0.142,0.282,0.576","0.030,0.445,0.525",1.0,1.0,False,0.3353823244884604,0.030312350877179577,0.6119984127983018,0.26867755270591637,0.07737604279357194,SN=2=0.1937;SN=3-4=0.2490;SN=5-8=0.2710;SN=9-12=0.2570;SN>=13=0.2494,0.26867755270591637,
374,176,v11plus+v12_5f+v14_seed1+v16_testhist_aug,4,CW,"0.278,0.387,0.013,0.322","0.063,0.078,0.266,0.593","0.035,0.450,0.432,0.083",1.0,1.0,False,0.32873708146014474,0.03547182618083331,0.6145367388252916,0.26859091082144954,0.07661936665718982,SN=2=0.1913;SN=3-4=0.2517;SN=5-8=0.2680;SN=9-12=0.2553;SN>=13=0.2423,0.26859091082144954,
375,177,v11+v12_5f+v14_seed2+v16_testhist_aug,4,CW,"0.278,0.314,0.073,0.335","0.079,0.103,0.312,0.507","0.035,0.439,0.368,0.158",1.0,1.0,False,0.3266913393480225,0.037615130331198954,0.6134786590899094,0.26841831968967045,0.08012915370583934,SN=2=0.1918;SN=3-4=0.2501;SN=5-8=0.2720;SN=9-12=0.2558;SN>=13=0.2429,0.26841831968967045,
376,178,v11+v11plus+v13+v14_seed1+v16_testhist_aug,5,CW,"0.198,0.136,0.343,0.127,0.196","0.074,0.024,0.196,0.160,0.546","0.038,0.045,0.342,0.405,0.170",1.0,1.0,False,0.32918432427531324,0.03453675547954456,0.6145350713470143,0.26839544617134603,0.07735664940363687,SN=2=0.1916;SN=3-4=0.2497;SN=5-8=0.2690;SN=9-12=0.2575;SN>=13=0.2462,0.26839544617134603,
377,179,v11+v11plus+v13+v14_seed2+v16_testhist_aug,5,CW,"0.154,0.178,0.256,0.127,0.284","0.090,0.043,0.093,0.249,0.526","0.040,0.001,0.556,0.189,0.214",1.0,1.0,False,0.3278885378263406,0.03638493784486355,0.6124119680379612,0.2681917838760739,0.0790690340552701,SN=2=0.1902;SN=3-4=0.2491;SN=5-8=0.2692;SN=9-12=0.2563;SN>=13=0.2433,0.2681917838760739,
378,180,v11plus+v14_avg3+v16_testhist_aug,3,CW,"0.312,0.396,0.293","0.140,0.309,0.550","0.041,0.811,0.149",1.0,1.0,False,0.32433062838471005,0.039449964606689834,0.6130512743415195,0.2681224920648638,0.07657616921743429,SN=2=0.1901;SN=3-4=0.2493;SN=5-8=0.2666;SN=9-12=0.2560;SN>=13=0.2456,0.2681224920648638,
379,181,v11+v12_5f+v14_seed0+v16_testhist_aug,4,CW,"0.272,0.300,0.073,0.355","0.234,0.091,0.197,0.478","0.039,0.537,0.374,0.050",1.0,1.0,False,0.32631193032481504,0.036582021244344565,0.6132977282084533,0.2678171262693545,0.080582108534591,SN=2=0.1911;SN=3-4=0.2496;SN=5-8=0.2717;SN=9-12=0.2563;SN>=13=0.2430,0.2678171262693545,
380,182,v11plus+v12_5f+v14_avg3+v16_testhist_aug,4,CW,"0.353,0.316,0.068,0.263","0.141,0.075,0.207,0.577","0.028,0.392,0.462,0.118",1.0,1.0,False,0.3239160876000246,0.03782161570271282,0.6142616259489758,0.26754740651089015,0.07721530158593382,SN=2=0.1892;SN=3-4=0.2495;SN=5-8=0.2664;SN=9-12=0.2562;SN>=13=0.2455,0.26754740651089015,
381,183,v11+v11plus+v12_5f+v14_avg3+v16_testhist_aug,5,CW,"0.190,0.149,0.252,0.134,0.275","0.152,0.033,0.068,0.296,0.451","0.026,0.004,0.249,0.556,0.165",1.0,1.0,False,0.3229641182891882,0.03887461707908659,0.6139108787827352,0.26751766990385695,0.07996604164078897,SN=2=0.1895;SN=3-4=0.2495;SN=5-8=0.2695;SN=9-12=0.2549;SN>=13=0.2422,0.26751766990385695,
382,184,v11plus+v14_seed2+v16_testhist_aug,3,CW,"0.292,0.327,0.381","0.055,0.381,0.564","0.039,0.676,0.285",1.0,1.0,False,0.32430749295788003,0.038351082877469606,0.6115659938496603,0.26737662910407195,0.07595989128728231,SN=2=0.1896;SN=3-4=0.2498;SN=5-8=0.2656;SN=9-12=0.2544;SN>=13=0.2426,0.26737662910407195,
383,185,v11plus+v14_seed0+v16_testhist_aug,3,CW,"0.315,0.325,0.360","0.056,0.409,0.535","0.040,0.626,0.334",1.0,1.0,False,0.32422254996961064,0.038057297047748226,0.611093225804565,0.2671305839678566,0.07906226312415102,SN=2=0.1881;SN=3-4=0.2497;SN=5-8=0.2672;SN=9-12=0.2554;SN>=13=0.2447,0.2671305839678566,
384,186,v11plus+v12_5f+v16_testhist_aug,3,CW,"0.277,0.316,0.407","0.092,0.272,0.636","0.036,0.581,0.383",1.0,1.0,False,0.32716770712533594,0.0337150534564533,0.6130855244773468,0.26697020912818503,0.07802707967711489,SN=2=0.1901;SN=3-4=0.2509;SN=5-8=0.2681;SN=9-12=0.2532;SN>=13=0.2382,0.26697020912818503,
385,187,v11+v11plus+v13+v14_seed0+v16_testhist_aug,5,CW,"0.184,0.122,0.329,0.014,0.351","0.061,0.006,0.127,0.162,0.643","0.023,0.028,0.423,0.371,0.155",1.0,1.0,False,0.3300210021572974,0.030384749890302855,0.6132287617689478,0.2668080531728297,0.07880406382378172,SN=2=0.1895;SN=3-4=0.2487;SN=5-8=0.2683;SN=9-12=0.2537;SN>=13=0.2434,0.2668080531728297,
386,188,v11plus+v12_5f+v14_seed2+v16_testhist_aug,4,CW,"0.326,0.217,0.100,0.357","0.016,0.159,0.250,0.575","0.024,0.463,0.448,0.066",1.0,1.0,False,0.3241111765631499,0.035843191904304954,0.6136939766572447,0.2667205427184309,0.07613686649056162,SN=2=0.1894;SN=3-4=0.2503;SN=5-8=0.2656;SN=9-12=0.2541;SN>=13=0.2397,0.2667205427184309,
387,189,v11plus+v14_seed1+v16_testhist_aug,3,CW,"0.302,0.359,0.339","0.031,0.370,0.599","0.051,0.837,0.112",1.0,1.0,False,0.32536260364336983,0.03475763650240014,0.6132435896194476,0.2666968139821975,0.07749255079951303,SN=2=0.1892;SN=3-4=0.2494;SN=5-8=0.2667;SN=9-12=0.2551;SN>=13=0.2416,0.2666968139821975,
388,190,v11+v11plus+v12_5f+v14_seed0+v16_testhist_aug,5,CW,"0.167,0.199,0.321,0.071,0.242","0.130,0.105,0.166,0.128,0.470","0.024,0.028,0.553,0.327,0.069",1.0,1.0,False,0.3215671238411056,0.03839577486258759,0.6135379651289155,0.2666927525072604,0.07876976326422386,SN=2=0.1883;SN=3-4=0.2485;SN=5-8=0.2671;SN=9-12=0.2549;SN>=13=0.2409,0.2666927525072604,
389,191,v11+v11plus+v14_seed1+v16_testhist_aug,4,CW,"0.192,0.127,0.370,0.312","0.041,0.036,0.375,0.549","0.001,0.045,0.948,0.006",1.0,1.0,False,0.32380390639642986,0.035878572399778604,0.6132033646969083,0.26651366445786506,0.08043506106533024,SN=2=0.1888;SN=3-4=0.2479;SN=5-8=0.2693;SN=9-12=0.2545;SN>=13=0.2427,0.26651366445786506,
390,192,v11+v14_seed0+v16_testhist_aug,3,CW,"0.330,0.292,0.378","0.251,0.269,0.480","0.040,0.647,0.313",1.0,1.0,False,0.3206062411011252,0.037414860024668636,0.610809979330596,0.26537043631643675,0.08047021918722055,SN=2=0.1880;SN=3-4=0.2466;SN=5-8=0.2685;SN=9-12=0.2541;SN>=13=0.2442,0.26537043631643675,
391,193,v11+v14_seed2+v16_testhist_aug,3,CW,"0.363,0.386,0.251","0.075,0.382,0.543","0.041,0.599,0.360",1.0,1.0,False,0.31892232723474356,0.03660197603997638,0.6112154682162833,0.26445281495314465,0.07885220667474502,SN=2=0.1876;SN=3-4=0.2463;SN=5-8=0.2665;SN=9-12=0.2525;SN>=13=0.2412,0.26445281495314465,
392,194,v11+v11plus+v14_seed0+v16_testhist_aug,4,CW,"0.266,0.152,0.317,0.265","0.012,0.057,0.410,0.522","0.032,0.015,0.829,0.124",1.0,1.0,False,0.3159153145490503,0.03844252096039374,0.610986050927879,0.26394034438935343,0.0814484247980038,SN=2=0.1843;SN=3-4=0.2456;SN=5-8=0.2657;SN=9-12=0.2545;SN>=13=0.2430,0.26394034438935343,
393,195,v11+v11plus+v14_avg3+v16_testhist_aug,4,CW,"0.190,0.223,0.293,0.294","0.103,0.047,0.322,0.528","0.008,0.043,0.739,0.210",1.0,1.0,False,0.3172094788169283,0.03582238975599518,0.6129565902880099,0.2638040654867714,0.07856959010945147,SN=2=0.1856;SN=3-4=0.2453;SN=5-8=0.2642;SN=9-12=0.2534;SN>=13=0.2383,0.2638040654867714,
394,196,v11+v14_seed1+v16_testhist_aug,3,CW,"0.362,0.292,0.346","0.078,0.335,0.586","0.030,0.864,0.106",1.0,1.0,False,0.3195229453565485,0.0331094970408309,0.6129360153717306,0.2636401800332979,0.07954315094898401,SN=2=0.1869;SN=3-4=0.2453;SN=5-8=0.2664;SN=9-12=0.2541;SN>=13=0.2418,0.2636401800332979,
395,197,v11+v11plus+v12_5f+v14_seed2+v16_testhist_aug,5,CW,"0.256,0.212,0.073,0.207,0.253","0.055,0.051,0.126,0.187,0.581","0.027,0.013,0.508,0.350,0.102",1.0,1.0,False,0.31342609903660545,0.03466157778384511,0.6136670927985374,0.26196848928788774,0.07781912611131425,SN=2=0.1847;SN=3-4=0.2441;SN=5-8=0.2625;SN=9-12=0.2513;SN>=13=0.2344,0.26196848928788774,
396,198,v11+v11plus+v16_testhist_aug,3,CW,"0.215,0.179,0.606","0.176,0.135,0.689","0.002,0.048,0.950",1.0,1.0,False,0.31330690372894293,0.029138114415135075,0.6082067425244035,0.25861935576251194,0.07766428717341528,SN=2=0.1830;SN=3-4=0.2402;SN=5-8=0.2607;SN=9-12=0.2476;SN>=13=0.2341,0.25861935576251194,
