rank,subset,n_models,calibration,w_a,w_p,w_s,t_a,t_p,f1_a,f1_p,auc,oof_ov,sn_spread,sn_buckets,spread_penalised_score,file
1,v11+v11plus+v13+v14_seed0+v16_testhist_aug,5,THR,"0.060,0.189,0.346,0.001,0.404","0.242,0.028,0.252,0.168,0.309","0.012,0.029,0.438,0.432,0.089",0.5,0.5,0.4145099574230557,0.2361804817280393,0.6131764296834988,0.38291146159713774,0.09240888360375576,SN=2=0.2788;SN=3-4=0.3566;SN=5-8=0.3712;SN=9-12=0.3534;SN>=13=0.3413,0.38291146159713774,submission_zoo_v2_top1_thr_v11_v11plus_v13_v14s0_v16.csv
2,v11+v11plus+v12_5f+v13+v14_seed0+v16_testhist_aug,6,THR,"0.214,0.177,0.082,0.317,0.058,0.152","0.238,0.000,0.023,0.051,0.336,0.352","0.029,0.012,0.474,0.160,0.216,0.109",0.5,0.5,0.4152734419295742,0.23509371528715078,0.61472388252784,0.383091639392258,0.09410122164389029,SN=2=0.2783;SN=3-4=0.3545;SN=5-8=0.3724;SN=9-12=0.3576;SN>=13=0.3469,0.3827233076329808,submission_zoo_v2_top2_thr_v11_v11plus_v125f_v13_v14s0_v16.csv
3,v11plus+v12_5f+v13+v14_avg3+v16_testhist_aug,5,THR,"0.255,0.016,0.354,0.018,0.357","0.075,0.027,0.135,0.275,0.489","0.042,0.412,0.274,0.230,0.042",0.5,0.5,0.414252499037321,0.2347114546056873,0.6155597148838877,0.38269752443398086,0.09116266273608653,SN=2=0.2800;SN=3-4=0.3558;SN=5-8=0.3712;SN=9-12=0.3503;SN>=13=0.3421,0.38269752443398086,submission_zoo_v2_top3_thr_v11plus_v125f_v13_v14avg3_v16.csv
4,v11+v11plus+v13+v14_avg3+v16_testhist_aug,5,THR,"0.141,0.214,0.334,0.112,0.200","0.050,0.040,0.063,0.313,0.534","0.022,0.003,0.299,0.586,0.090",0.5,0.5,0.41558382823695145,0.23401515828885486,0.6143201514662351,0.3827036249035696,0.09374889815220905,SN=2=0.2785;SN=3-4=0.3530;SN=5-8=0.3722;SN=9-12=0.3556;SN>=13=0.3467,0.38251145489013294,submission_zoo_v2_top4_thr_v11_v11plus_v13_v14avg3_v16.csv
5,v11plus+v13+v14_seed2+v16_testhist_aug,4,THR,"0.223,0.417,0.076,0.284","0.040,0.099,0.317,0.543","0.043,0.403,0.459,0.094",0.5,0.5,0.4163609837529949,0.23301206177380207,0.6136696043294013,0.3824831390765991,0.09187017279547788,SN=2=0.2788;SN=3-4=0.3549;SN=5-8=0.3707;SN=9-12=0.3508;SN>=13=0.3446,0.3824831390765991,submission_zoo_v2_top5_thr_v11plus_v13_v14s2_v16.csv
6,v11+v11plus+v12_5f+v13+v14_seed1+v16_testhist_aug,6,THR,"0.190,0.220,0.038,0.333,0.010,0.208","0.015,0.055,0.207,0.106,0.035,0.582","0.003,0.052,0.448,0.310,0.111,0.076",0.5,0.5,0.41404185784524233,0.2339750912473763,0.6154067491230302,0.3822881294616535,0.09300152980746551,SN=2=0.2797;SN=3-4=0.3515;SN=5-8=0.3727;SN=9-12=0.3560;SN>=13=0.3431,0.3822881294616535,
7,v11plus+v12_5f+v13+v14_seed1+v16_testhist_aug,5,THR,"0.175,0.065,0.329,0.058,0.373","0.061,0.046,0.144,0.183,0.566","0.041,0.316,0.375,0.245,0.023",0.5,0.5,0.4141565994904404,0.23354839876079972,0.6158201513111208,0.38224602956272025,0.091376813313444,SN=2=0.2801;SN=3-4=0.3543;SN=5-8=0.3715;SN=9-12=0.3501;SN>=13=0.3424,0.38224602956272025,
8,v11plus+v12_5f+v13+v14_seed2+v16_testhist_aug,5,THR,"0.217,0.015,0.313,0.107,0.348","0.099,0.192,0.063,0.029,0.617","0.018,0.460,0.364,0.087,0.070",0.5,0.5,0.4143185449872655,0.2335282372541582,0.6151990457681055,0.3821785220501906,0.09043748055780859,SN=2=0.2799;SN=3-4=0.3546;SN=5-8=0.3704;SN=9-12=0.3514;SN>=13=0.3430,0.3821785220501906,
9,v11+v12_5f+v13+v14_seed2+v16_testhist_aug,5,THR,"0.212,0.067,0.317,0.005,0.399","0.117,0.098,0.140,0.050,0.596","0.038,0.494,0.306,0.108,0.055",0.5,0.5,0.41410074888723825,0.23380775046921137,0.6150047395821701,0.38216434765901386,0.09326219664028651,SN=2=0.2786;SN=3-4=0.3558;SN=5-8=0.3718;SN=9-12=0.3535;SN>=13=0.3416,0.38216434765901386,
10,v11+v13+v16_testhist_aug,3,THR,"0.248,0.428,0.324","0.142,0.282,0.576","0.030,0.445,0.525",0.5,0.5,0.4162661346378664,0.23309186898205403,0.6119984127983018,0.3821428840076286,0.08948976894681715,SN=2=0.2804;SN=3-4=0.3552;SN=5-8=0.3699;SN=9-12=0.3520;SN>=13=0.3405,0.3821428840076286,
11,v11+v12_5f+v13+v14_avg3+v16_testhist_aug,5,THR,"0.267,0.041,0.343,0.008,0.342","0.063,0.064,0.162,0.101,0.609","0.030,0.371,0.255,0.327,0.018",0.5,0.5,0.41552549673797634,0.23413351539657706,0.615430381357843,0.38294968112538996,0.09532371001168977,SN=2=0.2788;SN=3-4=0.3554;SN=5-8=0.3741;SN=9-12=0.3543;SN>=13=0.3438,0.38197010518221297,
12,v11+v13+v14_seed2+v16_testhist_aug,4,THR,"0.223,0.366,0.034,0.377","0.100,0.149,0.201,0.550","0.036,0.405,0.348,0.211",0.5,0.5,0.41533305319661906,0.2335033650839493,0.6133207304978606,0.38219871341179945,0.09394898603837643,SN=2=0.2785;SN=3-4=0.3553;SN=5-8=0.3724;SN=9-12=0.3527;SN>=13=0.3440,0.38190649945527916,
13,v11plus+v12_5f+v13+v16_testhist_aug,4,THR,"0.253,0.127,0.252,0.368","0.108,0.192,0.117,0.583","0.044,0.407,0.376,0.173",0.5,0.5,0.4130995977510868,0.23412803959171508,0.6150175175317395,0.38189455844346865,0.09125760466197153,SN=2=0.2792;SN=3-4=0.3548;SN=5-8=0.3705;SN=9-12=0.3517;SN>=13=0.3392,0.38189455844346865,
14,v11+v12_5f+v13+v14_seed1+v16_testhist_aug,5,THR,"0.245,0.051,0.347,0.026,0.331","0.278,0.110,0.023,0.316,0.273","0.048,0.290,0.262,0.330,0.070",0.5,0.5,0.41622561572520345,0.23231585091622833,0.6155403441658003,0.3825246554897328,0.09533903525414283,SN=2=0.2790;SN=3-4=0.3572;SN=5-8=0.3743;SN=9-12=0.3561;SN>=13=0.3428,0.3815374169253293,
15,v11plus+v12_5f+v13+v14_seed0+v16_testhist_aug,5,THR,"0.289,0.065,0.274,0.050,0.322","0.046,0.205,0.096,0.048,0.606","0.041,0.516,0.290,0.100,0.052",0.5,0.5,0.4122643029550662,0.23389994648390622,0.6151564277130857,0.3814969853182061,0.09120608614531961,SN=2=0.2795;SN=3-4=0.3546;SN=5-8=0.3707;SN=9-12=0.3497;SN>=13=0.3414,0.3814969853182061,
16,v11plus+v13+v14_avg3+v16_testhist_aug,4,THR,"0.287,0.316,0.133,0.264","0.041,0.121,0.242,0.596","0.028,0.283,0.647,0.041",0.5,0.5,0.4136069326416072,0.23317014393772445,0.6145839636912768,0.381627623369988,0.09423371615977583,SN=2=0.2774;SN=3-4=0.3540;SN=5-8=0.3716;SN=9-12=0.3525;SN>=13=0.3439,0.381193044352768,
17,v11plus+v12_5f+v14_avg3+v16_testhist_aug,4,THR,"0.353,0.316,0.068,0.263","0.141,0.075,0.207,0.577","0.028,0.392,0.462,0.118",0.5,0.5,0.40938481864445664,0.23628456766955627,0.6142616259489758,0.38112007971540035,0.08851521206935903,SN=2=0.2794;SN=3-4=0.3522;SN=5-8=0.3679;SN=9-12=0.3529;SN>=13=0.3453,0.38112007971540035,
18,v11plus+v13+v16_testhist_aug,3,THR,"0.223,0.401,0.376","0.059,0.334,0.607","0.035,0.487,0.478",0.5,0.5,0.4151349950034858,0.2315599782835712,0.6121880651439489,0.3811156023436125,0.09128452866791337,SN=2=0.2777;SN=3-4=0.3552;SN=5-8=0.3690;SN=9-12=0.3497;SN>=13=0.3408,0.3811156023436125,
19,v11+v11plus+v13+v14_seed1+v16_testhist_aug,5,THR,"0.179,0.131,0.325,0.083,0.282","0.233,0.043,0.282,0.181,0.260","0.024,0.023,0.301,0.525,0.127",0.5,0.5,0.4177457447204359,0.23180326895717412,0.6150460894956202,0.3828288233701681,0.0968951563954743,SN=2=0.2761;SN=3-4=0.3573;SN=5-8=0.3730;SN=9-12=0.3566;SN>=13=0.3427,0.38106352423509887,
20,v11+v13+v14_seed0+v16_testhist_aug,4,THR,"0.201,0.377,0.015,0.407","0.257,0.113,0.185,0.445","0.038,0.402,0.412,0.148",0.5,0.5,0.41449843176525075,0.2319219772206514,0.6129368392099591,0.38115553143635267,0.09416135273209114,SN=2=0.2782;SN=3-4=0.3560;SN=5-8=0.3723;SN=9-12=0.3489;SN>=13=0.3430,0.380757134132975,
21,v11plus+v13+v14_seed1+v16_testhist_aug,4,THR,"0.271,0.293,0.051,0.385","0.072,0.127,0.239,0.562","0.024,0.361,0.606,0.008",0.5,0.5,0.41347578771243043,0.23252200552244723,0.6150040415680075,0.38139992560755254,0.09477512651894149,SN=2=0.2763;SN=3-4=0.3566;SN=5-8=0.3711;SN=9-12=0.3519;SN>=13=0.3414,0.3806946414107497,
22,v11+v13+v14_seed1+v16_testhist_aug,4,THR,"0.245,0.359,0.051,0.346","0.267,0.220,0.224,0.289","0.019,0.321,0.595,0.065",0.5,0.5,0.41610758937958026,0.23246142390538868,0.614737511543141,0.3823751076226158,0.09683085489033272,SN=2=0.2781;SN=3-4=0.3570;SN=5-8=0.3750;SN=9-12=0.3540;SN>=13=0.3434,0.38064195924011734,
23,v11+v11plus+v13+v14_seed2+v16_testhist_aug,5,THR,"0.258,0.086,0.362,0.016,0.278","0.009,0.073,0.131,0.201,0.586","0.043,0.032,0.308,0.331,0.287",0.5,0.5,0.41640872012999786,0.23315127711186506,0.6133318970743101,0.3824903783116072,0.09738474376709638,SN=2=0.2781;SN=3-4=0.3544;SN=5-8=0.3755;SN=9-12=0.3554;SN>=13=0.3425,0.38048028549072693,
24,v11plus+v13+v14_seed0+v16_testhist_aug,4,THR,"0.256,0.395,0.031,0.318","0.078,0.097,0.259,0.567","0.047,0.339,0.502,0.112",0.5,0.5,0.4151804619443569,0.23123602016670905,0.6131989154754287,0.3812063759395121,0.09508826836636047,SN=2=0.2754;SN=3-4=0.3554;SN=5-8=0.3705;SN=9-12=0.3508;SN>=13=0.3461,0.38034452081899983,
25,v11+v12_5f+v13+v16_testhist_aug,4,THR,"0.232,0.114,0.334,0.320","0.098,0.141,0.149,0.613","0.032,0.362,0.345,0.261",0.5,0.5,0.41607806911944845,0.23219432990198902,0.6147615509528821,0.3822612697991514,0.09745020972089385,SN=2=0.2765;SN=3-4=0.3582;SN=5-8=0.3740;SN=9-12=0.3540;SN>=13=0.3434,0.3802184440013724,
26,v11+v11plus+v12_5f+v14_seed2+v16_testhist_aug,5,THR,"0.134,0.187,0.190,0.197,0.291","0.046,0.025,0.104,0.200,0.625","0.031,0.024,0.406,0.396,0.144",0.5,0.5,0.41232910472920303,0.23254503108500263,0.6136343925676798,0.38067653283921826,0.09431251732215712,SN=2=0.2765;SN=3-4=0.3521;SN=5-8=0.3708;SN=9-12=0.3542;SN>=13=0.3428,0.38020255324080765,
27,v11+v13+v14_avg3+v16_testhist_aug,4,THR,"0.259,0.410,0.024,0.307","0.248,0.135,0.283,0.333","0.009,0.292,0.638,0.061",0.5,0.5,0.4165259160569292,0.23249819561429147,0.6141678618550303,0.38244321703949435,0.09843112453269737,SN=2=0.2773;SN=3-4=0.3578;SN=5-8=0.3757;SN=9-12=0.3555;SN>=13=0.3446,0.3799099338358136,
28,v11+v11plus+v13+v16_testhist_aug,4,THR,"0.124,0.187,0.352,0.337","0.322,0.049,0.316,0.314","0.001,0.045,0.373,0.581",0.5,0.5,0.4154831819672274,0.2322691536360076,0.6122104127356753,0.38154301678842906,0.09680849843316908,SN=2=0.2773;SN=3-4=0.3556;SN=5-8=0.3741;SN=9-12=0.3540;SN>=13=0.3400,0.37982104663451244,
29,v11plus+v12_5f+v14_seed1+v16_testhist_aug,4,THR,"0.285,0.219,0.095,0.402","0.088,0.083,0.269,0.560","0.022,0.420,0.492,0.066",0.5,0.5,0.4084438135043846,0.23351480840530905,0.6145368196827241,0.3796908127004223,0.09122413033311177,SN=2=0.2767;SN=3-4=0.3535;SN=5-8=0.3680;SN=9-12=0.3516;SN>=13=0.3408,0.3796908127004223,
30,v11+v12_5f+v14_seed2+v16_testhist_aug,4,THR,"0.263,0.369,0.034,0.334","0.074,0.110,0.295,0.521","0.033,0.528,0.300,0.139",0.5,0.5,0.4094126006372497,0.2329378320596896,0.6134821268836745,0.3796365984555107,0.09303190689874041,SN=2=0.2758;SN=3-4=0.3530;SN=5-8=0.3689;SN=9-12=0.3534;SN>=13=0.3428,0.3796365984555107,
31,v11plus+v12_5f+v14_seed2+v16_testhist_aug,4,THR,"0.329,0.284,0.125,0.263","0.116,0.105,0.170,0.609","0.038,0.472,0.428,0.062",0.5,0.5,0.40968843177835945,0.23364358491225684,0.6137540100006056,0.38008360867636765,0.09489898809120478,SN=2=0.2766;SN=3-4=0.3535;SN=5-8=0.3715;SN=9-12=0.3525;SN>=13=0.3431,0.3793163936934332,
32,v11plus+v14_seed1+v16_testhist_aug,3,THR,"0.312,0.352,0.336","0.072,0.387,0.541","0.041,0.845,0.113",0.5,0.5,0.40982262504024614,0.2325605553688564,0.6132659962040966,0.37960647140446035,0.09421655520176553,SN=2=0.2756;SN=3-4=0.3523;SN=5-8=0.3698;SN=9-12=0.3535;SN>=13=0.3452,0.3791804728662455,
33,v11+v14_seed2+v16_testhist_aug,3,THR,"0.378,0.289,0.334","0.074,0.367,0.559","0.034,0.623,0.343",0.5,0.5,0.40891471478723757,0.23329081455829445,0.6112395901336084,0.3791301297649345,0.09216742546985962,SN=2=0.2764;SN=3-4=0.3502;SN=5-8=0.3685;SN=9-12=0.3523;SN>=13=0.3453,0.3791301297649345,
34,v11+v11plus+v14_seed1+v16_testhist_aug,4,THR,"0.166,0.217,0.287,0.331","0.307,0.021,0.462,0.211","0.018,0.057,0.748,0.177",0.5,0.5,0.41176602340921714,0.23143360112694839,0.6131044900831956,0.37990074783110533,0.09490701271632462,SN=2=0.2761;SN=3-4=0.3507;SN=5-8=0.3710;SN=9-12=0.3561;SN>=13=0.3465,0.37912952053561094,
35,v11+v11plus+v12_5f+v13+v16_testhist_aug,5,THR,"0.153,0.142,0.067,0.367,0.270","0.306,0.001,0.188,0.116,0.389","0.016,0.007,0.608,0.317,0.052",0.5,0.5,0.4177344353059119,0.22884594498314317,0.6148347017645217,0.3815990924685264,0.09887077375527853,SN=2=0.2767;SN=3-4=0.3581;SN=5-8=0.3755;SN=9-12=0.3533;SN>=13=0.3396,0.37884598465355507,
36,v11+v11plus+v12_5f+v14_avg3+v16_testhist_aug,5,THR,"0.190,0.149,0.252,0.134,0.275","0.152,0.033,0.068,0.296,0.451","0.026,0.004,0.249,0.556,0.165",0.5,0.5,0.4124272951100549,0.2315653932273934,0.6139108787827352,0.38037925109152637,0.09659545864898261,SN=2=0.2753;SN=3-4=0.3523;SN=5-8=0.3719;SN=9-12=0.3529;SN>=13=0.3442,0.37876380082970296,
37,v11plus+v12_5f+v16_testhist_aug,3,THR,"0.277,0.316,0.407","0.092,0.272,0.636","0.036,0.581,0.383",0.5,0.5,0.40889089680811014,0.2309794959743749,0.6130855244773468,0.37856526200846335,0.0927410663481269,SN=2=0.2753;SN=3-4=0.3541;SN=5-8=0.3681;SN=9-12=0.3497;SN>=13=0.3399,0.37856526200846335,
38,v11+v12_5f+v14_seed1+v16_testhist_aug,4,THR,"0.270,0.356,0.009,0.365","0.229,0.200,0.091,0.479","0.016,0.408,0.558,0.019",0.5,0.5,0.4085949170670063,0.23055531250927225,0.6143434755352207,0.37852878693755554,0.09336455812533584,SN=2=0.2747;SN=3-4=0.3532;SN=5-8=0.3680;SN=9-12=0.3525;SN>=13=0.3391,0.37852878693755554,
39,v11+v11plus+v12_5f+v13+v14_seed2+v16_testhist_aug,6,THR,"0.205,0.129,0.054,0.325,0.005,0.282","0.153,0.117,0.028,0.101,0.270,0.331","0.016,0.023,0.290,0.429,0.105,0.137",0.5,0.5,0.41728666504276124,0.23197663077661446,0.6149917359743575,0.3827036655226218,0.10193606878802541,SN=2=0.2759;SN=3-4=0.3581;SN=5-8=0.3778;SN=9-12=0.3539;SN>=13=0.3446,0.378417910191277,
40,v11plus+v12_5f+v13+v14_seed2,4,THR,"0.270,0.243,0.284,0.203","0.142,0.006,0.295,0.557","0.031,0.381,0.316,0.271",0.5,0.5,0.4086207682918302,0.2293529440138932,0.6154191982798766,0.3782733245782647,0.09255613766453702,SN=2=0.2753;SN=3-4=0.3529;SN=5-8=0.3679;SN=9-12=0.3481;SN>=13=0.3429,0.3782733245782647,
41,v11+v11plus+v13+v14_avg3,4,THR,"0.138,0.071,0.344,0.446","0.396,0.050,0.105,0.448","0.041,0.032,0.103,0.823",0.5,0.5,0.40998719189363025,0.23172844690512565,0.6138266793804914,0.37945159139560064,0.0958461618677432,SN=2=0.2766;SN=3-4=0.3535;SN=5-8=0.3725;SN=9-12=0.3519;SN>=13=0.3452,0.37821078952439696,
42,v11+v11plus+v12_5f+v13+v14_seed0,5,THR,"0.171,0.144,0.078,0.385,0.221","0.309,0.103,0.083,0.204,0.302","0.011,0.025,0.584,0.151,0.229",0.5,0.5,0.4112177742046221,0.23305901904895326,0.6147020840240869,0.3806511341062475,0.09853380720198834,SN=2=0.2768;SN=3-4=0.3539;SN=5-8=0.3753;SN=9-12=0.3575;SN>=13=0.3447,0.37806650956792126,
43,v11+v14_seed1+v16_testhist_aug,3,THR,"0.351,0.262,0.386","0.119,0.397,0.484","0.040,0.762,0.198",0.5,0.5,0.40834468989035905,0.23243478989903502,0.6129247852644413,0.3788967489686459,0.09528972688965398,SN=2=0.2746;SN=3-4=0.3518;SN=5-8=0.3699;SN=9-12=0.3529;SN>=13=0.3465,0.3779341645864868,
44,v11+v11plus+v14_seed2+v16_testhist_aug,4,THR,"0.187,0.217,0.285,0.311","0.141,0.032,0.260,0.566","0.004,0.042,0.494,0.460",0.5,0.5,0.41074916547583284,0.23342443707839444,0.6114208898239659,0.3799536189864841,0.09750897923178115,SN=2=0.2751;SN=3-4=0.3516;SN=5-8=0.3726;SN=9-12=0.3552;SN>=13=0.3440,0.37788140843326146,
45,v11+v11plus+v12_5f+v14_seed1+v16_testhist_aug,5,THR,"0.164,0.210,0.109,0.257,0.260","0.271,0.016,0.105,0.188,0.420","0.043,0.042,0.400,0.407,0.108",0.5,0.5,0.412127259693176,0.2308293076363225,0.6139835085589803,0.3799793286435955,0.09764847085873579,SN=2=0.2750;SN=3-4=0.3519;SN=5-8=0.3727;SN=9-12=0.3572;SN>=13=0.3424,0.3778373722768955,
46,v11plus+v12_5f+v13,3,THR,"0.179,0.480,0.341","0.481,0.203,0.316","0.047,0.610,0.343",0.5,0.5,0.4087022130737913,0.23070994862548858,0.6148544817202268,0.3787357610237574,0.09535402118940944,SN=2=0.2769;SN=3-4=0.3550;SN=5-8=0.3723;SN=9-12=0.3486;SN>=13=0.3412,0.3777410294917206,
47,v11plus+v14_avg3+v16_testhist_aug,3,THR,"0.312,0.396,0.293","0.140,0.309,0.550","0.041,0.811,0.149",0.5,0.5,0.4097899540159463,0.2323699265852081,0.6130512743415195,0.37947420710876567,0.09686726014866948,SN=2=0.2742;SN=3-4=0.3535;SN=5-8=0.3711;SN=9-12=0.3538;SN>=13=0.3457,0.3777228560970989,
48,v11+v11plus+v14_seed0+v16_testhist_aug,4,THR,"0.282,0.159,0.354,0.204","0.193,0.028,0.449,0.329","0.032,0.053,0.662,0.252",0.5,0.5,0.4102851378596219,0.23458048173036466,0.6108801945223887,0.3801222867404724,0.09817121427854403,SN=2=0.2745;SN=3-4=0.3502;SN=5-8=0.3727;SN=9-12=0.3534;SN>=13=0.3465,0.3777189586638683,
49,v11+v14_seed0+v16_testhist_aug,3,THR,"0.349,0.292,0.359","0.291,0.292,0.417","0.030,0.721,0.249",0.5,0.5,0.40913189127164745,0.23183802173754478,0.6108112194195869,0.3785502090875943,0.09517188423887635,SN=2=0.2744;SN=3-4=0.3500;SN=5-8=0.3696;SN=9-12=0.3513;SN>=13=0.3446,0.37764654603082404,
50,v11plus+v12_5f+v14_seed0+v16_testhist_aug,4,THR,"0.294,0.197,0.137,0.372","0.138,0.102,0.192,0.568","0.038,0.553,0.333,0.076",0.5,0.5,0.4093835719475816,0.23118659241522566,0.6135855604539537,0.37894517783591364,0.09598212081448754,SN=2=0.2746;SN=3-4=0.3550;SN=5-8=0.3705;SN=9-12=0.3510;SN>=13=0.3408,0.3776363964913378,
51,v11+v12_5f+v14_avg3+v16_testhist_aug,4,THR,"0.222,0.171,0.222,0.385","0.282,0.174,0.089,0.455","0.038,0.280,0.599,0.083",0.5,0.5,0.4087164775038155,0.23260223096532678,0.6139735519562535,0.37932219377890763,0.0971269607611901,SN=2=0.2752;SN=3-4=0.3535;SN=5-8=0.3723;SN=9-12=0.3552;SN>=13=0.3416,0.3774409924609805,
52,v11+v11plus+v13+v14_avg3+v16_testhist_aug,5,TEMP,"0.141,0.214,0.334,0.112,0.200","0.050,0.040,0.063,0.313,0.534","0.022,0.003,0.299,0.586,0.090",0.5,0.5,0.40715456684645734,0.22852616924470343,0.6143201514662351,0.37713632472971137,0.09182978816031478,SN=2=0.2763;SN=3-4=0.3465;SN=5-8=0.3682;SN=9-12=0.3492;SN>=13=0.3487,0.37713632472971137,
53,v11+v11plus+v13+v14_avg3+v16_testhist_aug,5,NONE,"0.141,0.214,0.334,0.112,0.200","0.050,0.040,0.063,0.313,0.534","0.022,0.003,0.299,0.586,0.090",1.0,1.0,0.40715456684645734,0.22852616924470343,0.6143201514662351,0.37713632472971137,0.09182978816031478,SN=2=0.2763;SN=3-4=0.3465;SN=5-8=0.3682;SN=9-12=0.3492;SN>=13=0.3487,0.37713632472971137,
54,v11plus+v14_seed2+v16_testhist_aug,3,THR,"0.300,0.359,0.341","0.077,0.363,0.560","0.038,0.711,0.251",0.5,0.5,0.40851540740642517,0.23156652731514016,0.6115542893237615,0.37834363175337843,0.09584803033780642,SN=2=0.2739;SN=3-4=0.3505;SN=5-8=0.3698;SN=9-12=0.3534;SN>=13=0.3446,0.37710189564714314,
55,v11+v11plus+v12_5f+v13+v14_seed2+v16_testhist_aug,6,TEMP,"0.205,0.129,0.054,0.325,0.005,0.282","0.153,0.117,0.028,0.101,0.270,0.331","0.016,0.023,0.290,0.429,0.105,0.137",0.5,0.5,0.4068725070985014,0.22868527488044746,0.6149917359743575,0.37722145998645107,0.09407413358789862,SN=2=0.2754;SN=3-4=0.3494;SN=5-8=0.3695;SN=9-12=0.3496;SN>=13=0.3448,0.3768666722551697,
56,v11+v11plus+v12_5f+v13+v14_seed2+v16_testhist_aug,6,NONE,"0.205,0.129,0.054,0.325,0.005,0.282","0.153,0.117,0.028,0.101,0.270,0.331","0.016,0.023,0.290,0.429,0.105,0.137",1.0,1.0,0.4068725070985014,0.22868527488044746,0.6149917359743575,0.37722145998645107,0.09407413358789862,SN=2=0.2754;SN=3-4=0.3494;SN=5-8=0.3695;SN=9-12=0.3496;SN>=13=0.3448,0.3768666722551697,
57,v11+v12_5f+v13+v14_seed1,4,THR,"0.188,0.294,0.329,0.189","0.369,0.009,0.209,0.413","0.003,0.359,0.283,0.356",0.5,0.5,0.4083327038114529,0.23190102172372812,0.6156751409315346,0.3792285184003794,0.09816999798342663,SN=2=0.2770;SN=3-4=0.3538;SN=5-8=0.3751;SN=9-12=0.3502;SN>=13=0.3432,0.376825798471334,
58,v11+v13+v14_seed1+v16_testhist_aug,4,TEMP,"0.245,0.359,0.051,0.346","0.267,0.220,0.224,0.289","0.019,0.321,0.595,0.065",0.5,0.5,0.40522243342534525,0.22946229530593526,0.614737511543141,0.37682139380114044,0.09248076151152795,SN=2=0.2769;SN=3-4=0.3493;SN=5-8=0.3694;SN=9-12=0.3505;SN>=13=0.3423,0.37682139380114044,
59,v11+v13+v14_seed1+v16_testhist_aug,4,NONE,"0.245,0.359,0.051,0.346","0.267,0.220,0.224,0.289","0.019,0.321,0.595,0.065",1.0,1.0,0.40522243342534525,0.22946229530593526,0.614737511543141,0.37682139380114044,0.09248076151152795,SN=2=0.2769;SN=3-4=0.3493;SN=5-8=0.3694;SN=9-12=0.3505;SN>=13=0.3423,0.37682139380114044,
60,v11plus+v13+v14_avg3,3,THR,"0.304,0.283,0.413","0.122,0.235,0.643","0.047,0.264,0.690",0.5,0.5,0.4080508369451748,0.23027992702045852,0.6146221927553536,0.3782567441373241,0.09637874783742406,SN=2=0.2733;SN=3-4=0.3503;SN=5-8=0.3697;SN=9-12=0.3509;SN>=13=0.3477,0.37674964928127996,
61,v11+v13+v14_seed2+v16_testhist_aug,4,TEMP,"0.223,0.366,0.034,0.377","0.100,0.149,0.201,0.550","0.036,0.405,0.348,0.211",0.5,0.5,0.4056350411530221,0.22948077703784805,0.6133207304978606,0.37671047337592023,0.08829094352748734,SN=2=0.2781;SN=3-4=0.3474;SN=5-8=0.3664;SN=9-12=0.3477;SN>=13=0.3437,0.37671047337592023,
62,v11+v13+v14_seed2+v16_testhist_aug,4,NONE,"0.223,0.366,0.034,0.377","0.100,0.149,0.201,0.550","0.036,0.405,0.348,0.211",1.0,1.0,0.4056350411530221,0.22948077703784805,0.6133207304978606,0.37671047337592023,0.08829094352748734,SN=2=0.2781;SN=3-4=0.3474;SN=5-8=0.3664;SN=9-12=0.3477;SN>=13=0.3437,0.37671047337592023,
63,v11+v12_5f+v13+v14_seed0+v16_testhist_aug,5,THR,"0.346,0.002,0.355,0.045,0.252","0.258,0.013,0.046,0.324,0.359","0.018,0.440,0.282,0.033,0.227",0.5,0.5,0.41449656908385446,0.22819963784556602,0.6148750294090033,0.38005348865356886,0.10007421792390919,SN=2=0.2731;SN=3-4=0.3548;SN=5-8=0.3732;SN=9-12=0.3567;SN>=13=0.3425,0.3766986587542822,
64,v11+v11plus+v13+v14_seed2+v16_testhist_aug,5,TEMP,"0.258,0.086,0.362,0.016,0.278","0.009,0.073,0.131,0.201,0.586","0.043,0.032,0.308,0.331,0.287",0.5,0.5,0.40684106153032656,0.22823721756319645,0.6133318970743101,0.37669769105227124,0.09102943544880959,SN=2=0.2759;SN=3-4=0.3468;SN=5-8=0.3669;SN=9-12=0.3494;SN>=13=0.3462,0.37669769105227124,
65,v11+v11plus+v13+v14_seed2+v16_testhist_aug,5,NONE,"0.258,0.086,0.362,0.016,0.278","0.009,0.073,0.131,0.201,0.586","0.043,0.032,0.308,0.331,0.287",1.0,1.0,0.40684106153032656,0.22823721756319645,0.6133318970743101,0.37669769105227124,0.09102943544880959,SN=2=0.2759;SN=3-4=0.3468;SN=5-8=0.3669;SN=9-12=0.3494;SN>=13=0.3462,0.37669769105227124,
66,v11plus+v12_5f+v13+v14_avg3,4,THR,"0.289,0.007,0.287,0.416","0.271,0.015,0.216,0.497","0.040,0.329,0.184,0.447",0.5,0.5,0.40866995620724234,0.22975992717100394,0.6155091732130165,0.37847378799390186,0.09707211469152921,SN=2=0.2745;SN=3-4=0.3540;SN=5-8=0.3715;SN=9-12=0.3487;SN>=13=0.3425,0.37662000971080517,
67,v11+v11plus+v13+v14_seed1,4,THR,"0.051,0.216,0.364,0.369","0.376,0.014,0.278,0.333","0.010,0.017,0.330,0.643",0.5,0.5,0.4104971453295489,0.2269897816081246,0.6150282315540896,0.3780004170858873,0.0961451365068563,SN=2=0.2738;SN=3-4=0.3532;SN=5-8=0.3700;SN=9-12=0.3528;SN>=13=0.3440,0.37661012789512704,
68,v11+v12_5f+v13+v14_avg3+v16_testhist_aug,5,TEMP,"0.267,0.041,0.343,0.008,0.342","0.063,0.064,0.162,0.101,0.609","0.030,0.371,0.255,0.327,0.018",0.5,0.5,0.40502202847166924,0.22868355493180076,0.615430381357843,0.3765683096329566,0.08870496469755412,SN=2=0.2791;SN=3-4=0.3481;SN=5-8=0.3678;SN=9-12=0.3460;SN>=13=0.3444,0.3765683096329566,
69,v11+v12_5f+v13+v14_avg3+v16_testhist_aug,5,NONE,"0.267,0.041,0.343,0.008,0.342","0.063,0.064,0.162,0.101,0.609","0.030,0.371,0.255,0.327,0.018",1.0,1.0,0.40502202847166924,0.22868355493180076,0.615430381357843,0.3765683096329566,0.08870496469755412,SN=2=0.2791;SN=3-4=0.3481;SN=5-8=0.3678;SN=9-12=0.3460;SN>=13=0.3444,0.3765683096329566,
70,v11+v11plus+v13+v14_seed1+v16_testhist_aug,5,TEMP,"0.179,0.131,0.325,0.083,0.282","0.233,0.043,0.282,0.181,0.260","0.024,0.023,0.301,0.525,0.127",0.5,0.5,0.4079879651244266,0.22864252790061212,0.6150460894956202,0.3776614151091396,0.09567626851097905,SN=2=0.2758;SN=3-4=0.3483;SN=5-8=0.3715;SN=9-12=0.3544;SN>=13=0.3451,0.37650555991631796,
71,v11+v11plus+v13+v14_seed1+v16_testhist_aug,5,NONE,"0.179,0.131,0.325,0.083,0.282","0.233,0.043,0.282,0.181,0.260","0.024,0.023,0.301,0.525,0.127",1.0,1.0,0.4079879651244266,0.22864252790061212,0.6150460894956202,0.3776614151091396,0.09567626851097905,SN=2=0.2758;SN=3-4=0.3483;SN=5-8=0.3715;SN=9-12=0.3544;SN>=13=0.3451,0.37650555991631796,
72,v11+v11plus+v12_5f+v13+v14_seed1+v16_testhist_aug,6,TEMP,"0.190,0.220,0.038,0.333,0.010,0.208","0.015,0.055,0.207,0.106,0.035,0.582","0.003,0.052,0.448,0.310,0.111,0.076",0.5,0.5,0.4058094063886095,0.2276775910263582,0.6154067491230302,0.37647614879059316,0.08808761931024939,SN=2=0.2766;SN=3-4=0.3480;SN=5-8=0.3647;SN=9-12=0.3482;SN>=13=0.3443,0.37647614879059316,
73,v11+v11plus+v12_5f+v13+v14_seed1+v16_testhist_aug,6,NONE,"0.190,0.220,0.038,0.333,0.010,0.208","0.015,0.055,0.207,0.106,0.035,0.582","0.003,0.052,0.448,0.310,0.111,0.076",1.0,1.0,0.4058094063886095,0.2276775910263582,0.6154067491230302,0.37647614879059316,0.08808761931024939,SN=2=0.2766;SN=3-4=0.3480;SN=5-8=0.3647;SN=9-12=0.3482;SN>=13=0.3443,0.37647614879059316,
74,v11+v11plus+v12_5f+v13+v14_seed2,5,THR,"0.143,0.185,0.114,0.340,0.217","0.411,0.039,0.100,0.157,0.292","0.004,0.015,0.581,0.198,0.202",0.5,0.5,0.4113072698804686,0.22894837071042123,0.6149347224085793,0.37908920071807184,0.09873258640359117,SN=2=0.2736;SN=3-4=0.3561;SN=5-8=0.3724;SN=9-12=0.3546;SN>=13=0.3414,0.3764051865789442,
75,v11+v12_5f+v13+v16_testhist_aug,4,TEMP,"0.232,0.114,0.334,0.320","0.098,0.141,0.149,0.613","0.032,0.362,0.345,0.261",0.5,0.5,0.4051802253172237,0.22816451375663763,0.6147615509528821,0.37629020582012096,0.08920986001522818,SN=2=0.2776;SN=3-4=0.3481;SN=5-8=0.3668;SN=9-12=0.3459;SN>=13=0.3438,0.37629020582012096,
76,v11+v12_5f+v13+v16_testhist_aug,4,NONE,"0.232,0.114,0.334,0.320","0.098,0.141,0.149,0.613","0.032,0.362,0.345,0.261",1.0,1.0,0.4051802253172237,0.22816451375663763,0.6147615509528821,0.37629020582012096,0.08920986001522818,SN=2=0.2776;SN=3-4=0.3481;SN=5-8=0.3668;SN=9-12=0.3459;SN>=13=0.3438,0.37629020582012096,
77,v11+v13+v14_avg3,3,THR,"0.210,0.389,0.401","0.367,0.185,0.448","0.033,0.297,0.669",0.5,0.5,0.4087540296252155,0.2281634136316418,0.6143848997054968,0.3776439572438423,0.09608164260726776,SN=2=0.2731;SN=3-4=0.3545;SN=5-8=0.3691;SN=9-12=0.3498;SN>=13=0.3429,0.3762854150028764,
78,v11plus+v13+v14_seed1,3,THR,"0.271,0.323,0.407","0.231,0.278,0.491","0.031,0.342,0.627",0.5,0.5,0.4099382507581388,0.22848778401795594,0.6150968448611345,0.3783897828826648,0.09757736875387052,SN=2=0.2726;SN=3-4=0.3540;SN=5-8=0.3702;SN=9-12=0.3501;SN>=13=0.3457,0.37628337756839747,
79,v11+v12_5f+v13+v14_seed2+v16_testhist_aug,5,TEMP,"0.212,0.067,0.317,0.005,0.399","0.117,0.098,0.140,0.050,0.596","0.038,0.494,0.306,0.108,0.055",0.5,0.5,0.4044605620403204,0.22872202949953047,0.6150047395821701,0.3762739845323744,0.08822081505127938,SN=2=0.2787;SN=3-4=0.3471;SN=5-8=0.3669;SN=9-12=0.3464;SN>=13=0.3436,0.3762739845323744,
80,v11+v12_5f+v13+v14_seed2+v16_testhist_aug,5,NONE,"0.212,0.067,0.317,0.005,0.399","0.117,0.098,0.140,0.050,0.596","0.038,0.494,0.306,0.108,0.055",1.0,1.0,0.4044605620403204,0.22872202949953047,0.6150047395821701,0.3762739845323744,0.08822081505127938,SN=2=0.2787;SN=3-4=0.3471;SN=5-8=0.3669;SN=9-12=0.3464;SN>=13=0.3436,0.3762739845323744,
81,v11+v12_5f+v14_seed0+v16_testhist_aug,4,THR,"0.262,0.299,0.087,0.352","0.299,0.093,0.195,0.413","0.002,0.496,0.382,0.120",0.5,0.5,0.40939668004851687,0.22995257260108745,0.6131890079647145,0.37837750265278464,0.09763097142659877,SN=2=0.2733;SN=3-4=0.3513;SN=5-8=0.3709;SN=9-12=0.3539;SN>=13=0.3424,0.37624429600215314,
82,v11+v11plus+v13+v14_seed0+v16_testhist_aug,5,TEMP,"0.060,0.189,0.346,0.001,0.404","0.242,0.028,0.252,0.168,0.309","0.012,0.029,0.438,0.432,0.089",0.5,0.5,0.4058972065188128,0.22811981471431647,0.6131764296834988,0.3762420944299515,0.09279799568074093,SN=2=0.2759;SN=3-4=0.3456;SN=5-8=0.3687;SN=9-12=0.3507;SN>=13=0.3444,0.3762420944299515,
83,v11+v11plus+v13+v14_seed0+v16_testhist_aug,5,NONE,"0.060,0.189,0.346,0.001,0.404","0.242,0.028,0.252,0.168,0.309","0.012,0.029,0.438,0.432,0.089",1.0,1.0,0.4058972065188128,0.22811981471431647,0.6131764296834988,0.3762420944299515,0.09279799568074093,SN=2=0.2759;SN=3-4=0.3456;SN=5-8=0.3687;SN=9-12=0.3507;SN>=13=0.3444,0.3762420944299515,
84,v11plus+v12_5f+v13+v14_avg3+v16_testhist_aug,5,TEMP,"0.255,0.016,0.354,0.018,0.357","0.075,0.027,0.135,0.275,0.489","0.042,0.412,0.274,0.230,0.042",0.5,0.5,0.40509126597661355,0.22773089735936955,0.6155597148838877,0.3762408083111708,0.08721289221284428,SN=2=0.2777;SN=3-4=0.3468;SN=5-8=0.3649;SN=9-12=0.3464;SN>=13=0.3462,0.3762408083111708,
85,v11plus+v12_5f+v13+v14_avg3+v16_testhist_aug,5,NONE,"0.255,0.016,0.354,0.018,0.357","0.075,0.027,0.135,0.275,0.489","0.042,0.412,0.274,0.230,0.042",1.0,1.0,0.40509126597661355,0.22773089735936955,0.6155597148838877,0.3762408083111708,0.08721289221284428,SN=2=0.2777;SN=3-4=0.3468;SN=5-8=0.3649;SN=9-12=0.3464;SN>=13=0.3462,0.3762408083111708,
86,v11plus+v13+v14_seed2,3,THR,"0.269,0.331,0.400","0.271,0.235,0.494","0.043,0.403,0.554",0.5,0.5,0.41001283874508837,0.22997845565631203,0.6136265155686136,0.3787218208742829,0.09838822444248296,SN=2=0.2742;SN=3-4=0.3541;SN=5-8=0.3725;SN=9-12=0.3489;SN>=13=0.3430,0.37620998771570935,
87,v11+v12_5f+v13+v14_seed1+v16_testhist_aug,5,TEMP,"0.245,0.051,0.347,0.026,0.331","0.278,0.110,0.023,0.316,0.273","0.048,0.290,0.262,0.330,0.070",0.5,0.5,0.4048513119771437,0.22789554874824822,0.6155403441658003,0.37620681312331683,0.09203139234352126,SN=2=0.2765;SN=3-4=0.3497;SN=5-8=0.3685;SN=9-12=0.3513;SN>=13=0.3417,0.37620681312331683,
88,v11+v12_5f+v13+v14_seed1+v16_testhist_aug,5,NONE,"0.245,0.051,0.347,0.026,0.331","0.278,0.110,0.023,0.316,0.273","0.048,0.290,0.262,0.330,0.070",1.0,1.0,0.4048513119771437,0.22789554874824822,0.6155403441658003,0.37620681312331683,0.09203139234352126,SN=2=0.2765;SN=3-4=0.3497;SN=5-8=0.3685;SN=9-12=0.3513;SN>=13=0.3417,0.37620681312331683,
89,v11+v11plus+v14_avg3+v16_testhist_aug,4,THR,"0.190,0.223,0.293,0.294","0.103,0.047,0.322,0.528","0.008,0.043,0.739,0.210",0.5,0.5,0.41154582285611496,0.2323556880960226,0.6129565902880099,0.380151922438457,0.10127647880308144,SN=2=0.2733;SN=3-4=0.3527;SN=5-8=0.3746;SN=9-12=0.3552;SN>=13=0.3476,0.3761959620995842,
90,v11+v12_5f+v16_testhist_aug,3,THR,"0.280,0.395,0.325","0.323,0.270,0.407","0.034,0.590,0.376",0.5,0.5,0.4092225988144382,0.22842557861086937,0.6128330174414961,0.3776258744584223,0.09624021736104399,SN=2=0.2737;SN=3-4=0.3541;SN=5-8=0.3699;SN=9-12=0.3528;SN>=13=0.3373,0.3761880448405682,
91,v11+v13+v14_seed0+v16_testhist_aug,4,TEMP,"0.201,0.377,0.015,0.407","0.257,0.113,0.185,0.445","0.038,0.402,0.412,0.148",0.5,0.5,0.4044094709123619,0.22954484177145168,0.6129368392099591,0.37616909291551726,0.09200323306938835,SN=2=0.2754;SN=3-4=0.3484;SN=5-8=0.3674;SN=9-12=0.3516;SN>=13=0.3471,0.37616909291551726,
92,v11+v13+v14_seed0+v16_testhist_aug,4,NONE,"0.201,0.377,0.015,0.407","0.257,0.113,0.185,0.445","0.038,0.402,0.412,0.148",1.0,1.0,0.4044094709123619,0.22954484177145168,0.6129368392099591,0.37616909291551726,0.09200323306938835,SN=2=0.2754;SN=3-4=0.3484;SN=5-8=0.3674;SN=9-12=0.3516;SN>=13=0.3471,0.37616909291551726,
93,v11plus+v13+v14_seed1+v16_testhist_aug,4,TEMP,"0.271,0.293,0.051,0.385","0.072,0.127,0.239,0.562","0.024,0.361,0.606,0.008",0.5,0.5,0.4046930412789117,0.22816030192849485,0.6150040415680075,0.3761421455965641,0.08659840067102459,SN=2=0.2777;SN=3-4=0.3455;SN=5-8=0.3643;SN=9-12=0.3466;SN>=13=0.3487,0.3761421455965641,
94,v11plus+v13+v14_seed1+v16_testhist_aug,4,NONE,"0.271,0.293,0.051,0.385","0.072,0.127,0.239,0.562","0.024,0.361,0.606,0.008",1.0,1.0,0.4046930412789117,0.22816030192849485,0.6150040415680075,0.3761421455965641,0.08659840067102459,SN=2=0.2777;SN=3-4=0.3455;SN=5-8=0.3643;SN=9-12=0.3466;SN>=13=0.3487,0.3761421455965641,
95,v11+v12_5f+v13+v14_seed0+v16_testhist_aug,5,TEMP,"0.346,0.002,0.355,0.045,0.252","0.258,0.013,0.046,0.324,0.359","0.018,0.440,0.282,0.033,0.227",0.5,0.5,0.4042720826115043,0.22858823537058867,0.6148750294090033,0.37611913307463785,0.09252309378680201,SN=2=0.2755;SN=3-4=0.3478;SN=5-8=0.3680;SN=9-12=0.3532;SN>=13=0.3452,0.37611913307463785,
96,v11+v12_5f+v13+v14_seed0+v16_testhist_aug,5,NONE,"0.346,0.002,0.355,0.045,0.252","0.258,0.013,0.046,0.324,0.359","0.018,0.440,0.282,0.033,0.227",1.0,1.0,0.4042720826115043,0.22858823537058867,0.6148750294090033,0.37611913307463785,0.09252309378680201,SN=2=0.2755;SN=3-4=0.3478;SN=5-8=0.3680;SN=9-12=0.3532;SN>=13=0.3452,0.37611913307463785,
97,v11+v13+v14_avg3+v16_testhist_aug,4,TEMP,"0.259,0.410,0.024,0.307","0.248,0.135,0.283,0.333","0.009,0.292,0.638,0.061",0.5,0.5,0.40508132047545625,0.2291760766828709,0.6141678618550303,0.37653653123433695,0.09429744676275692,SN=2=0.2757;SN=3-4=0.3488;SN=5-8=0.3700;SN=9-12=0.3519;SN>=13=0.3451,0.3760700869156264,
98,v11+v13+v14_avg3+v16_testhist_aug,4,NONE,"0.259,0.410,0.024,0.307","0.248,0.135,0.283,0.333","0.009,0.292,0.638,0.061",1.0,1.0,0.40508132047545625,0.2291760766828709,0.6141678618550303,0.37653653123433695,0.09429744676275692,SN=2=0.2757;SN=3-4=0.3488;SN=5-8=0.3700;SN=9-12=0.3519;SN>=13=0.3451,0.3760700869156264,
99,v11plus+v12_5f+v13+v14_seed2+v16_testhist_aug,5,TEMP,"0.217,0.015,0.313,0.107,0.348","0.099,0.192,0.063,0.029,0.617","0.018,0.460,0.364,0.087,0.070",0.5,0.5,0.4044779197491756,0.22785418675884025,0.6151990457681055,0.3759726517568275,0.08887201348678236,SN=2=0.2778;SN=3-4=0.3463;SN=5-8=0.3667;SN=9-12=0.3438;SN>=13=0.3468,0.3759726517568275,
100,v11plus+v12_5f+v13+v14_seed2+v16_testhist_aug,5,NONE,"0.217,0.015,0.313,0.107,0.348","0.099,0.192,0.063,0.029,0.617","0.018,0.460,0.364,0.087,0.070",1.0,1.0,0.4044779197491756,0.22785418675884025,0.6151990457681055,0.3759726517568275,0.08887201348678236,SN=2=0.2778;SN=3-4=0.3463;SN=5-8=0.3667;SN=9-12=0.3438;SN>=13=0.3468,0.3759726517568275,
101,v11plus+v13+v14_avg3+v16_testhist_aug,4,TEMP,"0.287,0.316,0.133,0.264","0.041,0.121,0.242,0.596","0.028,0.283,0.647,0.041",0.5,0.5,0.40438730537719986,0.22824833077166096,0.6145839636912768,0.37597104719779967,0.08993353245110036,SN=2=0.2766;SN=3-4=0.3451;SN=5-8=0.3666;SN=9-12=0.3473;SN>=13=0.3482,0.37597104719779967,
102,v11plus+v13+v14_avg3+v16_testhist_aug,4,NONE,"0.287,0.316,0.133,0.264","0.041,0.121,0.242,0.596","0.028,0.283,0.647,0.041",1.0,1.0,0.40438730537719986,0.22824833077166096,0.6145839636912768,0.37597104719779967,0.08993353245110036,SN=2=0.2766;SN=3-4=0.3451;SN=5-8=0.3666;SN=9-12=0.3473;SN>=13=0.3482,0.37597104719779967,
103,v11+v11plus+v12_5f+v14_seed0+v16_testhist_aug,5,THR,"0.217,0.178,0.199,0.101,0.305","0.281,0.092,0.144,0.167,0.317","0.014,0.051,0.506,0.236,0.193",0.5,0.5,0.4112999583479115,0.23118605652541158,0.6133474650178404,0.37966389895289737,0.10079828243949501,SN=2=0.2740;SN=3-4=0.3522;SN=5-8=0.3748;SN=9-12=0.3561;SN>=13=0.3433,0.37594703679581776,
104,v11+v11plus+v12_5f+v13+v14_seed0+v16_testhist_aug,6,TEMP,"0.214,0.177,0.082,0.317,0.058,0.152","0.238,0.000,0.023,0.051,0.336,0.352","0.029,0.012,0.474,0.160,0.216,0.109",0.5,0.5,0.40519011269457345,0.22841212070845981,0.61472388252784,0.37638566986678135,0.09454499535356292,SN=2=0.2749;SN=3-4=0.3476;SN=5-8=0.3694;SN=9-12=0.3514;SN>=13=0.3462,0.3757954512526678,
105,v11+v11plus+v12_5f+v13+v14_seed0+v16_testhist_aug,6,NONE,"0.214,0.177,0.082,0.317,0.058,0.152","0.238,0.000,0.023,0.051,0.336,0.352","0.029,0.012,0.474,0.160,0.216,0.109",1.0,1.0,0.40519011269457345,0.22841212070845981,0.61472388252784,0.37638566986678135,0.09454499535356292,SN=2=0.2749;SN=3-4=0.3476;SN=5-8=0.3694;SN=9-12=0.3514;SN>=13=0.3462,0.3757954512526678,
106,v11+v13+v14_seed2,3,THR,"0.217,0.307,0.476","0.349,0.247,0.405","0.039,0.369,0.592",0.5,0.5,0.408986198627581,0.22838609844837382,0.6132858112255252,0.377606081075487,0.09701602958057282,SN=2=0.2715;SN=3-4=0.3547;SN=5-8=0.3685;SN=9-12=0.3514;SN>=13=0.3396,0.3757803453478685,
107,v11plus+v12_5f+v13+v14_seed1+v16_testhist_aug,5,TEMP,"0.175,0.065,0.329,0.058,0.373","0.061,0.046,0.144,0.183,0.566","0.041,0.316,0.375,0.245,0.023",0.5,0.5,0.40376613337873823,0.22773402833376727,0.6158201513111208,0.37576409494722635,0.08651422591635,SN=2=0.2776;SN=3-4=0.3463;SN=5-8=0.3641;SN=9-12=0.3454;SN>=13=0.3478,0.37576409494722635,
108,v11plus+v12_5f+v13+v14_seed1+v16_testhist_aug,5,NONE,"0.175,0.065,0.329,0.058,0.373","0.061,0.046,0.144,0.183,0.566","0.041,0.316,0.375,0.245,0.023",1.0,1.0,0.40376613337873823,0.22773402833376727,0.6158201513111208,0.37576409494722635,0.08651422591635,SN=2=0.2776;SN=3-4=0.3463;SN=5-8=0.3641;SN=9-12=0.3454;SN>=13=0.3478,0.37576409494722635,
109,v11plus+v12_5f+v13+v14_seed1,4,THR,"0.285,0.248,0.335,0.132","0.285,0.008,0.228,0.480","0.044,0.278,0.270,0.408",0.5,0.5,0.4088355244739681,0.22928916420895865,0.6160102091815443,0.3784519173094795,0.09874159381986697,SN=2=0.2742;SN=3-4=0.3538;SN=5-8=0.3729;SN=9-12=0.3499;SN>=13=0.3437,0.37576339946221393,
110,v11plus+v13+v14_seed2+v16_testhist_aug,4,TEMP,"0.223,0.417,0.076,0.284","0.040,0.099,0.317,0.543","0.043,0.403,0.459,0.094",0.5,0.5,0.40415645908261577,0.2279811684379022,0.6136696043294013,0.37558897187408746,0.0899914797848459,SN=2=0.2757;SN=3-4=0.3475;SN=5-8=0.3656;SN=9-12=0.3471;SN>=13=0.3477,0.37558897187408746,
111,v11plus+v13+v14_seed2+v16_testhist_aug,4,NONE,"0.223,0.417,0.076,0.284","0.040,0.099,0.317,0.543","0.043,0.403,0.459,0.094",1.0,1.0,0.40415645908261577,0.2279811684379022,0.6136696043294013,0.37558897187408746,0.0899914797848459,SN=2=0.2757;SN=3-4=0.3475;SN=5-8=0.3656;SN=9-12=0.3471;SN>=13=0.3477,0.37558897187408746,
112,v11+v12_5f+v13+v14_seed0,4,THR,"0.259,0.411,0.296,0.035","0.397,0.065,0.216,0.321","0.032,0.420,0.293,0.255",0.5,0.5,0.4081504721350419,0.22801994705003525,0.6149807645283446,0.3774643205796998,0.09711903008937472,SN=2=0.2724;SN=3-4=0.3537;SN=5-8=0.3696;SN=9-12=0.3514;SN>=13=0.3431,0.37558708459768037,
113,v11+v11plus+v12_5f+v13,4,THR,"0.229,0.166,0.264,0.341","0.386,0.089,0.173,0.352","0.033,0.004,0.686,0.277",0.5,0.5,0.41037124833585603,0.22756064214215269,0.6144997267480823,0.37807270154081996,0.09863983194075682,SN=2=0.2744;SN=3-4=0.3505;SN=5-8=0.3730;SN=9-12=0.3538;SN>=13=0.3402,0.3754350646331095,
114,v11plus+v13+v14_seed0+v16_testhist_aug,4,TEMP,"0.256,0.395,0.031,0.318","0.078,0.097,0.259,0.567","0.047,0.339,0.502,0.112",0.5,0.5,0.4042466588027933,0.22769483350088882,0.6131989154754287,0.37541638001655864,0.09055952451182753,SN=2=0.2756;SN=3-4=0.3454;SN=5-8=0.3662;SN=9-12=0.3476;SN>=13=0.3476,0.37541638001655864,
115,v11plus+v13+v14_seed0+v16_testhist_aug,4,NONE,"0.256,0.395,0.031,0.318","0.078,0.097,0.259,0.567","0.047,0.339,0.502,0.112",1.0,1.0,0.4042466588027933,0.22769483350088882,0.6131989154754287,0.37541638001655864,0.09055952451182753,SN=2=0.2756;SN=3-4=0.3454;SN=5-8=0.3662;SN=9-12=0.3476;SN>=13=0.3476,0.37541638001655864,
116,v11+v11plus+v12_5f+v13+v16_testhist_aug,5,TEMP,"0.153,0.142,0.067,0.367,0.270","0.306,0.001,0.188,0.116,0.389","0.016,0.007,0.608,0.317,0.052",0.5,0.5,0.40812302438997416,0.2279192886459938,0.6148347017645217,0.37738386556729153,0.09730700283160865,SN=2=0.2748;SN=3-4=0.3515;SN=5-8=0.3721;SN=9-12=0.3512;SN>=13=0.3430,0.37541264321415513,
117,v11+v11plus+v12_5f+v13+v16_testhist_aug,5,NONE,"0.153,0.142,0.067,0.367,0.270","0.306,0.001,0.188,0.116,0.389","0.016,0.007,0.608,0.317,0.052",1.0,1.0,0.40812302438997416,0.2279192886459938,0.6148347017645217,0.37738386556729153,0.09730700283160865,SN=2=0.2748;SN=3-4=0.3515;SN=5-8=0.3721;SN=9-12=0.3512;SN>=13=0.3430,0.37541264321415513,
118,v11+v11plus+v13+v14_seed2,4,THR,"0.144,0.218,0.367,0.271","0.283,0.074,0.277,0.365","0.029,0.031,0.380,0.560",0.5,0.5,0.4098690006965119,0.22986677022972266,0.613651080964204,0.3786245245633347,0.09984521497319437,SN=2=0.2737;SN=3-4=0.3528;SN=5-8=0.3735;SN=9-12=0.3546;SN>=13=0.3407,0.37538419613940543,
119,v11plus+v12_5f+v13+v14_seed0+v16_testhist_aug,5,TEMP,"0.289,0.065,0.274,0.050,0.322","0.046,0.205,0.096,0.048,0.606","0.041,0.516,0.290,0.100,0.052",0.5,0.5,0.40353473478697344,0.22733807780039678,0.6151564277130857,0.3753804105775652,0.08561465697051113,SN=2=0.2777;SN=3-4=0.3457;SN=5-8=0.3633;SN=9-12=0.3444;SN>=13=0.3449,0.3753804105775652,
120,v11plus+v12_5f+v13+v14_seed0+v16_testhist_aug,5,NONE,"0.289,0.065,0.274,0.050,0.322","0.046,0.205,0.096,0.048,0.606","0.041,0.516,0.290,0.100,0.052",1.0,1.0,0.40353473478697344,0.22733807780039678,0.6151564277130857,0.3753804105775652,0.08561465697051113,SN=2=0.2777;SN=3-4=0.3457;SN=5-8=0.3633;SN=9-12=0.3444;SN>=13=0.3449,0.3753804105775652,
121,v11plus+v12_5f+v13+v16_testhist_aug,4,TEMP,"0.253,0.127,0.252,0.368","0.108,0.192,0.117,0.583","0.044,0.407,0.376,0.173",0.5,0.5,0.40382276229116665,0.22703293374841954,0.6150175175317395,0.3753457819221824,0.09109765204811737,SN=2=0.2762;SN=3-4=0.3451;SN=5-8=0.3673;SN=9-12=0.3446;SN>=13=0.3457,0.3753457819221824,
122,v11plus+v12_5f+v13+v16_testhist_aug,4,NONE,"0.253,0.127,0.252,0.368","0.108,0.192,0.117,0.583","0.044,0.407,0.376,0.173",1.0,1.0,0.40382276229116665,0.22703293374841954,0.6150175175317395,0.3753457819221824,0.09109765204811737,SN=2=0.2762;SN=3-4=0.3451;SN=5-8=0.3673;SN=9-12=0.3446;SN>=13=0.3457,0.3753457819221824,
123,v11plus+v14_seed0+v16_testhist_aug,3,THR,"0.303,0.345,0.352","0.031,0.381,0.588","0.049,0.695,0.256",0.5,0.5,0.4087854183665707,0.230348430618219,0.6110858908803272,0.3778707177699813,0.09841810706599552,SN=2=0.2724;SN=3-4=0.3502;SN=5-8=0.3708;SN=9-12=0.3522;SN>=13=0.3449,0.3753439432996515,
124,v11+v12_5f+v14_seed2,3,THR,"0.273,0.607,0.120","0.411,0.132,0.457","0.017,0.529,0.454",0.5,0.5,0.40336371002909904,0.2297283095529135,0.6134213196191736,0.3759210717566397,0.094670797204494,SN=2=0.2718;SN=3-4=0.3523;SN=5-8=0.3664;SN=9-12=0.3533;SN>=13=0.3445,0.3752679522170606,
125,v11+v13+v16_testhist_aug,3,TEMP,"0.248,0.428,0.324","0.142,0.282,0.576","0.030,0.445,0.525",0.5,0.5,0.40531944092603883,0.22664832816188046,0.6119984127983018,0.3751867901948281,0.09213622540120531,SN=2=0.2754;SN=3-4=0.3475;SN=5-8=0.3675;SN=9-12=0.3447;SN>=13=0.3422,0.3751867901948281,
126,v11+v13+v16_testhist_aug,3,NONE,"0.248,0.428,0.324","0.142,0.282,0.576","0.030,0.445,0.525",1.0,1.0,0.40531944092603883,0.22664832816188046,0.6119984127983018,0.3751867901948281,0.09213622540120531,SN=2=0.2754;SN=3-4=0.3475;SN=5-8=0.3675;SN=9-12=0.3447;SN>=13=0.3422,0.3751867901948281,
127,v11+v11plus+v13+v14_seed0,4,THR,"0.255,0.090,0.360,0.294","0.334,0.052,0.243,0.370","0.038,0.001,0.470,0.491",0.5,0.5,0.4106068564505502,0.2301052977747385,0.6126725335895636,0.3788193684080282,0.10068257765457006,SN=2=0.2730;SN=3-4=0.3513;SN=5-8=0.3737;SN=9-12=0.3567;SN>=13=0.3443,0.37516035864341113,
128,v11+v11plus+v12_5f+v13+v14_avg3+v16_testhist_aug,6,THR,"0.191,0.165,0.145,0.246,0.032,0.220","0.348,0.068,0.132,0.203,0.037,0.212","0.013,0.031,0.489,0.371,0.040,0.057",0.5,0.5,0.4155935421229936,0.22708614107565114,0.6152070073374456,0.380113274746947,0.10349726577313778,SN=2=0.2720;SN=3-4=0.3554;SN=5-8=0.3755;SN=9-12=0.3552;SN>=13=0.3393,0.37504692092304603,
129,v11+v11plus+v12_5f+v13+v14_avg3,5,THR,"0.193,0.152,0.064,0.380,0.212","0.339,0.076,0.033,0.159,0.393","0.038,0.003,0.277,0.411,0.271",0.5,0.5,0.4110680810876415,0.2304860417475286,0.6151425020830195,0.37965014955067194,0.10284224690299743,SN=2=0.2738;SN=3-4=0.3515;SN=5-8=0.3766;SN=9-12=0.3564;SN>=13=0.3434,0.3749113051618411,
130,v11+v11plus+v12_5f+v14_avg3+v16_testhist_aug,5,TEMP,"0.190,0.149,0.252,0.134,0.275","0.152,0.033,0.068,0.296,0.451","0.026,0.004,0.249,0.556,0.165",0.5,0.5,0.4023094770620068,0.22764530980419845,0.6139108787827352,0.37476409050302917,0.09170185434529321,SN=2=0.2749;SN=3-4=0.3441;SN=5-8=0.3666;SN=9-12=0.3483;SN>=13=0.3466,0.37476409050302917,
131,v11+v11plus+v12_5f+v14_avg3+v16_testhist_aug,5,NONE,"0.190,0.149,0.252,0.134,0.275","0.152,0.033,0.068,0.296,0.451","0.026,0.004,0.249,0.556,0.165",1.0,1.0,0.4023094770620068,0.22764530980419845,0.6139108787827352,0.37476409050302917,0.09170185434529321,SN=2=0.2749;SN=3-4=0.3441;SN=5-8=0.3666;SN=9-12=0.3483;SN>=13=0.3466,0.37476409050302917,
132,v11plus+v13+v16_testhist_aug,3,TEMP,"0.223,0.401,0.376","0.059,0.334,0.607","0.035,0.487,0.478",0.5,0.5,0.4054235988680954,0.22535587873699514,0.6121880651439489,0.374749404070826,0.08619830015421365,SN=2=0.2769;SN=3-4=0.3446;SN=5-8=0.3631;SN=9-12=0.3442;SN>=13=0.3452,0.374749404070826,
133,v11plus+v13+v16_testhist_aug,3,NONE,"0.223,0.401,0.376","0.059,0.334,0.607","0.035,0.487,0.478",1.0,1.0,0.4054235988680954,0.22535587873699514,0.6121880651439489,0.374749404070826,0.08619830015421365,SN=2=0.2769;SN=3-4=0.3446;SN=5-8=0.3631;SN=9-12=0.3442;SN>=13=0.3452,0.374749404070826,
134,v11+v11plus+v12_5f+v14_seed2+v16_testhist_aug,5,TEMP,"0.134,0.187,0.190,0.197,0.291","0.046,0.025,0.104,0.200,0.625","0.031,0.024,0.406,0.396,0.144",0.5,0.5,0.4022964234318824,0.22769377306061284,0.6136343925676798,0.37472295711053405,0.08598405268254611,SN=2=0.2773;SN=3-4=0.3428;SN=5-8=0.3633;SN=9-12=0.3489;SN>=13=0.3466,0.37472295711053405,
135,v11+v11plus+v12_5f+v14_seed2+v16_testhist_aug,5,NONE,"0.134,0.187,0.190,0.197,0.291","0.046,0.025,0.104,0.200,0.625","0.031,0.024,0.406,0.396,0.144",1.0,1.0,0.4022964234318824,0.22769377306061284,0.6136343925676798,0.37472295711053405,0.08598405268254611,SN=2=0.2773;SN=3-4=0.3428;SN=5-8=0.3633;SN=9-12=0.3489;SN>=13=0.3466,0.37472295711053405,
136,v11+v11plus+v12_5f+v13+v14_seed1,5,THR,"0.161,0.157,0.093,0.335,0.254","0.324,0.046,0.115,0.112,0.402","0.030,0.037,0.297,0.249,0.386",0.5,0.5,0.41073965521642236,0.2274414455045044,0.6158154537418127,0.3784355310367332,0.10091401843502679,SN=2=0.2731;SN=3-4=0.3520;SN=5-8=0.3740;SN=9-12=0.3562;SN>=13=0.3432,0.37466080088188775,
137,v11+v11plus+v12_5f+v14_seed1+v16_testhist_aug,5,TEMP,"0.164,0.210,0.109,0.257,0.260","0.271,0.016,0.105,0.188,0.420","0.043,0.042,0.400,0.407,0.108",0.5,0.5,0.4024546429212176,0.22717524414555382,0.6139835085589803,0.37464865653850465,0.09306376699160862,SN=2=0.2745;SN=3-4=0.3445;SN=5-8=0.3675;SN=9-12=0.3542;SN>=13=0.3417,0.37464865653850465,
138,v11+v11plus+v12_5f+v14_seed1+v16_testhist_aug,5,NONE,"0.164,0.210,0.109,0.257,0.260","0.271,0.016,0.105,0.188,0.420","0.043,0.042,0.400,0.407,0.108",1.0,1.0,0.4024546429212176,0.22717524414555382,0.6139835085589803,0.37464865653850465,0.09306376699160862,SN=2=0.2745;SN=3-4=0.3445;SN=5-8=0.3675;SN=9-12=0.3542;SN>=13=0.3417,0.37464865653850465,
139,v11+v11plus+v14_avg3+v16_testhist_aug,4,TEMP,"0.190,0.223,0.293,0.294","0.103,0.047,0.322,0.528","0.008,0.043,0.739,0.210",0.5,0.5,0.4022284057346762,0.227336836770134,0.6129565902880099,0.3744174150595261,0.09106353663883715,SN=2=0.2749;SN=3-4=0.3423;SN=5-8=0.3659;SN=9-12=0.3500;SN>=13=0.3470,0.3744174150595261,
140,v11+v11plus+v14_avg3+v16_testhist_aug,4,NONE,"0.190,0.223,0.293,0.294","0.103,0.047,0.322,0.528","0.008,0.043,0.739,0.210",1.0,1.0,0.4022284057346762,0.227336836770134,0.6129565902880099,0.3744174150595261,0.09106353663883715,SN=2=0.2749;SN=3-4=0.3423;SN=5-8=0.3659;SN=9-12=0.3500;SN>=13=0.3470,0.3744174150595261,
141,v11+v12_5f+v14_seed1,3,THR,"0.260,0.577,0.163","0.415,0.108,0.476","0.022,0.326,0.652",0.5,0.5,0.40280723362415277,0.22757169779557476,0.6143027254519079,0.37501211765827264,0.09465674982362282,SN=2=0.2713;SN=3-4=0.3506;SN=5-8=0.3660;SN=9-12=0.3496;SN>=13=0.3437,0.37436602180912915,
142,v11+v12_5f+v13,3,THR,"0.275,0.446,0.279","0.484,0.177,0.339","0.017,0.646,0.337",0.5,0.5,0.40823716814595273,0.22568789308945872,0.614606803853281,0.37649138526482084,0.09786038266020858,SN=2=0.2718;SN=3-4=0.3526;SN=5-8=0.3696;SN=9-12=0.3513;SN>=13=0.3390,0.3742434729973845,
143,v11+v11plus+v13+v16_testhist_aug,4,TEMP,"0.124,0.187,0.352,0.337","0.322,0.049,0.316,0.314","0.001,0.045,0.373,0.581",0.5,0.5,0.4068916535629449,0.2263712127919192,0.6122104127356753,0.37574722908908076,0.0965993787130362,SN=2=0.2740;SN=3-4=0.3469;SN=5-8=0.3706;SN=9-12=0.3495;SN>=13=0.3420,0.37412981879523055,
144,v11+v11plus+v13+v16_testhist_aug,4,NONE,"0.124,0.187,0.352,0.337","0.322,0.049,0.316,0.314","0.001,0.045,0.373,0.581",1.0,1.0,0.4068916535629449,0.2263712127919192,0.6122104127356753,0.37574722908908076,0.0965993787130362,SN=2=0.2740;SN=3-4=0.3469;SN=5-8=0.3706;SN=9-12=0.3495;SN>=13=0.3420,0.37412981879523055,
145,v11+v11plus+v12_5f+v13+v14_avg3+v16_testhist_aug,6,TEMP,"0.191,0.165,0.145,0.246,0.032,0.220","0.348,0.068,0.132,0.203,0.037,0.212","0.013,0.031,0.489,0.371,0.040,0.057",0.5,0.5,0.4063247985853701,0.22703623314671556,0.6152070073374456,0.37638581416032335,0.09791662283546965,SN=2=0.2741;SN=3-4=0.3482;SN=5-8=0.3720;SN=9-12=0.3513;SN>=13=0.3402,0.37410978180525645,
146,v11+v11plus+v12_5f+v13+v14_avg3+v16_testhist_aug,6,NONE,"0.191,0.165,0.145,0.246,0.032,0.220","0.348,0.068,0.132,0.203,0.037,0.212","0.013,0.031,0.489,0.371,0.040,0.057",1.0,1.0,0.4063247985853701,0.22703623314671556,0.6152070073374456,0.37638581416032335,0.09791662283546965,SN=2=0.2741;SN=3-4=0.3482;SN=5-8=0.3720;SN=9-12=0.3513;SN>=13=0.3402,0.37410978180525645,
147,v11+v11plus+v14_seed1+v16_testhist_aug,4,TEMP,"0.166,0.217,0.287,0.331","0.307,0.021,0.462,0.211","0.018,0.057,0.748,0.177",0.5,0.5,0.4024603530194382,0.2260243278898031,0.6131044900831956,0.37401477038033565,0.09194036059685601,SN=2=0.2739;SN=3-4=0.3444;SN=5-8=0.3658;SN=9-12=0.3533;SN>=13=0.3424,0.37401477038033565,
148,v11+v11plus+v14_seed1+v16_testhist_aug,4,NONE,"0.166,0.217,0.287,0.331","0.307,0.021,0.462,0.211","0.018,0.057,0.748,0.177",1.0,1.0,0.4024603530194382,0.2260243278898031,0.6131044900831956,0.37401477038033565,0.09194036059685601,SN=2=0.2739;SN=3-4=0.3444;SN=5-8=0.3658;SN=9-12=0.3533;SN>=13=0.3424,0.37401477038033565,
149,v11+v12_5f+v13+v14_seed2,4,THR,"0.207,0.379,0.320,0.094","0.464,0.062,0.204,0.270","0.011,0.429,0.338,0.222",0.5,0.5,0.40811601028281397,0.22618578130149505,0.6151072750573949,0.37674217164520263,0.09898615614093653,SN=2=0.2731;SN=3-4=0.3542;SN=5-8=0.3720;SN=9-12=0.3492;SN>=13=0.3396,0.3739313726374023,
150,v11+v11plus+v12_5f+v16_testhist_aug,4,THR,"0.208,0.166,0.298,0.328","0.367,0.029,0.235,0.369","0.018,0.048,0.730,0.203",0.5,0.5,0.41046529876754484,0.22717273253438958,0.6127181994747448,0.3775988524157228,0.10077326562438288,SN=2=0.2730;SN=3-4=0.3501;SN=5-8=0.3737;SN=9-12=0.3528;SN>=13=0.3385,0.3738944986661993,
151,v11+v12_5f+v14_seed0,3,THR,"0.290,0.497,0.213","0.420,0.104,0.476","0.018,0.515,0.467",0.5,0.5,0.4038362006813007,0.229690565761143,0.6132950260850698,0.37606971179399146,0.09772712971397624,SN=2=0.2704;SN=3-4=0.3513;SN=5-8=0.3681;SN=9-12=0.3573;SN>=13=0.3489,0.37388842599967126,
152,v11plus+v12_5f+v14_seed2+v16_testhist_aug,4,TEMP,"0.329,0.284,0.125,0.263","0.116,0.105,0.170,0.609","0.038,0.472,0.428,0.062",0.5,0.5,0.4002912123886883,0.22747941483916279,0.6137540100006056,0.3738590528912616,0.08794477746456386,SN=2=0.2765;SN=3-4=0.3435;SN=5-8=0.3644;SN=9-12=0.3467;SN>=13=0.3445,0.3738590528912616,
153,v11plus+v12_5f+v14_seed2+v16_testhist_aug,4,NONE,"0.329,0.284,0.125,0.263","0.116,0.105,0.170,0.609","0.038,0.472,0.428,0.062",1.0,1.0,0.4002912123886883,0.22747941483916279,0.6137540100006056,0.3738590528912616,0.08794477746456386,SN=2=0.2765;SN=3-4=0.3435;SN=5-8=0.3644;SN=9-12=0.3467;SN>=13=0.3445,0.3738590528912616,
154,v11plus+v12_5f+v14_avg3+v16_testhist_aug,4,TEMP,"0.353,0.316,0.068,0.263","0.141,0.075,0.207,0.577","0.028,0.392,0.462,0.118",0.5,0.5,0.39973197696179075,0.22775907789949898,0.6142616259489758,0.37384874713431104,0.0871124378448151,SN=2=0.2755;SN=3-4=0.3434;SN=5-8=0.3626;SN=9-12=0.3477;SN>=13=0.3461,0.37384874713431104,
155,v11plus+v12_5f+v14_avg3+v16_testhist_aug,4,NONE,"0.353,0.316,0.068,0.263","0.141,0.075,0.207,0.577","0.028,0.392,0.462,0.118",1.0,1.0,0.39973197696179075,0.22775907789949898,0.6142616259489758,0.37384874713431104,0.0871124378448151,SN=2=0.2755;SN=3-4=0.3434;SN=5-8=0.3626;SN=9-12=0.3477;SN>=13=0.3461,0.37384874713431104,
156,v11+v12_5f+v14_seed2+v16_testhist_aug,4,TEMP,"0.263,0.369,0.034,0.334","0.074,0.110,0.295,0.521","0.033,0.528,0.300,0.139",0.5,0.5,0.39938856029941333,0.2283763653759848,0.6134821268836745,0.37380239564689416,0.0881417596191777,SN=2=0.2760;SN=3-4=0.3445;SN=5-8=0.3641;SN=9-12=0.3449;SN>=13=0.3443,0.37380239564689416,
157,v11+v12_5f+v14_seed2+v16_testhist_aug,4,NONE,"0.263,0.369,0.034,0.334","0.074,0.110,0.295,0.521","0.033,0.528,0.300,0.139",1.0,1.0,0.39938856029941333,0.2283763653759848,0.6134821268836745,0.37380239564689416,0.0881417596191777,SN=2=0.2760;SN=3-4=0.3445;SN=5-8=0.3641;SN=9-12=0.3449;SN>=13=0.3443,0.37380239564689416,
158,v11+v14_avg3+v16_testhist_aug,3,THR,"0.354,0.265,0.381","0.280,0.395,0.325","0.034,0.924,0.042",0.5,0.5,0.40894942095045017,0.22843150334842965,0.6128756231203782,0.3775274943436276,0.10099637725856142,SN=2=0.2711;SN=3-4=0.3508;SN=5-8=0.3721;SN=9-12=0.3547;SN>=13=0.3449,0.3737115847770148,
159,v11+v11plus+v13+v14_seed1,4,TEMP,"0.051,0.216,0.364,0.369","0.376,0.014,0.278,0.333","0.010,0.017,0.330,0.643",0.5,0.5,0.400330147405244,0.22608032227540895,0.6150282315540896,0.3735698341830791,0.0933268031448879,SN=2=0.2727;SN=3-4=0.3480;SN=5-8=0.3660;SN=9-12=0.3501;SN>=13=0.3423,0.3735698341830791,
160,v11+v11plus+v13+v14_seed1,4,NONE,"0.051,0.216,0.364,0.369","0.376,0.014,0.278,0.333","0.010,0.017,0.330,0.643",1.0,1.0,0.400330147405244,0.22608032227540895,0.6150282315540896,0.3735698341830791,0.0933268031448879,SN=2=0.2727;SN=3-4=0.3480;SN=5-8=0.3660;SN=9-12=0.3501;SN>=13=0.3423,0.3735698341830791,
161,v11plus+v12_5f+v14_seed1+v16_testhist_aug,4,TEMP,"0.285,0.219,0.095,0.402","0.088,0.083,0.269,0.560","0.022,0.420,0.492,0.066",0.5,0.5,0.39994332736943916,0.2266099406826517,0.6145368196827241,0.3735286711573812,0.08341599025113483,SN=2=0.2762;SN=3-4=0.3427;SN=5-8=0.3596;SN=9-12=0.3463;SN>=13=0.3473,0.3735286711573812,
162,v11plus+v12_5f+v14_seed1+v16_testhist_aug,4,NONE,"0.285,0.219,0.095,0.402","0.088,0.083,0.269,0.560","0.022,0.420,0.492,0.066",1.0,1.0,0.39994332736943916,0.2266099406826517,0.6145368196827241,0.3735286711573812,0.08341599025113483,SN=2=0.2762;SN=3-4=0.3427;SN=5-8=0.3596;SN=9-12=0.3463;SN>=13=0.3473,0.3735286711573812,
163,v11+v12_5f+v14_avg3+v16_testhist_aug,4,TEMP,"0.222,0.171,0.222,0.385","0.282,0.174,0.089,0.455","0.038,0.280,0.599,0.083",0.5,0.5,0.39905345462283687,0.22774389880308474,0.6139735519562535,0.3735136517616193,0.09330102733371004,SN=2=0.2735;SN=3-4=0.3448;SN=5-8=0.3668;SN=9-12=0.3493;SN>=13=0.3429,0.3735136517616193,
164,v11+v12_5f+v14_avg3+v16_testhist_aug,4,NONE,"0.222,0.171,0.222,0.385","0.282,0.174,0.089,0.455","0.038,0.280,0.599,0.083",1.0,1.0,0.39905345462283687,0.22774389880308474,0.6139735519562535,0.3735136517616193,0.09330102733371004,SN=2=0.2735;SN=3-4=0.3448;SN=5-8=0.3668;SN=9-12=0.3493;SN>=13=0.3429,0.3735136517616193,
165,v11+v11plus+v14_seed2+v16_testhist_aug,4,TEMP,"0.187,0.217,0.285,0.311","0.141,0.032,0.260,0.566","0.004,0.042,0.494,0.460",0.5,0.5,0.401469447852215,0.22655428625285903,0.6114208898239659,0.3734936716068228,0.0889926449881393,SN=2=0.2746;SN=3-4=0.3416;SN=5-8=0.3636;SN=9-12=0.3500;SN>=13=0.3451,0.3734936716068228,
166,v11+v11plus+v14_seed2+v16_testhist_aug,4,NONE,"0.187,0.217,0.285,0.311","0.141,0.032,0.260,0.566","0.004,0.042,0.494,0.460",1.0,1.0,0.401469447852215,0.22655428625285903,0.6114208898239659,0.3734936716068228,0.0889926449881393,SN=2=0.2746;SN=3-4=0.3416;SN=5-8=0.3636;SN=9-12=0.3500;SN>=13=0.3451,0.3734936716068228,
167,v11+v11plus+v16_testhist_aug,3,THR,"0.215,0.179,0.606","0.176,0.135,0.689","0.002,0.048,0.950",0.5,0.5,0.40587457631665874,0.22885681194688626,0.6082067425244035,0.3755339038102988,0.09746754334819824,SN=2=0.2713;SN=3-4=0.3490;SN=5-8=0.3688;SN=9-12=0.3509;SN>=13=0.3395,0.3734824111988676,
168,v11+v11plus+v14_seed0+v16_testhist_aug,4,TEMP,"0.282,0.159,0.354,0.204","0.193,0.028,0.449,0.329","0.032,0.053,0.662,0.252",0.5,0.5,0.40147591227135454,0.2267886230908917,0.6108801945223887,0.37348185304937626,0.0925613455381783,SN=2=0.2734;SN=3-4=0.3428;SN=5-8=0.3659;SN=9-12=0.3503;SN>=13=0.3448,0.37348185304937626,
169,v11+v11plus+v14_seed0+v16_testhist_aug,4,NONE,"0.282,0.159,0.354,0.204","0.193,0.028,0.449,0.329","0.032,0.053,0.662,0.252",1.0,1.0,0.40147591227135454,0.2267886230908917,0.6108801945223887,0.37348185304937626,0.0925613455381783,SN=2=0.2734;SN=3-4=0.3428;SN=5-8=0.3659;SN=9-12=0.3503;SN>=13=0.3448,0.37348185304937626,
170,v11+v12_5f+v14_seed1+v16_testhist_aug,4,TEMP,"0.270,0.356,0.009,0.365","0.229,0.200,0.091,0.479","0.016,0.408,0.558,0.019",0.5,0.5,0.39925161911912177,0.227201853303617,0.6143434755352207,0.37345008407613967,0.09250658345275287,SN=2=0.2744;SN=3-4=0.3456;SN=5-8=0.3669;SN=9-12=0.3494;SN>=13=0.3431,0.37345008407613967,
171,v11+v12_5f+v14_seed1+v16_testhist_aug,4,NONE,"0.270,0.356,0.009,0.365","0.229,0.200,0.091,0.479","0.016,0.408,0.558,0.019",1.0,1.0,0.39925161911912177,0.227201853303617,0.6143434755352207,0.37345008407613967,0.09250658345275287,SN=2=0.2744;SN=3-4=0.3456;SN=5-8=0.3669;SN=9-12=0.3494;SN>=13=0.3431,0.37345008407613967,
172,v11plus+v14_seed1+v16_testhist_aug,3,TEMP,"0.312,0.352,0.336","0.072,0.387,0.541","0.041,0.845,0.113",0.5,0.5,0.4003915814996642,0.22646743962382412,0.6132659962040966,0.37339680769021466,0.08576091679476311,SN=2=0.2752;SN=3-4=0.3424;SN=5-8=0.3609;SN=9-12=0.3480;SN>=13=0.3477,0.37339680769021466,
173,v11plus+v14_seed1+v16_testhist_aug,3,NONE,"0.312,0.352,0.336","0.072,0.387,0.541","0.041,0.845,0.113",1.0,1.0,0.4003915814996642,0.22646743962382412,0.6132659962040966,0.37339680769021466,0.08576091679476311,SN=2=0.2752;SN=3-4=0.3424;SN=5-8=0.3609;SN=9-12=0.3480;SN>=13=0.3477,0.37339680769021466,
174,v11plus+v13+v14_seed0,3,THR,"0.275,0.357,0.368","0.271,0.101,0.628","0.035,0.387,0.578",0.5,0.5,0.40903830739173735,0.22804612275081043,0.6131166760408483,0.3774571072651888,0.10151118828896499,SN=2=0.2715;SN=3-4=0.3518;SN=5-8=0.3730;SN=9-12=0.3511;SN>=13=0.3491,0.3733837921833742,
175,v11plus+v12_5f+v14_avg3,3,THR,"0.257,0.158,0.585","0.257,0.066,0.677","0.044,0.362,0.594",0.5,0.5,0.40237511559420913,0.22830218435999314,0.614376502083574,0.37514622039839574,0.09691095381516096,SN=2=0.2710;SN=3-4=0.3501;SN=5-8=0.3679;SN=9-12=0.3475;SN>=13=0.3454,0.37337302255348315,
176,v11plus+v12_5f+v14_seed0+v16_testhist_aug,4,TEMP,"0.294,0.197,0.137,0.372","0.138,0.102,0.192,0.568","0.038,0.553,0.333,0.076",0.5,0.5,0.39940874702581813,0.22722731560746623,0.6135855604539537,0.37337153714410454,0.08908238010646963,SN=2=0.2744;SN=3-4=0.3437;SN=5-8=0.3635;SN=9-12=0.3473;SN>=13=0.3457,0.37337153714410454,
177,v11plus+v12_5f+v14_seed0+v16_testhist_aug,4,NONE,"0.294,0.197,0.137,0.372","0.138,0.102,0.192,0.568","0.038,0.553,0.333,0.076",1.0,1.0,0.39940874702581813,0.22722731560746623,0.6135855604539537,0.37337153714410454,0.08908238010646963,SN=2=0.2744;SN=3-4=0.3437;SN=5-8=0.3635;SN=9-12=0.3473;SN>=13=0.3457,0.37337153714410454,
178,v11+v12_5f+v13+v14_avg3,4,THR,"0.273,0.218,0.340,0.170","0.364,0.065,0.204,0.367","0.031,0.357,0.321,0.291",0.5,0.5,0.410245423176561,0.2262085451546192,0.6154355875864079,0.3776687048497536,0.10202766170854632,SN=2=0.2720;SN=3-4=0.3530;SN=5-8=0.3740;SN=9-12=0.3511;SN>=13=0.3414,0.3733371530581484,
179,v11plus+v12_5f+v14_seed1,3,THR,"0.258,0.636,0.106","0.212,0.033,0.756","0.047,0.366,0.587",0.5,0.5,0.40249374979434227,0.22639890625775738,0.614553687120706,0.3744677998449811,0.09562984102539207,SN=2=0.2704;SN=3-4=0.3497;SN=5-8=0.3661;SN=9-12=0.3493;SN>=13=0.3459,0.37333515839495296,
180,v11plus+v12_5f+v13+v14_seed0,4,THR,"0.302,0.117,0.288,0.293","0.268,0.071,0.046,0.615","0.029,0.394,0.342,0.235",0.5,0.5,0.4086927104447768,0.22766587166203736,0.6152177646762774,0.37758698577798117,0.10191396238610578,SN=2=0.2711;SN=3-4=0.3532;SN=5-8=0.3730;SN=9-12=0.3502;SN>=13=0.3476,0.37331228364759617,
181,v11+v13+v14_seed0,3,THR,"0.268,0.397,0.336","0.365,0.117,0.518","0.038,0.406,0.556",0.5,0.5,0.4093757782610774,0.22585324917034916,0.6128179565070708,0.37665520227398475,0.10008363624185501,SN=2=0.2706;SN=3-4=0.3513;SN=5-8=0.3707;SN=9-12=0.3523;SN>=13=0.3438,0.37329566321572516,
182,v11+v11plus+v12_5f+v16_testhist_aug,4,TEMP,"0.208,0.166,0.298,0.328","0.367,0.029,0.235,0.369","0.018,0.048,0.730,0.203",0.5,0.5,0.4017222680202023,0.2267851844854941,0.6127181994747448,0.3739466208972276,0.09501946353081964,SN=2=0.2734;SN=3-4=0.3453;SN=5-8=0.3684;SN=9-12=0.3507;SN>=13=0.3419,0.37311916819448565,
183,v11+v11plus+v12_5f+v16_testhist_aug,4,NONE,"0.208,0.166,0.298,0.328","0.367,0.029,0.235,0.369","0.018,0.048,0.730,0.203",1.0,1.0,0.4017222680202023,0.2267851844854941,0.6127181994747448,0.3739466208972276,0.09501946353081964,SN=2=0.2734;SN=3-4=0.3453;SN=5-8=0.3684;SN=9-12=0.3507;SN>=13=0.3419,0.37311916819448565,
184,v11plus+v14_avg3+v16_testhist_aug,3,TEMP,"0.312,0.396,0.293","0.140,0.309,0.550","0.041,0.811,0.149",0.5,0.5,0.3991446923112782,0.2271054446704433,0.6130512743415195,0.3731103096609925,0.09161887539859642,SN=2=0.2733;SN=3-4=0.3432;SN=5-8=0.3650;SN=9-12=0.3479;SN>=13=0.3463,0.3731103096609925,
185,v11plus+v14_avg3+v16_testhist_aug,3,NONE,"0.312,0.396,0.293","0.140,0.309,0.550","0.041,0.811,0.149",1.0,1.0,0.3991446923112782,0.2271054446704433,0.6130512743415195,0.3731103096609925,0.09161887539859642,SN=2=0.2733;SN=3-4=0.3432;SN=5-8=0.3650;SN=9-12=0.3479;SN>=13=0.3463,0.3731103096609925,
186,v11+v12_5f+v14_avg3,3,THR,"0.278,0.661,0.061","0.418,0.128,0.453","0.021,0.411,0.567",0.5,0.5,0.40287415931900533,0.22829645965778206,0.6141657261462126,0.37530139281995745,0.0977803308351306,SN=2=0.2697;SN=3-4=0.3508;SN=5-8=0.3675;SN=9-12=0.3533;SN>=13=0.3447,0.37309350646506007,
187,v11plus+v12_5f+v16_testhist_aug,3,TEMP,"0.277,0.316,0.407","0.092,0.272,0.636","0.036,0.581,0.383",0.5,0.5,0.40022802653863004,0.2259169932559309,0.6130855244773468,0.37307511281329375,0.08205231355874265,SN=2=0.2765;SN=3-4=0.3433;SN=5-8=0.3586;SN=9-12=0.3435;SN>=13=0.3457,0.37307511281329375,
188,v11plus+v12_5f+v16_testhist_aug,3,NONE,"0.277,0.316,0.407","0.092,0.272,0.636","0.036,0.581,0.383",1.0,1.0,0.40022802653863004,0.2259169932559309,0.6130855244773468,0.37307511281329375,0.08205231355874265,SN=2=0.2765;SN=3-4=0.3433;SN=5-8=0.3586;SN=9-12=0.3435;SN>=13=0.3457,0.37307511281329375,
189,v11plus+v12_5f+v14_seed2,3,THR,"0.254,0.466,0.280","0.320,0.012,0.668","0.027,0.500,0.473",0.5,0.5,0.40269134394601785,0.2290242437865074,0.6136849948816254,0.3754232340693352,0.09808968387404976,SN=2=0.2714;SN=3-4=0.3518;SN=5-8=0.3695;SN=9-12=0.3484;SN>=13=0.3427,0.3730606711949782,
190,v11+v13+v14_seed1,3,THR,"0.314,0.344,0.342","0.379,0.265,0.356","0.030,0.269,0.701",0.5,0.5,0.40958280656442986,0.22660442474634376,0.6147467734320087,0.37742424721071116,0.10213670186770585,SN=2=0.2710;SN=3-4=0.3529;SN=5-8=0.3731;SN=9-12=0.3541;SN>=13=0.3428,0.37303817533952616,
191,v11+v11plus+v12_5f+v14_seed0+v16_testhist_aug,5,TEMP,"0.217,0.178,0.199,0.101,0.305","0.281,0.092,0.144,0.167,0.317","0.014,0.051,0.506,0.236,0.193",0.5,0.5,0.4021572955405385,0.22748986372768862,0.6133474650178404,0.37452835671085893,0.096358541448477,SN=2=0.2726;SN=3-4=0.3448;SN=5-8=0.3690;SN=9-12=0.3535;SN>=13=0.3436,0.37303136504928835,
192,v11+v11plus+v12_5f+v14_seed0+v16_testhist_aug,5,NONE,"0.217,0.178,0.199,0.101,0.305","0.281,0.092,0.144,0.167,0.317","0.014,0.051,0.506,0.236,0.193",1.0,1.0,0.4021572955405385,0.22748986372768862,0.6133474650178404,0.37452835671085893,0.096358541448477,SN=2=0.2726;SN=3-4=0.3448;SN=5-8=0.3690;SN=9-12=0.3535;SN>=13=0.3436,0.37303136504928835,
193,v11+v11plus+v12_5f+v14_avg3,4,THR,"0.125,0.219,0.473,0.183","0.294,0.080,0.106,0.521","0.018,0.040,0.353,0.589",0.5,0.5,0.40525862093443693,0.22987657455376126,0.6143318077251969,0.37692043974031864,0.10123540165544237,SN=2=0.2714;SN=3-4=0.3504;SN=5-8=0.3726;SN=9-12=0.3551;SN>=13=0.3465,0.3729850179752654,
194,v11+v12_5f+v14_seed0+v16_testhist_aug,4,TEMP,"0.262,0.299,0.087,0.352","0.299,0.093,0.195,0.413","0.002,0.496,0.382,0.120",0.5,0.5,0.39943614018989587,0.22802163988081806,0.6131890079647145,0.3736209136212285,0.09469093654657151,SN=2=0.2733;SN=3-4=0.3457;SN=5-8=0.3679;SN=9-12=0.3487;SN>=13=0.3448,0.3729577244106107,
195,v11+v12_5f+v14_seed0+v16_testhist_aug,4,NONE,"0.262,0.299,0.087,0.352","0.299,0.093,0.195,0.413","0.002,0.496,0.382,0.120",1.0,1.0,0.39943614018989587,0.22802163988081806,0.6131890079647145,0.3736209136212285,0.09469093654657151,SN=2=0.2733;SN=3-4=0.3457;SN=5-8=0.3679;SN=9-12=0.3487;SN>=13=0.3448,0.3729577244106107,
196,v11+v11plus+v12_5f+v13+v14_seed2,5,TEMP,"0.143,0.185,0.114,0.340,0.217","0.411,0.039,0.100,0.157,0.292","0.004,0.015,0.581,0.198,0.202",0.5,0.5,0.40004207581074414,0.22482880464184843,0.6149347224085793,0.37293529666275294,0.09330058137284508,SN=2=0.2714;SN=3-4=0.3482;SN=5-8=0.3647;SN=9-12=0.3500;SN>=13=0.3392,0.37293529666275294,
197,v11+v11plus+v12_5f+v13+v14_seed2,5,NONE,"0.143,0.185,0.114,0.340,0.217","0.411,0.039,0.100,0.157,0.292","0.004,0.015,0.581,0.198,0.202",1.0,1.0,0.40004207581074414,0.22482880464184843,0.6149347224085793,0.37293529666275294,0.09330058137284508,SN=2=0.2714;SN=3-4=0.3482;SN=5-8=0.3647;SN=9-12=0.3500;SN>=13=0.3392,0.37293529666275294,
198,v11+v14_seed1+v16_testhist_aug,3,TEMP,"0.351,0.262,0.386","0.119,0.397,0.484","0.040,0.762,0.198",0.5,0.5,0.3989734564720641,0.22669703917862644,0.6129247852644413,0.3728531553131645,0.08844318325704487,SN=2=0.2756;SN=3-4=0.3422;SN=5-8=0.3641;SN=9-12=0.3469;SN>=13=0.3431,0.3728531553131645,
199,v11+v14_seed1+v16_testhist_aug,3,NONE,"0.351,0.262,0.386","0.119,0.397,0.484","0.040,0.762,0.198",1.0,1.0,0.3989734564720641,0.22669703917862644,0.6129247852644413,0.3728531553131645,0.08844318325704487,SN=2=0.2756;SN=3-4=0.3422;SN=5-8=0.3641;SN=9-12=0.3469;SN>=13=0.3431,0.3728531553131645,
200,v11+v11plus+v14_avg3,3,THR,"0.215,0.247,0.539","0.320,0.081,0.599","0.027,0.031,0.942",0.5,0.5,0.40487670346414295,0.23085012293445645,0.6132136162642488,0.3769334538122895,0.10167978293534707,SN=2=0.2705;SN=3-4=0.3507;SN=5-8=0.3722;SN=9-12=0.3564;SN>=13=0.3446,0.37277584140728387,
201,v11+v12_5f+v13+v14_seed1,4,TEMP,"0.188,0.294,0.329,0.189","0.369,0.009,0.209,0.413","0.003,0.359,0.283,0.356",0.5,0.5,0.3985654597374125,0.2255305701095792,0.6156751409315346,0.3727734401251036,0.09205109061493327,SN=2=0.2729;SN=3-4=0.3492;SN=5-8=0.3649;SN=9-12=0.3466;SN>=13=0.3402,0.3727734401251036,
202,v11+v12_5f+v13+v14_seed1,4,NONE,"0.188,0.294,0.329,0.189","0.369,0.009,0.209,0.413","0.003,0.359,0.283,0.356",1.0,1.0,0.3985654597374125,0.2255305701095792,0.6156751409315346,0.3727734401251036,0.09205109061493327,SN=2=0.2729;SN=3-4=0.3492;SN=5-8=0.3649;SN=9-12=0.3466;SN>=13=0.3402,0.3727734401251036,
203,v11+v12_5f+v16_testhist_aug,3,TEMP,"0.280,0.395,0.325","0.323,0.270,0.407","0.034,0.590,0.376",0.5,0.5,0.40002731501252137,0.22695724517931967,0.6128330174414961,0.3733604275650357,0.09457463921761178,SN=2=0.2730;SN=3-4=0.3472;SN=5-8=0.3675;SN=9-12=0.3482;SN>=13=0.3414,0.3727553870188977,
204,v11+v12_5f+v16_testhist_aug,3,NONE,"0.280,0.395,0.325","0.323,0.270,0.407","0.034,0.590,0.376",1.0,1.0,0.40002731501252137,0.22695724517931967,0.6128330174414961,0.3733604275650357,0.09457463921761178,SN=2=0.2730;SN=3-4=0.3472;SN=5-8=0.3675;SN=9-12=0.3482;SN>=13=0.3414,0.3727553870188977,
205,v11+v12_5f+v13+v14_avg3,4,TEMP,"0.273,0.218,0.340,0.170","0.364,0.065,0.204,0.367","0.031,0.357,0.321,0.291",0.5,0.5,0.3989351677046742,0.22513694646101948,0.6154355875864079,0.3727159631835591,0.09291325278709206,SN=2=0.2724;SN=3-4=0.3480;SN=5-8=0.3653;SN=9-12=0.3483;SN>=13=0.3410,0.3727159631835591,
206,v11+v12_5f+v13+v14_avg3,4,NONE,"0.273,0.218,0.340,0.170","0.364,0.065,0.204,0.367","0.031,0.357,0.321,0.291",1.0,1.0,0.3989351677046742,0.22513694646101948,0.6154355875864079,0.3727159631835591,0.09291325278709206,SN=2=0.2724;SN=3-4=0.3480;SN=5-8=0.3653;SN=9-12=0.3483;SN>=13=0.3410,0.3727159631835591,
207,v11+v12_5f+v13+v14_seed0,4,TEMP,"0.259,0.411,0.296,0.035","0.397,0.065,0.216,0.321","0.032,0.420,0.293,0.255",0.5,0.5,0.3984727100714727,0.225800009977643,0.6149807645283446,0.3727052409253152,0.09196176877381868,SN=2=0.2724;SN=3-4=0.3481;SN=5-8=0.3643;SN=9-12=0.3467;SN>=13=0.3410,0.3727052409253152,
208,v11+v12_5f+v13+v14_seed0,4,NONE,"0.259,0.411,0.296,0.035","0.397,0.065,0.216,0.321","0.032,0.420,0.293,0.255",1.0,1.0,0.3984727100714727,0.225800009977643,0.6149807645283446,0.3727052409253152,0.09196176877381868,SN=2=0.2724;SN=3-4=0.3481;SN=5-8=0.3643;SN=9-12=0.3467;SN>=13=0.3410,0.3727052409253152,
209,v11+v14_avg3+v16_testhist_aug,3,TEMP,"0.354,0.265,0.381","0.280,0.395,0.325","0.034,0.924,0.042",0.5,0.5,0.39818410461858245,0.2269489344191607,0.6128756231203782,0.3726283402391729,0.09006300552204644,SN=2=0.2736;SN=3-4=0.3437;SN=5-8=0.3636;SN=9-12=0.3499;SN>=13=0.3417,0.3726283402391729,
210,v11+v14_avg3+v16_testhist_aug,3,NONE,"0.354,0.265,0.381","0.280,0.395,0.325","0.034,0.924,0.042",1.0,1.0,0.39818410461858245,0.2269489344191607,0.6128756231203782,0.3726283402391729,0.09006300552204644,SN=2=0.2736;SN=3-4=0.3437;SN=5-8=0.3636;SN=9-12=0.3499;SN>=13=0.3417,0.3726283402391729,
211,v11+v11plus+v13,3,THR,"0.258,0.262,0.480","0.457,0.008,0.535","0.059,0.067,0.874",0.5,0.5,0.40533304989174357,0.22719986703862732,0.6067871397197424,0.37437059471609685,0.09699341537334144,SN=2=0.2689;SN=3-4=0.3472;SN=5-8=0.3659;SN=9-12=0.3547;SN>=13=0.3358,0.3725561660920941,
212,v11+v11plus+v12_5f+v14_seed1,4,THR,"0.158,0.221,0.524,0.097","0.403,0.032,0.122,0.444","0.012,0.017,0.404,0.567",0.5,0.5,0.404706553955433,0.22758684401093876,0.6145788436831375,0.37583312792317625,0.09992038729388908,SN=2=0.2716;SN=3-4=0.3503;SN=5-8=0.3715;SN=9-12=0.3521;SN>=13=0.3443,0.3725552133388996,
213,v11+v11plus+v12_5f+v14_seed2,4,THR,"0.226,0.198,0.330,0.246","0.359,0.083,0.170,0.388","0.004,0.064,0.550,0.382",0.5,0.5,0.4044245361919125,0.2302913464772509,0.6134112425553737,0.3765686015787401,0.10139283088793044,SN=2=0.2709;SN=3-4=0.3489;SN=5-8=0.3723;SN=9-12=0.3546;SN>=13=0.3421,0.37255446519744284,
214,v11+v14_seed2+v16_testhist_aug,3,TEMP,"0.378,0.289,0.334","0.074,0.367,0.559","0.034,0.623,0.343",0.5,0.5,0.3982612741840492,0.2274945235415165,0.6112395901336084,0.372550237116948,0.08610844328770328,SN=2=0.2760;SN=3-4=0.3413;SN=5-8=0.3621;SN=9-12=0.3477;SN>=13=0.3447,0.372550237116948,
215,v11+v14_seed2+v16_testhist_aug,3,NONE,"0.378,0.289,0.334","0.074,0.367,0.559","0.034,0.623,0.343",1.0,1.0,0.3982612741840492,0.2274945235415165,0.6112395901336084,0.372550237116948,0.08610844328770328,SN=2=0.2760;SN=3-4=0.3413;SN=5-8=0.3621;SN=9-12=0.3477;SN>=13=0.3447,0.372550237116948,
216,v11plus+v14_seed2+v16_testhist_aug,3,TEMP,"0.300,0.359,0.341","0.077,0.363,0.560","0.038,0.711,0.251",0.5,0.5,0.39861392239027266,0.22684957410919765,0.6115542893237615,0.37249625646454043,0.08693069991144708,SN=2=0.2749;SN=3-4=0.3420;SN=5-8=0.3618;SN=9-12=0.3464;SN>=13=0.3447,0.37249625646454043,
217,v11plus+v14_seed2+v16_testhist_aug,3,NONE,"0.300,0.359,0.341","0.077,0.363,0.560","0.038,0.711,0.251",1.0,1.0,0.39861392239027266,0.22684957410919765,0.6115542893237615,0.37249625646454043,0.08693069991144708,SN=2=0.2749;SN=3-4=0.3420;SN=5-8=0.3618;SN=9-12=0.3464;SN>=13=0.3447,0.37249625646454043,
218,v11+v12_5f+v13+v14_seed2,4,TEMP,"0.207,0.379,0.320,0.094","0.464,0.062,0.204,0.270","0.011,0.429,0.338,0.222",0.5,0.5,0.39860861849101237,0.22467333996234973,0.6151072750573949,0.37233423839282387,0.09265337852488276,SN=2=0.2718;SN=3-4=0.3489;SN=5-8=0.3644;SN=9-12=0.3451;SN>=13=0.3399,0.37233423839282387,
219,v11+v12_5f+v13+v14_seed2,4,NONE,"0.207,0.379,0.320,0.094","0.464,0.062,0.204,0.270","0.011,0.429,0.338,0.222",1.0,1.0,0.39860861849101237,0.22467333996234973,0.6151072750573949,0.37233423839282387,0.09265337852488276,SN=2=0.2718;SN=3-4=0.3489;SN=5-8=0.3644;SN=9-12=0.3451;SN>=13=0.3399,0.37233423839282387,
220,v11+v14_seed0+v16_testhist_aug,3,TEMP,"0.349,0.292,0.359","0.291,0.292,0.417","0.030,0.721,0.249",0.5,0.5,0.3983167923148985,0.22709082051178547,0.6108112194195869,0.372325289014591,0.09230860683810499,SN=2=0.2730;SN=3-4=0.3432;SN=5-8=0.3653;SN=9-12=0.3514;SN>=13=0.3432,0.372325289014591,
221,v11+v14_seed0+v16_testhist_aug,3,NONE,"0.349,0.292,0.359","0.291,0.292,0.417","0.030,0.721,0.249",1.0,1.0,0.3983167923148985,0.22709082051178547,0.6108112194195869,0.372325289014591,0.09230860683810499,SN=2=0.2730;SN=3-4=0.3432;SN=5-8=0.3653;SN=9-12=0.3514;SN>=13=0.3432,0.372325289014591,
222,v11+v13+v14_avg3,3,TEMP,"0.210,0.389,0.401","0.367,0.185,0.448","0.033,0.297,0.669",0.5,0.5,0.39758761014876887,0.22577151765649256,0.6143848997054968,0.3722206310632039,0.09182555717206292,SN=2=0.2714;SN=3-4=0.3474;SN=5-8=0.3633;SN=9-12=0.3490;SN>=13=0.3414,0.3722206310632039,
223,v11+v13+v14_avg3,3,NONE,"0.210,0.389,0.401","0.367,0.185,0.448","0.033,0.297,0.669",1.0,1.0,0.39758761014876887,0.22577151765649256,0.6143848997054968,0.3722206310632039,0.09182555717206292,SN=2=0.2714;SN=3-4=0.3474;SN=5-8=0.3633;SN=9-12=0.3490;SN>=13=0.3414,0.3722206310632039,
224,v11+v11plus+v13+v14_seed2,4,TEMP,"0.144,0.218,0.367,0.271","0.283,0.074,0.277,0.365","0.029,0.031,0.380,0.560",0.5,0.5,0.3997153689669221,0.22537457190174742,0.613651080964204,0.3727661925403086,0.09455807482250511,SN=2=0.2716;SN=3-4=0.3459;SN=5-8=0.3661;SN=9-12=0.3519;SN>=13=0.3391,0.372169434191724,
225,v11+v11plus+v13+v14_seed2,4,NONE,"0.144,0.218,0.367,0.271","0.283,0.074,0.277,0.365","0.029,0.031,0.380,0.560",1.0,1.0,0.3997153689669221,0.22537457190174742,0.613651080964204,0.3727661925403086,0.09455807482250511,SN=2=0.2716;SN=3-4=0.3459;SN=5-8=0.3661;SN=9-12=0.3519;SN>=13=0.3391,0.372169434191724,
226,v11plus+v14_seed0+v16_testhist_aug,3,TEMP,"0.303,0.345,0.352","0.031,0.381,0.588","0.049,0.695,0.256",0.5,0.5,0.39864570892163015,0.2261218699298746,0.6110858908803272,0.3721242097166674,0.08412490206775147,SN=2=0.2745;SN=3-4=0.3410;SN=5-8=0.3587;SN=9-12=0.3462;SN>=13=0.3475,0.3721242097166674,
227,v11plus+v14_seed0+v16_testhist_aug,3,NONE,"0.303,0.345,0.352","0.031,0.381,0.588","0.049,0.695,0.256",1.0,1.0,0.39864570892163015,0.2261218699298746,0.6110858908803272,0.3721242097166674,0.08412490206775147,SN=2=0.2745;SN=3-4=0.3410;SN=5-8=0.3587;SN=9-12=0.3462;SN>=13=0.3475,0.3721242097166674,
228,v11+v13+v14_seed1,3,TEMP,"0.314,0.344,0.342","0.379,0.265,0.356","0.030,0.269,0.701",0.5,0.5,0.39756079619054296,0.22554576472258475,0.6147467734320087,0.37219197905165285,0.09365179599443157,SN=2=0.2715;SN=3-4=0.3471;SN=5-8=0.3652;SN=9-12=0.3508;SN>=13=0.3405,0.37204836011710496,
229,v11+v13+v14_seed1,3,NONE,"0.314,0.344,0.342","0.379,0.265,0.356","0.030,0.269,0.701",1.0,1.0,0.39756079619054296,0.22554576472258475,0.6147467734320087,0.37219197905165285,0.09365179599443157,SN=2=0.2715;SN=3-4=0.3471;SN=5-8=0.3652;SN=9-12=0.3508;SN>=13=0.3405,0.37204836011710496,
230,v11+v11plus+v14_seed2,3,THR,"0.201,0.228,0.570","0.351,0.074,0.575","0.002,0.066,0.932",0.5,0.5,0.4035210832538153,0.23099194500369252,0.6111644735787745,0.37603810601875803,0.10164080185421454,SN=2=0.2717;SN=3-4=0.3478;SN=5-8=0.3733;SN=9-12=0.3546;SN>=13=0.3433,0.3718999841543187,
231,v11+v13+v14_seed2,3,TEMP,"0.217,0.307,0.476","0.349,0.247,0.405","0.039,0.369,0.592",0.5,0.5,0.3970642300547125,0.22547042143012877,0.6132858112255252,0.3716710228390416,0.0887972696665903,SN=2=0.2713;SN=3-4=0.3475;SN=5-8=0.3601;SN=9-12=0.3474;SN>=13=0.3369,0.3716710228390416,
232,v11+v13+v14_seed2,3,NONE,"0.217,0.307,0.476","0.349,0.247,0.405","0.039,0.369,0.592",1.0,1.0,0.3970642300547125,0.22547042143012877,0.6132858112255252,0.3716710228390416,0.0887972696665903,SN=2=0.2713;SN=3-4=0.3475;SN=5-8=0.3601;SN=9-12=0.3474;SN>=13=0.3369,0.3716710228390416,
233,v11+v11plus+v12_5f+v14_seed0,4,THR,"0.219,0.174,0.210,0.397","0.315,0.112,0.188,0.385","0.013,0.015,0.434,0.538",0.5,0.5,0.40616263064223507,0.2276332867139871,0.6134094851438296,0.3762002639712548,0.102581494536018,SN=2=0.2693;SN=3-4=0.3517;SN=5-8=0.3719;SN=9-12=0.3531;SN>=13=0.3439,0.3715917957659137,
234,v11+v12_5f+v13,3,TEMP,"0.275,0.446,0.279","0.484,0.177,0.339","0.017,0.646,0.337",0.5,0.5,0.398272582925953,0.22329389301199337,0.614606803853281,0.37154795114583483,0.09305642981678747,SN=2=0.2706;SN=3-4=0.3483;SN=5-8=0.3637;SN=9-12=0.3435;SN>=13=0.3376,0.37154795114583483,
235,v11+v12_5f+v13,3,NONE,"0.275,0.446,0.279","0.484,0.177,0.339","0.017,0.646,0.337",1.0,1.0,0.398272582925953,0.22329389301199337,0.614606803853281,0.37154795114583483,0.09305642981678747,SN=2=0.2706;SN=3-4=0.3483;SN=5-8=0.3637;SN=9-12=0.3435;SN>=13=0.3376,0.37154795114583483,
236,v11+v11plus+v12_5f+v13+v14_avg3,5,TEMP,"0.193,0.152,0.064,0.380,0.212","0.339,0.076,0.033,0.159,0.393","0.038,0.003,0.277,0.411,0.271",0.5,0.5,0.3998843276428197,0.22535611214068715,0.6151425020830195,0.3731246763300067,0.09675948528681927,SN=2=0.2719;SN=3-4=0.3474;SN=5-8=0.3687;SN=9-12=0.3500;SN>=13=0.3407,0.37142721274926493,
237,v11+v11plus+v12_5f+v13+v14_avg3,5,NONE,"0.193,0.152,0.064,0.380,0.212","0.339,0.076,0.033,0.159,0.393","0.038,0.003,0.277,0.411,0.271",1.0,1.0,0.3998843276428197,0.22535611214068715,0.6151425020830195,0.3731246763300067,0.09675948528681927,SN=2=0.2719;SN=3-4=0.3474;SN=5-8=0.3687;SN=9-12=0.3500;SN>=13=0.3407,0.37142721274926493,
238,v11+v11plus+v12_5f+v13+v14_seed1,5,TEMP,"0.161,0.157,0.093,0.335,0.254","0.324,0.046,0.115,0.112,0.402","0.030,0.037,0.297,0.249,0.386",0.5,0.5,0.39985121733568013,0.22520273125330653,0.6158154537418127,0.3731846701839572,0.0969925213663036,SN=2=0.2723;SN=3-4=0.3475;SN=5-8=0.3693;SN=9-12=0.3511;SN>=13=0.3400,0.37137068856347333,
239,v11+v11plus+v12_5f+v13+v14_seed1,5,NONE,"0.161,0.157,0.093,0.335,0.254","0.324,0.046,0.115,0.112,0.402","0.030,0.037,0.297,0.249,0.386",1.0,1.0,0.39985121733568013,0.22520273125330653,0.6158154537418127,0.3731846701839572,0.0969925213663036,SN=2=0.2723;SN=3-4=0.3475;SN=5-8=0.3693;SN=9-12=0.3511;SN>=13=0.3400,0.37137068856347333,
240,v11+v13+v14_seed0,3,TEMP,"0.268,0.397,0.336","0.365,0.117,0.518","0.038,0.406,0.556",0.5,0.5,0.3972061420009332,0.22554444897135023,0.6128179565070708,0.3716638276903276,0.09397433201087668,SN=2=0.2709;SN=3-4=0.3456;SN=5-8=0.3648;SN=9-12=0.3494;SN>=13=0.3400,0.37135894074755715,
241,v11+v13+v14_seed0,3,NONE,"0.268,0.397,0.336","0.365,0.117,0.518","0.038,0.406,0.556",1.0,1.0,0.3972061420009332,0.22554444897135023,0.6128179565070708,0.3716638276903276,0.09397433201087668,SN=2=0.2709;SN=3-4=0.3456;SN=5-8=0.3648;SN=9-12=0.3494;SN>=13=0.3400,0.37135894074755715,
242,v11+v11plus+v14_seed1,3,THR,"0.188,0.272,0.540","0.228,0.146,0.627","0.047,0.024,0.929",0.5,0.5,0.40528837860038436,0.22818454324285967,0.613020672278529,0.37599330319300345,0.10278815644655459,SN=2=0.2688;SN=3-4=0.3501;SN=5-8=0.3716;SN=9-12=0.3517;SN>=13=0.3436,0.37128150403239407,
243,v11plus+v12_5f+v13+v14_seed2,4,TEMP,"0.270,0.243,0.284,0.203","0.142,0.006,0.295,0.557","0.031,0.381,0.316,0.271",0.5,0.5,0.39882435187906373,0.22144303436087007,0.6154191982798766,0.37119079415194883,0.08606200154598787,SN=2=0.2734;SN=3-4=0.3445;SN=5-8=0.3595;SN=9-12=0.3432;SN>=13=0.3395,0.37119079415194883,
244,v11plus+v12_5f+v13+v14_seed2,4,NONE,"0.270,0.243,0.284,0.203","0.142,0.006,0.295,0.557","0.031,0.381,0.316,0.271",1.0,1.0,0.39882435187906373,0.22144303436087007,0.6154191982798766,0.37119079415194883,0.08606200154598787,SN=2=0.2734;SN=3-4=0.3445;SN=5-8=0.3595;SN=9-12=0.3432;SN>=13=0.3395,0.37119079415194883,
245,v11plus+v12_5f+v13+v14_avg3,4,TEMP,"0.289,0.007,0.287,0.416","0.271,0.015,0.216,0.497","0.040,0.329,0.184,0.447",0.5,0.5,0.39885392502487255,0.22145569930607026,0.6155091732130165,0.37122568437498044,0.09353377077001107,SN=2=0.2720;SN=3-4=0.3433;SN=5-8=0.3655;SN=9-12=0.3443;SN>=13=0.3404,0.37114107805264285,
246,v11plus+v12_5f+v13+v14_avg3,4,NONE,"0.289,0.007,0.287,0.416","0.271,0.015,0.216,0.497","0.040,0.329,0.184,0.447",1.0,1.0,0.39885392502487255,0.22145569930607026,0.6155091732130165,0.37122568437498044,0.09353377077001107,SN=2=0.2720;SN=3-4=0.3433;SN=5-8=0.3655;SN=9-12=0.3443;SN>=13=0.3404,0.37114107805264285,
247,v11+v11plus+v12_5f+v13+v14_seed0,5,TEMP,"0.171,0.144,0.078,0.385,0.221","0.309,0.103,0.083,0.204,0.302","0.011,0.025,0.584,0.151,0.229",0.5,0.5,0.3999351266361908,0.22549177271820592,0.6147020840240869,0.3731111765465761,0.09734730234199002,SN=2=0.2728;SN=3-4=0.3471;SN=5-8=0.3701;SN=9-12=0.3506;SN>=13=0.3409,0.371119804438249,
248,v11+v11plus+v12_5f+v13+v14_seed0,5,NONE,"0.171,0.144,0.078,0.385,0.221","0.309,0.103,0.083,0.204,0.302","0.011,0.025,0.584,0.151,0.229",1.0,1.0,0.3999351266361908,0.22549177271820592,0.6147020840240869,0.3731111765465761,0.09734730234199002,SN=2=0.2728;SN=3-4=0.3471;SN=5-8=0.3701;SN=9-12=0.3506;SN>=13=0.3409,0.371119804438249,
249,v11plus+v13+v14_avg3,3,TEMP,"0.304,0.283,0.413","0.122,0.235,0.643","0.047,0.264,0.690",0.5,0.5,0.39823877274106856,0.22215756200046485,0.6146221927553536,0.37108297244768407,0.0917921103291841,SN=2=0.2728;SN=3-4=0.3411;SN=5-8=0.3646;SN=9-12=0.3445;SN>=13=0.3434,0.37108297244768407,
250,v11plus+v13+v14_avg3,3,NONE,"0.304,0.283,0.413","0.122,0.235,0.643","0.047,0.264,0.690",1.0,1.0,0.39823877274106856,0.22215756200046485,0.6146221927553536,0.37108297244768407,0.0917921103291841,SN=2=0.2728;SN=3-4=0.3411;SN=5-8=0.3646;SN=9-12=0.3445;SN>=13=0.3434,0.37108297244768407,
251,v11plus+v12_5f+v13+v14_seed1,4,TEMP,"0.285,0.248,0.335,0.132","0.285,0.008,0.228,0.480","0.044,0.278,0.270,0.408",0.5,0.5,0.3991814678161603,0.22045750978631556,0.6160102091815443,0.3710576328772992,0.09125994854140185,SN=2=0.2714;SN=3-4=0.3436;SN=5-8=0.3626;SN=9-12=0.3446;SN>=13=0.3422,0.3710576328772992,
252,v11plus+v12_5f+v13+v14_seed1,4,NONE,"0.285,0.248,0.335,0.132","0.285,0.008,0.228,0.480","0.044,0.278,0.270,0.408",1.0,1.0,0.3991814678161603,0.22045750978631556,0.6160102091815443,0.3710576328772992,0.09125994854140185,SN=2=0.2714;SN=3-4=0.3436;SN=5-8=0.3626;SN=9-12=0.3446;SN>=13=0.3422,0.3710576328772992,
253,v11+v11plus+v13+v14_avg3,4,TEMP,"0.138,0.071,0.344,0.446","0.396,0.050,0.105,0.448","0.041,0.032,0.103,0.823",0.5,0.5,0.3996476087219397,0.22523108716820645,0.6138266793804914,0.37271681423215675,0.09689708229117389,SN=2=0.2710;SN=3-4=0.3477;SN=5-8=0.3679;SN=9-12=0.3489;SN>=13=0.3406,0.3709505521492377,
254,v11+v11plus+v13+v14_avg3,4,NONE,"0.138,0.071,0.344,0.446","0.396,0.050,0.105,0.448","0.041,0.032,0.103,0.823",1.0,1.0,0.3996476087219397,0.22523108716820645,0.6138266793804914,0.37271681423215675,0.09689708229117389,SN=2=0.2710;SN=3-4=0.3477;SN=5-8=0.3679;SN=9-12=0.3489;SN>=13=0.3406,0.3709505521492377,
255,v11+v11plus+v13+v14_seed0,4,TEMP,"0.255,0.090,0.360,0.294","0.334,0.052,0.243,0.370","0.038,0.001,0.470,0.491",0.5,0.5,0.4002144397868449,0.22526076684668944,0.6126725335895636,0.37272458937132646,0.09701483632078123,SN=2=0.2713;SN=3-4=0.3445;SN=5-8=0.3683;SN=9-12=0.3503;SN>=13=0.3441,0.37089945027360377,
256,v11+v11plus+v13+v14_seed0,4,NONE,"0.255,0.090,0.360,0.294","0.334,0.052,0.243,0.370","0.038,0.001,0.470,0.491",1.0,1.0,0.4002144397868449,0.22526076684668944,0.6126725335895636,0.37272458937132646,0.09701483632078123,SN=2=0.2713;SN=3-4=0.3445;SN=5-8=0.3683;SN=9-12=0.3503;SN>=13=0.3441,0.37089945027360377,
257,v11plus+v12_5f+v13+v14_seed0,4,TEMP,"0.302,0.117,0.288,0.293","0.268,0.071,0.046,0.615","0.029,0.394,0.342,0.235",0.5,0.5,0.39829788491795437,0.22120131473973648,0.6152177646762774,0.37084323279833187,0.09250484391506913,SN=2=0.2721;SN=3-4=0.3429;SN=5-8=0.3646;SN=9-12=0.3432;SN>=13=0.3425,0.37084323279833187,
258,v11plus+v12_5f+v13+v14_seed0,4,NONE,"0.302,0.117,0.288,0.293","0.268,0.071,0.046,0.615","0.029,0.394,0.342,0.235",1.0,1.0,0.39829788491795437,0.22120131473973648,0.6152177646762774,0.37084323279833187,0.09250484391506913,SN=2=0.2721;SN=3-4=0.3429;SN=5-8=0.3646;SN=9-12=0.3432;SN>=13=0.3425,0.37084323279833187,
259,v11plus+v12_5f+v14_seed0,3,THR,"0.271,0.386,0.343","0.246,0.001,0.753","0.027,0.568,0.405",0.5,0.5,0.4027710564284389,0.22502872029570725,0.6135452002189764,0.3738289507334538,0.09974625463794323,SN=2=0.2680;SN=3-4=0.3511;SN=5-8=0.3677;SN=9-12=0.3470;SN>=13=0.3445,0.3706381024771501,
260,v11+v11plus+v12_5f,3,THR,"0.168,0.217,0.615","0.538,0.016,0.446","0.015,0.048,0.936",0.5,0.5,0.4050046827072941,0.22359257447410008,0.6120178982019314,0.373842482512944,0.0998539228260849,SN=2=0.2696;SN=3-4=0.3492;SN=5-8=0.3695;SN=9-12=0.3499;SN>=13=0.3391,0.3705978001625695,
261,v11plus+v13+v14_seed1,3,TEMP,"0.271,0.323,0.407","0.231,0.278,0.491","0.031,0.342,0.627",0.5,0.5,0.39907077604044144,0.22063359049685874,0.6150968448611345,0.370901115587147,0.09405517773134636,SN=2=0.2704;SN=3-4=0.3438;SN=5-8=0.3644;SN=9-12=0.3464;SN>=13=0.3433,0.3705558057841417,
262,v11plus+v13+v14_seed1,3,NONE,"0.271,0.323,0.407","0.231,0.278,0.491","0.031,0.342,0.627",1.0,1.0,0.39907077604044144,0.22063359049685874,0.6150968448611345,0.370901115587147,0.09405517773134636,SN=2=0.2704;SN=3-4=0.3438;SN=5-8=0.3644;SN=9-12=0.3464;SN>=13=0.3433,0.3705558057841417,
263,v11+v11plus+v12_5f+v13,4,TEMP,"0.229,0.166,0.264,0.341","0.386,0.089,0.173,0.352","0.033,0.004,0.686,0.277",0.5,0.5,0.3996767064830337,0.2240105694545774,0.6144997267480823,0.3723748557246609,0.09717328286241927,SN=2=0.2712;SN=3-4=0.3474;SN=5-8=0.3684;SN=9-12=0.3481;SN>=13=0.3377,0.37047049335611915,
264,v11+v11plus+v12_5f+v13,4,NONE,"0.229,0.166,0.264,0.341","0.386,0.089,0.173,0.352","0.033,0.004,0.686,0.277",1.0,1.0,0.3996767064830337,0.2240105694545774,0.6144997267480823,0.3723748557246609,0.09717328286241927,SN=2=0.2712;SN=3-4=0.3474;SN=5-8=0.3684;SN=9-12=0.3481;SN>=13=0.3377,0.37047049335611915,
265,v11+v11plus+v12_5f+v14_avg3,4,TEMP,"0.125,0.219,0.473,0.183","0.294,0.080,0.106,0.521","0.018,0.040,0.353,0.589",0.5,0.5,0.3940469916699365,0.2247617592166991,0.6143318077251969,0.37038986189969364,0.08916655876789542,SN=2=0.2722;SN=3-4=0.3416;SN=5-8=0.3614;SN=9-12=0.3483;SN>=13=0.3386,0.37038986189969364,
266,v11+v11plus+v12_5f+v14_avg3,4,NONE,"0.125,0.219,0.473,0.183","0.294,0.080,0.106,0.521","0.018,0.040,0.353,0.589",1.0,1.0,0.3940469916699365,0.2247617592166991,0.6143318077251969,0.37038986189969364,0.08916655876789542,SN=2=0.2722;SN=3-4=0.3416;SN=5-8=0.3614;SN=9-12=0.3483;SN>=13=0.3386,0.37038986189969364,
267,v11+v11plus+v12_5f+v14_seed1,4,TEMP,"0.158,0.221,0.524,0.097","0.403,0.032,0.122,0.444","0.012,0.017,0.404,0.567",0.5,0.5,0.3942754103329371,0.2239075287144184,0.6145788436831375,0.3701889443555697,0.09072191394930801,SN=2=0.2707;SN=3-4=0.3428;SN=5-8=0.3614;SN=9-12=0.3470;SN>=13=0.3390,0.3701889443555697,
268,v11+v11plus+v12_5f+v14_seed1,4,NONE,"0.158,0.221,0.524,0.097","0.403,0.032,0.122,0.444","0.012,0.017,0.404,0.567",1.0,1.0,0.3942754103329371,0.2239075287144184,0.6145788436831375,0.3701889443555697,0.09072191394930801,SN=2=0.2707;SN=3-4=0.3428;SN=5-8=0.3614;SN=9-12=0.3470;SN>=13=0.3390,0.3701889443555697,
269,v11+v11plus+v12_5f+v14_seed2,4,TEMP,"0.226,0.198,0.330,0.246","0.359,0.083,0.170,0.388","0.004,0.064,0.550,0.382",0.5,0.5,0.3940488721853298,0.22359585210768543,0.6134112425553737,0.36974013822828083,0.09303373121397107,SN=2=0.2697;SN=3-4=0.3427;SN=5-8=0.3627;SN=9-12=0.3487;SN>=13=0.3377,0.36974013822828083,
270,v11+v11plus+v12_5f+v14_seed2,4,NONE,"0.226,0.198,0.330,0.246","0.359,0.083,0.170,0.388","0.004,0.064,0.550,0.382",1.0,1.0,0.3940488721853298,0.22359585210768543,0.6134112425553737,0.36974013822828083,0.09303373121397107,SN=2=0.2697;SN=3-4=0.3427;SN=5-8=0.3627;SN=9-12=0.3487;SN>=13=0.3377,0.36974013822828083,
271,v11plus+v13+v14_seed2,3,TEMP,"0.269,0.331,0.400","0.271,0.235,0.494","0.043,0.403,0.554",0.5,0.5,0.3988951217667454,0.2216030817224087,0.6136265155686136,0.37092458450938437,0.09581235425786266,SN=2=0.2702;SN=3-4=0.3439;SN=5-8=0.3660;SN=9-12=0.3455;SN>=13=0.3420,0.36970068644312093,
272,v11plus+v13+v14_seed2,3,NONE,"0.269,0.331,0.400","0.271,0.235,0.494","0.043,0.403,0.554",1.0,1.0,0.3988951217667454,0.2216030817224087,0.6136265155686136,0.37092458450938437,0.09581235425786266,SN=2=0.2702;SN=3-4=0.3439;SN=5-8=0.3660;SN=9-12=0.3455;SN>=13=0.3420,0.36970068644312093,
273,v11plus+v13+v14_seed0,3,TEMP,"0.275,0.357,0.368","0.271,0.101,0.628","0.035,0.387,0.578",0.5,0.5,0.39797325120026916,0.22178935670410116,0.6131166760408483,0.3705283783699178,0.09512979223257634,SN=2=0.2702;SN=3-4=0.3428;SN=5-8=0.3653;SN=9-12=0.3443;SN>=13=0.3433,0.36964576131629756,
274,v11plus+v13+v14_seed0,3,NONE,"0.275,0.357,0.368","0.271,0.101,0.628","0.035,0.387,0.578",1.0,1.0,0.39797325120026916,0.22178935670410116,0.6131166760408483,0.3705283783699178,0.09512979223257634,SN=2=0.2702;SN=3-4=0.3428;SN=5-8=0.3653;SN=9-12=0.3443;SN>=13=0.3433,0.36964576131629756,
275,v11+v12_5f+v14_avg3,3,TEMP,"0.278,0.661,0.061","0.418,0.128,0.453","0.021,0.411,0.567",0.5,0.5,0.3922514087160813,0.22429735171416768,0.6141657261462126,0.36945264940134215,0.09026764908825635,SN=2=0.2697;SN=3-4=0.3439;SN=5-8=0.3600;SN=9-12=0.3456;SN>=13=0.3404,0.36945264940134215,
276,v11+v12_5f+v14_avg3,3,NONE,"0.278,0.661,0.061","0.418,0.128,0.453","0.021,0.411,0.567",1.0,1.0,0.3922514087160813,0.22429735171416768,0.6141657261462126,0.36945264940134215,0.09026764908825635,SN=2=0.2697;SN=3-4=0.3439;SN=5-8=0.3600;SN=9-12=0.3456;SN>=13=0.3404,0.36945264940134215,
277,v11+v12_5f+v14_seed1,3,TEMP,"0.260,0.577,0.163","0.415,0.108,0.476","0.022,0.326,0.652",0.5,0.5,0.3918733005536966,0.22391798607078922,0.6143027254519079,0.36917705974017595,0.09244209703390227,SN=2=0.2692;SN=3-4=0.3437;SN=5-8=0.3617;SN=9-12=0.3446;SN>=13=0.3396,0.36917705974017595,
278,v11+v12_5f+v14_seed1,3,NONE,"0.260,0.577,0.163","0.415,0.108,0.476","0.022,0.326,0.652",1.0,1.0,0.3918733005536966,0.22391798607078922,0.6143027254519079,0.36917705974017595,0.09244209703390227,SN=2=0.2692;SN=3-4=0.3437;SN=5-8=0.3617;SN=9-12=0.3446;SN>=13=0.3396,0.36917705974017595,
279,v11+v11plus+v14_avg3,3,TEMP,"0.215,0.247,0.539","0.320,0.081,0.599","0.027,0.031,0.942",0.5,0.5,0.39341087385268625,0.224308515224687,0.6132136162642488,0.36973047888379906,0.09447974192565134,SN=2=0.2690;SN=3-4=0.3397;SN=5-8=0.3635;SN=9-12=0.3514;SN>=13=0.3410,0.3691728869836413,
280,v11+v11plus+v14_avg3,3,NONE,"0.215,0.247,0.539","0.320,0.081,0.599","0.027,0.031,0.942",1.0,1.0,0.39341087385268625,0.224308515224687,0.6132136162642488,0.36973047888379906,0.09447974192565134,SN=2=0.2690;SN=3-4=0.3397;SN=5-8=0.3635;SN=9-12=0.3514;SN>=13=0.3410,0.3691728869836413,
281,v11+v12_5f+v14_seed0,3,TEMP,"0.290,0.497,0.213","0.420,0.104,0.476","0.018,0.515,0.467",0.5,0.5,0.39180869087847436,0.2241549589253181,0.6132950260850698,0.36904446513853095,0.09276131876871829,SN=2=0.2689;SN=3-4=0.3437;SN=5-8=0.3617;SN=9-12=0.3454;SN>=13=0.3423,0.36904446513853095,
282,v11+v12_5f+v14_seed0,3,NONE,"0.290,0.497,0.213","0.420,0.104,0.476","0.018,0.515,0.467",1.0,1.0,0.39180869087847436,0.2241549589253181,0.6132950260850698,0.36904446513853095,0.09276131876871829,SN=2=0.2689;SN=3-4=0.3437;SN=5-8=0.3617;SN=9-12=0.3454;SN>=13=0.3423,0.36904446513853095,
283,v11plus+v12_5f+v13,3,TEMP,"0.179,0.480,0.341","0.481,0.203,0.316","0.047,0.610,0.343",0.5,0.5,0.3980843515755803,0.21867799837503354,0.6148544817202268,0.3696758363242909,0.09474680208215219,SN=2=0.2678;SN=3-4=0.3460;SN=5-8=0.3626;SN=9-12=0.3416;SN>=13=0.3408,0.36898471434588276,
284,v11plus+v12_5f+v13,3,NONE,"0.179,0.480,0.341","0.481,0.203,0.316","0.047,0.610,0.343",1.0,1.0,0.3980843515755803,0.21867799837503354,0.6148544817202268,0.3696758363242909,0.09474680208215219,SN=2=0.2678;SN=3-4=0.3460;SN=5-8=0.3626;SN=9-12=0.3416;SN>=13=0.3408,0.36898471434588276,
285,v11+v12_5f+v14_seed2,3,TEMP,"0.273,0.607,0.120","0.411,0.132,0.457","0.017,0.529,0.454",0.5,0.5,0.3919906772496576,0.22367344828064262,0.6134213196191736,0.3689499141359548,0.08814431238811316,SN=2=0.2696;SN=3-4=0.3447;SN=5-8=0.3577;SN=9-12=0.3441;SN>=13=0.3391,0.3689499141359548,
286,v11+v12_5f+v14_seed2,3,NONE,"0.273,0.607,0.120","0.411,0.132,0.457","0.017,0.529,0.454",1.0,1.0,0.3919906772496576,0.22367344828064262,0.6134213196191736,0.3689499141359548,0.08814431238811316,SN=2=0.2696;SN=3-4=0.3447;SN=5-8=0.3577;SN=9-12=0.3441;SN>=13=0.3391,0.3689499141359548,
287,v11+v11plus+v14_seed0,3,THR,"0.186,0.217,0.596","0.248,0.134,0.618","0.001,0.038,0.961",0.5,0.5,0.40324551282975707,0.22887390312624722,0.6108287964227932,0.3750135256669604,0.1058693534689934,SN=2=0.2672;SN=3-4=0.3473;SN=5-8=0.3731;SN=9-12=0.3532;SN>=13=0.3471,0.3687611279951316,
288,v11+v11plus+v14_seed2,3,TEMP,"0.201,0.228,0.570","0.351,0.074,0.575","0.002,0.066,0.932",0.5,0.5,0.39284380124058005,0.22376391304402649,0.6111644735787745,0.3688759804295975,0.09383300334247524,SN=2=0.2676;SN=3-4=0.3407;SN=5-8=0.3615;SN=9-12=0.3504;SN>=13=0.3398,0.3686417578210278,
289,v11+v11plus+v14_seed2,3,NONE,"0.201,0.228,0.570","0.351,0.074,0.575","0.002,0.066,0.932",1.0,1.0,0.39284380124058005,0.22376391304402649,0.6111644735787745,0.3688759804295975,0.09383300334247524,SN=2=0.2676;SN=3-4=0.3407;SN=5-8=0.3615;SN=9-12=0.3504;SN>=13=0.3398,0.3686417578210278,
290,v11+v11plus+v12_5f,3,TEMP,"0.168,0.217,0.615","0.538,0.016,0.446","0.015,0.048,0.936",0.5,0.5,0.3943445949445536,0.22124013118663433,0.6120178982019314,0.36863747009286146,0.08942352887537741,SN=2=0.2694;SN=3-4=0.3429;SN=5-8=0.3588;SN=9-12=0.3446;SN>=13=0.3319,0.36863747009286146,
291,v11+v11plus+v12_5f,3,NONE,"0.168,0.217,0.615","0.538,0.016,0.446","0.015,0.048,0.936",1.0,1.0,0.3943445949445536,0.22124013118663433,0.6120178982019314,0.36863747009286146,0.08942352887537741,SN=2=0.2694;SN=3-4=0.3429;SN=5-8=0.3588;SN=9-12=0.3446;SN>=13=0.3319,0.36863747009286146,
292,v11+v11plus+v12_5f+v14_seed0,4,TEMP,"0.219,0.174,0.210,0.397","0.315,0.112,0.188,0.385","0.013,0.015,0.434,0.538",0.5,0.5,0.3945388996832202,0.2247430207996542,0.6134094851438296,0.3703946652219157,0.09699076724097055,SN=2=0.2686;SN=3-4=0.3436;SN=5-8=0.3656;SN=9-12=0.3498;SN>=13=0.3413,0.36858156066409836,
293,v11+v11plus+v12_5f+v14_seed0,4,NONE,"0.219,0.174,0.210,0.397","0.315,0.112,0.188,0.385","0.013,0.015,0.434,0.538",1.0,1.0,0.3945388996832202,0.2247430207996542,0.6134094851438296,0.3703946652219157,0.09699076724097055,SN=2=0.2686;SN=3-4=0.3436;SN=5-8=0.3656;SN=9-12=0.3498;SN>=13=0.3413,0.36858156066409836,
294,v11plus+v12_5f+v14_avg3,3,TEMP,"0.257,0.158,0.585","0.257,0.066,0.677","0.044,0.362,0.594",0.5,0.5,0.3929830912366846,0.22060837839837025,0.614376502083574,0.3683118882707368,0.09232648716098385,SN=2=0.2708;SN=3-4=0.3409;SN=5-8=0.3631;SN=9-12=0.3400;SN>=13=0.3399,0.3683118882707368,
295,v11plus+v12_5f+v14_avg3,3,NONE,"0.257,0.158,0.585","0.257,0.066,0.677","0.044,0.362,0.594",1.0,1.0,0.3929830912366846,0.22060837839837025,0.614376502083574,0.3683118882707368,0.09232648716098385,SN=2=0.2708;SN=3-4=0.3409;SN=5-8=0.3631;SN=9-12=0.3400;SN>=13=0.3399,0.3683118882707368,
296,v11plus+v12_5f+v14_seed2,3,TEMP,"0.254,0.466,0.280","0.320,0.012,0.668","0.027,0.500,0.473",0.5,0.5,0.39273501984395637,0.22097917023676367,0.6136849948816254,0.3682226750086131,0.08829053155600475,SN=2=0.2688;SN=3-4=0.3430;SN=5-8=0.3571;SN=9-12=0.3421;SN>=13=0.3412,0.3682226750086131,
297,v11plus+v12_5f+v14_seed2,3,NONE,"0.254,0.466,0.280","0.320,0.012,0.668","0.027,0.500,0.473",1.0,1.0,0.39273501984395637,0.22097917023676367,0.6136849948816254,0.3682226750086131,0.08829053155600475,SN=2=0.2688;SN=3-4=0.3430;SN=5-8=0.3571;SN=9-12=0.3421;SN>=13=0.3412,0.3682226750086131,
298,v11plus+v12_5f+v14_seed0,3,TEMP,"0.271,0.386,0.343","0.246,0.001,0.753","0.027,0.568,0.405",0.5,0.5,0.39240732877456647,0.2209493202738711,0.6135452002189764,0.3680516996631703,0.09038603748104523,SN=2=0.2704;SN=3-4=0.3410;SN=5-8=0.3608;SN=9-12=0.3429;SN>=13=0.3409,0.3680516996631703,
299,v11plus+v12_5f+v14_seed0,3,NONE,"0.271,0.386,0.343","0.246,0.001,0.753","0.027,0.568,0.405",1.0,1.0,0.39240732877456647,0.2209493202738711,0.6135452002189764,0.3680516996631703,0.09038603748104523,SN=2=0.2704;SN=3-4=0.3410;SN=5-8=0.3608;SN=9-12=0.3429;SN>=13=0.3409,0.3680516996631703,
300,v11plus+v12_5f+v14_seed1,3,TEMP,"0.258,0.636,0.106","0.212,0.033,0.756","0.047,0.366,0.587",0.5,0.5,0.3934595442362172,0.21926859689264547,0.614553687120706,0.36800199387568633,0.08385241599036442,SN=2=0.2706;SN=3-4=0.3406;SN=5-8=0.3544;SN=9-12=0.3412;SN>=13=0.3418,0.36800199387568633,
301,v11plus+v12_5f+v14_seed1,3,NONE,"0.258,0.636,0.106","0.212,0.033,0.756","0.047,0.366,0.587",1.0,1.0,0.3934595442362172,0.21926859689264547,0.614553687120706,0.36800199387568633,0.08385241599036442,SN=2=0.2706;SN=3-4=0.3406;SN=5-8=0.3544;SN=9-12=0.3412;SN>=13=0.3418,0.36800199387568633,
302,v11+v11plus+v14_seed0,3,TEMP,"0.186,0.217,0.596","0.248,0.134,0.618","0.001,0.038,0.961",0.5,0.5,0.3935342357767359,0.2235948926555133,0.6108287964227932,0.36901741065745836,0.09578554912346143,SN=2=0.2680;SN=3-4=0.3400;SN=5-8=0.3638;SN=9-12=0.3445;SN>=13=0.3434,0.3678069151583956,
303,v11+v11plus+v14_seed0,3,NONE,"0.186,0.217,0.596","0.248,0.134,0.618","0.001,0.038,0.961",1.0,1.0,0.3935342357767359,0.2235948926555133,0.6108287964227932,0.36901741065745836,0.09578554912346143,SN=2=0.2680;SN=3-4=0.3400;SN=5-8=0.3638;SN=9-12=0.3445;SN>=13=0.3434,0.3678069151583956,
304,v11+v11plus+v14_seed1,3,TEMP,"0.188,0.272,0.540","0.228,0.146,0.627","0.047,0.024,0.929",0.5,0.5,0.3929575809344102,0.22310723601958168,0.613020672278529,0.36903006123730253,0.09697692669335317,SN=2=0.2691;SN=3-4=0.3406;SN=5-8=0.3660;SN=9-12=0.3473;SN>=13=0.3392,0.36722387695329384,
305,v11+v11plus+v14_seed1,3,NONE,"0.188,0.272,0.540","0.228,0.146,0.627","0.047,0.024,0.929",1.0,1.0,0.3929575809344102,0.22310723601958168,0.613020672278529,0.36903006123730253,0.09697692669335317,SN=2=0.2691;SN=3-4=0.3406;SN=5-8=0.3660;SN=9-12=0.3473;SN>=13=0.3392,0.36722387695329384,
306,v11+v11plus+v13,3,TEMP,"0.258,0.262,0.480","0.457,0.008,0.535","0.059,0.067,0.874",0.5,0.5,0.39444840398592645,0.22187147525693157,0.6067871397197424,0.3678853796410917,0.09542641583548761,SN=2=0.2670;SN=3-4=0.3418;SN=5-8=0.3624;SN=9-12=0.3438;SN>=13=0.3282,0.3668544507860158,
307,v11+v11plus+v13,3,NONE,"0.258,0.262,0.480","0.457,0.008,0.535","0.059,0.067,0.874",1.0,1.0,0.39444840398592645,0.22187147525693157,0.6067871397197424,0.3678853796410917,0.09542641583548761,SN=2=0.2670;SN=3-4=0.3418;SN=5-8=0.3624;SN=9-12=0.3438;SN>=13=0.3282,0.3668544507860158,
308,v11+v11plus+v16_testhist_aug,3,TEMP,"0.215,0.179,0.606","0.176,0.135,0.689","0.002,0.048,0.950",0.5,0.5,0.3941681152240217,0.21430308317015054,0.6082067425244035,0.3650298278625496,0.09331839172357698,SN=2=0.2689;SN=3-4=0.3354;SN=5-8=0.3622;SN=9-12=0.3432;SN>=13=0.3416,0.3650298278625496,
309,v11+v11plus+v16_testhist_aug,3,NONE,"0.215,0.179,0.606","0.176,0.135,0.689","0.002,0.048,0.950",1.0,1.0,0.3941681152240217,0.21430308317015054,0.6082067425244035,0.3650298278625496,0.09331839172357698,SN=2=0.2689;SN=3-4=0.3354;SN=5-8=0.3622;SN=9-12=0.3432;SN>=13=0.3416,0.3650298278625496,
310,v11plus+v12_5f+v13,3,CW,"0.179,0.480,0.341","0.481,0.203,0.316","0.047,0.610,0.343",1.0,1.0,0.32806463507263567,0.16174871061014767,0.6148544817202268,0.31889623461715866,0.10613177468865442,SN=2=0.2176;SN=3-4=0.3071;SN=5-8=0.3237;SN=9-12=0.3030;SN>=13=0.2874,0.31251262633549937,
311,v11plus+v12_5f+v13+v14_avg3,4,CW,"0.289,0.007,0.287,0.416","0.271,0.015,0.216,0.497","0.040,0.329,0.184,0.447",1.0,1.0,0.3242490615008543,0.1599388424749712,0.6155091732130165,0.31677699623293354,0.10898229223967032,SN=2=0.2127;SN=3-4=0.3021;SN=5-8=0.3217;SN=9-12=0.3029;SN>=13=0.2891,0.3089681291757663,
312,v11plus+v12_5f+v13+v14_seed1,4,CW,"0.285,0.248,0.335,0.132","0.285,0.008,0.228,0.480","0.044,0.278,0.270,0.408",1.0,1.0,0.32591289075062313,0.1588757255864337,0.6160102091815443,0.3171174883711316,0.11015392107718547,SN=2=0.2127;SN=3-4=0.3026;SN=5-8=0.3229;SN=9-12=0.3023;SN>=13=0.2890,0.30872280689520676,
313,v11plus+v12_5f+v13+v14_seed2,4,CW,"0.270,0.243,0.284,0.203","0.142,0.006,0.295,0.557","0.031,0.381,0.316,0.271",1.0,1.0,0.3252022240968719,0.16041239412561312,0.6154191982798766,0.3173296869449693,0.1113454960023895,SN=2=0.2123;SN=3-4=0.3017;SN=5-8=0.3237;SN=9-12=0.3030;SN>=13=0.2907,0.3083392180064425,
314,v11plus+v13+v14_seed2,3,CW,"0.269,0.331,0.400","0.271,0.235,0.494","0.043,0.403,0.554",1.0,1.0,0.32453037820039055,0.1603488997880796,0.6136265155686136,0.31667701430911077,0.11057995160344264,SN=2=0.2123;SN=3-4=0.3017;SN=5-8=0.3228;SN=9-12=0.3045;SN>=13=0.2885,0.3080693175700574,
315,v11plus+v13+v14_seed1,3,CW,"0.271,0.323,0.407","0.231,0.278,0.491","0.031,0.342,0.627",1.0,1.0,0.3253907877312345,0.15880980348180854,0.6150968448611345,0.31669960545744413,0.11156926881814988,SN=2=0.2117;SN=3-4=0.3011;SN=5-8=0.3232;SN=9-12=0.3026;SN>=13=0.2899,0.3075972501110371,
316,v11plus+v13+v14_avg3,3,CW,"0.304,0.283,0.413","0.122,0.235,0.643","0.047,0.264,0.690",1.0,1.0,0.323566188969104,0.1579142624294558,0.6146221927553536,0.31551661911049467,0.11076095498690436,SN=2=0.2093;SN=3-4=0.3004;SN=5-8=0.3201;SN=9-12=0.3036;SN>=13=0.2915,0.30681842067971044,
317,v11plus+v12_5f+v13+v14_seed0,4,CW,"0.302,0.117,0.288,0.293","0.268,0.071,0.046,0.615","0.029,0.394,0.342,0.235",1.0,1.0,0.3239767247332689,0.1562038130490167,0.6152177646762774,0.3151157680481697,0.11021714262828458,SN=2=0.2107;SN=3-4=0.3005;SN=5-8=0.3209;SN=9-12=0.3029;SN>=13=0.2881,0.30668947579669537,
318,v11plus+v12_5f+v14_seed2,3,CW,"0.254,0.466,0.280","0.320,0.012,0.668","0.027,0.500,0.473",1.0,1.0,0.3184636068744354,0.155214463253585,0.6136849948816254,0.31220822702753326,0.10650991167073792,SN=2=0.2102;SN=3-4=0.2980;SN=5-8=0.3167;SN=9-12=0.2989;SN>=13=0.2840,0.30563555025483224,
319,v11plus+v13+v14_seed0,3,CW,"0.275,0.357,0.368","0.271,0.101,0.628","0.035,0.387,0.578",1.0,1.0,0.3245562197523817,0.15569946664377482,0.6131166760408483,0.3147256097666323,0.11162477200603238,SN=2=0.2096;SN=3-4=0.2993;SN=5-8=0.3212;SN=9-12=0.3023;SN>=13=0.2898,0.305595502826284,
320,v11plus+v12_5f+v14_seed1,3,CW,"0.258,0.636,0.106","0.212,0.033,0.756","0.047,0.366,0.587",1.0,1.0,0.3187810113685673,0.15266139461597428,0.614553687120706,0.3114876998179579,0.10556639762558231,SN=2=0.2084;SN=3-4=0.2967;SN=5-8=0.3140;SN=9-12=0.2982;SN>=13=0.2866,0.30538678006783465,
321,v11+v11plus+v13+v14_seed1,4,CW,"0.051,0.216,0.364,0.369","0.376,0.014,0.278,0.333","0.010,0.017,0.330,0.643",1.0,1.0,0.3257331691732278,0.14840825938912036,0.6150282315540896,0.3126622177357572,0.10881313740110171,SN=2=0.2095;SN=3-4=0.3000;SN=5-8=0.3183;SN=9-12=0.3009;SN>=13=0.2834,0.30493792809787423,
322,v11+v12_5f+v13+v14_seed1,4,CW,"0.188,0.294,0.329,0.189","0.369,0.009,0.209,0.413","0.003,0.359,0.283,0.356",1.0,1.0,0.3258704213812795,0.14725085873614616,0.6156751409315346,0.3123835402332772,0.10834145216240279,SN=2=0.2098;SN=3-4=0.2998;SN=5-8=0.3182;SN=9-12=0.2994;SN>=13=0.2861,0.30489509321474373,
323,v11+v13+v14_seed2,3,CW,"0.217,0.307,0.476","0.349,0.247,0.405","0.039,0.369,0.592",1.0,1.0,0.3236088462289512,0.14983070921881725,0.6132858112255252,0.31203298442421246,0.10770696023403606,SN=2=0.2088;SN=3-4=0.2977;SN=5-8=0.3165;SN=9-12=0.3014;SN>=13=0.2870,0.30486178336986236,
324,v11+v13+v14_avg3,3,CW,"0.210,0.389,0.401","0.367,0.185,0.448","0.033,0.297,0.669",1.0,1.0,0.32615176511743776,0.14724839715643412,0.6143848997054968,0.3122370448506481,0.10825849098615226,SN=2=0.2089;SN=3-4=0.2992;SN=5-8=0.3171;SN=9-12=0.3014;SN>=13=0.2862,0.3047900784202399,
325,v11+v12_5f+v13+v14_seed2,4,CW,"0.207,0.379,0.320,0.094","0.464,0.062,0.204,0.270","0.011,0.429,0.338,0.222",1.0,1.0,0.32623077011492185,0.14617564055668528,0.6151072750573949,0.31198401928012187,0.10804518357728868,SN=2=0.2097;SN=3-4=0.3004;SN=5-8=0.3178;SN=9-12=0.3017;SN>=13=0.2834,0.30464370655414547,
326,v11+v12_5f+v13+v14_avg3,4,CW,"0.273,0.218,0.340,0.170","0.364,0.065,0.204,0.367","0.031,0.357,0.321,0.291",1.0,1.0,0.32435473223007816,0.14904511828383074,0.6154355875864079,0.31244705772284515,0.10904625890176997,SN=2=0.2092;SN=3-4=0.2993;SN=5-8=0.3182;SN=9-12=0.3013;SN>=13=0.2848,0.30460620733462807,
327,v11plus+v12_5f+v14_avg3,3,CW,"0.257,0.158,0.585","0.257,0.066,0.677","0.044,0.362,0.594",1.0,1.0,0.3170790080894092,0.15576436026709967,0.614376502083574,0.31201264775931836,0.10864139660925043,SN=2=0.2087;SN=3-4=0.2974;SN=5-8=0.3173;SN=9-12=0.3000;SN>=13=0.2859,0.30437422851736107,
328,v11+v12_5f+v13,3,CW,"0.275,0.446,0.279","0.484,0.177,0.339","0.017,0.646,0.337",1.0,1.0,0.3242303577250948,0.14828711255882826,0.614606803853281,0.3119283488842255,0.10877824805129632,SN=2=0.2101;SN=3-4=0.3004;SN=5-8=0.3189;SN=9-12=0.3001;SN>=13=0.2827,0.30422150392124525,
329,v11+v12_5f+v13+v14_seed0,4,CW,"0.259,0.411,0.296,0.035","0.397,0.065,0.216,0.321","0.032,0.420,0.293,0.255",1.0,1.0,0.32509994602966635,0.14808444423008782,0.6149807645283446,0.31226990900957063,0.10989405645536571,SN=2=0.2089;SN=3-4=0.2999;SN=5-8=0.3188;SN=9-12=0.3020;SN>=13=0.2842,0.3040051598445557,
330,v11plus+v12_5f+v14_seed0,3,CW,"0.271,0.386,0.343","0.246,0.001,0.753","0.027,0.568,0.405",1.0,1.0,0.3181650939845486,0.15418067300280128,0.6135452002189764,0.3116473468387353,0.10909508341574309,SN=2=0.2076;SN=3-4=0.2973;SN=5-8=0.3167;SN=9-12=0.2985;SN>=13=0.2880,0.3037820841935317,
331,v11+v11plus+v13+v14_avg3,4,CW,"0.138,0.071,0.344,0.446","0.396,0.050,0.105,0.448","0.041,0.032,0.103,0.823",1.0,1.0,0.32483769952760155,0.14355801725661185,0.6138266793804914,0.31012362258978365,0.10636917365134443,SN=2=0.2078;SN=3-4=0.2979;SN=5-8=0.3142;SN=9-12=0.2977;SN>=13=0.2850,0.30362131482677934,
332,v11+v11plus+v12_5f+v13+v14_seed0,5,CW,"0.171,0.144,0.078,0.385,0.221","0.309,0.103,0.083,0.204,0.302","0.011,0.025,0.584,0.151,0.229",1.0,1.0,0.3233162124913509,0.14834366873327554,0.6147020840240869,0.31160436929466795,0.10951742429174682,SN=2=0.2083;SN=3-4=0.2989;SN=5-8=0.3179;SN=9-12=0.2986;SN>=13=0.2829,0.30352793621146246,
333,v11+v13+v14_seed1,3,CW,"0.314,0.344,0.342","0.379,0.265,0.356","0.030,0.269,0.701",1.0,1.0,0.3227157567701819,0.14834661567878957,0.6147467734320087,0.31137430366599034,0.10941383439661495,SN=2=0.2081;SN=3-4=0.2976;SN=5-8=0.3175;SN=9-12=0.3005;SN>=13=0.2853,0.3033496655303508,
334,v11+v11plus+v12_5f+v13+v14_seed2,5,CW,"0.143,0.185,0.114,0.340,0.217","0.411,0.039,0.100,0.157,0.292","0.004,0.015,0.581,0.198,0.202",1.0,1.0,0.3233232215739913,0.14673327913001158,0.6149347224085793,0.31100954476331705,0.10908520576416669,SN=2=0.2074;SN=3-4=0.2994;SN=5-8=0.3165;SN=9-12=0.2986;SN>=13=0.2813,0.3031492209439016,
335,v11+v11plus+v12_5f+v13,4,CW,"0.229,0.166,0.264,0.341","0.386,0.089,0.173,0.352","0.033,0.004,0.686,0.277",1.0,1.0,0.32028912197172,0.1491918992126393,0.6144997267480823,0.3106923538233602,0.10863087828377233,SN=2=0.2071;SN=3-4=0.2993;SN=5-8=0.3157;SN=9-12=0.2978;SN>=13=0.2818,0.3030591937441419,
336,v11+v11plus+v13+v14_seed2,4,CW,"0.144,0.218,0.367,0.271","0.283,0.074,0.277,0.365","0.029,0.031,0.380,0.560",1.0,1.0,0.3215695620537286,0.15110546999828642,0.613651080964204,0.31180022901364685,0.11128178186866522,SN=2=0.2065;SN=3-4=0.2979;SN=5-8=0.3178;SN=9-12=0.3010;SN>=13=0.2846,0.30284161714198216,
337,v11+v11plus+v12_5f+v13+v14_seed1,5,CW,"0.161,0.157,0.093,0.335,0.254","0.324,0.046,0.115,0.112,0.402","0.030,0.037,0.297,0.249,0.386",1.0,1.0,0.32375063831172557,0.14687646200671706,0.6158154537418127,0.3114139308757396,0.11051143537692465,SN=2=0.2072;SN=3-4=0.2992;SN=5-8=0.3177;SN=9-12=0.2983;SN>=13=0.2821,0.3028404922499452,
338,v11+v11plus+v12_5f+v13+v14_avg3,5,CW,"0.193,0.152,0.064,0.380,0.212","0.339,0.076,0.033,0.159,0.393","0.038,0.003,0.277,0.411,0.271",1.0,1.0,0.32191251547684874,0.1468023106955179,0.6151425020830195,0.31051443088555053,0.10987034295341003,SN=2=0.2064;SN=3-4=0.2978;SN=5-8=0.3163;SN=9-12=0.2993;SN>=13=0.2828,0.30226153847151344,
339,v11+v11plus+v13+v14_seed0,4,CW,"0.255,0.090,0.360,0.294","0.334,0.052,0.243,0.370","0.038,0.001,0.470,0.491",1.0,1.0,0.32124259430958724,0.14851850032595135,0.6126725335895636,0.3104389445721282,0.10980433608798554,SN=2=0.2064;SN=3-4=0.2965;SN=5-8=0.3162;SN=9-12=0.2994;SN>=13=0.2842,0.3022190555908033,
340,v11+v13+v14_seed0,3,CW,"0.268,0.397,0.336","0.365,0.117,0.518","0.038,0.406,0.556",1.0,1.0,0.32416086750909356,0.1446571607629444,0.6128179565070708,0.31009080261022937,0.1106745735669728,SN=2=0.2068;SN=3-4=0.2959;SN=5-8=0.3174;SN=9-12=0.2990;SN>=13=0.2844,0.30143579488941086,
341,v11+v11plus+v12_5f,3,CW,"0.168,0.217,0.615","0.538,0.016,0.446","0.015,0.048,0.936",1.0,1.0,0.3155019718619789,0.14292664048970208,0.6120178982019314,0.30577502458105865,0.10602994226523452,SN=2=0.2055;SN=3-4=0.2963;SN=5-8=0.3115;SN=9-12=0.2907;SN>=13=0.2706,0.2994423325111093,
342,v11+v12_5f+v14_seed1,3,CW,"0.260,0.577,0.163","0.415,0.108,0.476","0.022,0.326,0.652",1.0,1.0,0.3179649884558539,0.14242896040524775,0.6143027254519079,0.30701812463482225,0.10876575925235638,SN=2=0.2050;SN=3-4=0.2945;SN=5-8=0.3137;SN=9-12=0.2949;SN>=13=0.2783,0.29931752407131196,
343,v11+v11plus+v13,3,CW,"0.258,0.262,0.480","0.457,0.008,0.535","0.059,0.067,0.874",1.0,1.0,0.3140888496596741,0.1478245288489304,0.6067871397197424,0.3061227793473903,0.10713079156808356,SN=2=0.2039;SN=3-4=0.2946;SN=5-8=0.3110;SN=9-12=0.2954;SN>=13=0.2762,0.2992396626260164,
344,v11+v12_5f+v14_seed2,3,CW,"0.273,0.607,0.120","0.411,0.132,0.457","0.017,0.529,0.454",1.0,1.0,0.31735340653215094,0.14489721932158411,0.6134213196191736,0.30758451426532873,0.11025674233187494,SN=2=0.2049;SN=3-4=0.2959;SN=5-8=0.3152;SN=9-12=0.2947;SN>=13=0.2776,0.2991384221620592,
345,v11+v11plus+v12_5f+v14_avg3,4,CW,"0.125,0.219,0.473,0.183","0.294,0.080,0.106,0.521","0.018,0.040,0.353,0.589",1.0,1.0,0.31691010623784877,0.14529514708232094,0.6143318077251969,0.30774846287310725,0.11066205322663936,SN=2=0.2033;SN=3-4=0.2954;SN=5-8=0.3139;SN=9-12=0.2950;SN>=13=0.2785,0.2990997153224555,
346,v11+v12_5f+v14_avg3,3,CW,"0.278,0.661,0.061","0.418,0.128,0.453","0.021,0.411,0.567",1.0,1.0,0.3173313906011687,0.14391189780531569,0.6141657261462126,0.3073304605918363,0.11042875060913049,SN=2=0.2042;SN=3-4=0.2956;SN=5-8=0.3146;SN=9-12=0.2960;SN>=13=0.2779,0.29879836434993895,
347,v11+v11plus+v12_5f+v14_seed1,4,CW,"0.158,0.221,0.524,0.097","0.403,0.032,0.122,0.444","0.012,0.017,0.404,0.567",1.0,1.0,0.31580994599025175,0.14206406649244482,0.6145788436831375,0.30606537372970616,0.1086269671431715,SN=2=0.2024;SN=3-4=0.2948;SN=5-8=0.3111;SN=9-12=0.2929;SN>=13=0.2755,0.29843416922078836,
348,v11+v11plus+v12_5f+v14_seed0,4,CW,"0.219,0.174,0.210,0.397","0.315,0.112,0.188,0.385","0.013,0.015,0.434,0.538",1.0,1.0,0.31359974779937205,0.14542770782331507,0.6134094851438296,0.30629287927784077,0.10914761666389655,SN=2=0.2034;SN=3-4=0.2943;SN=5-8=0.3126;SN=9-12=0.2917;SN>=13=0.2765,0.2984013500085604,
349,v11+v12_5f+v14_seed0,3,CW,"0.290,0.497,0.213","0.420,0.104,0.476","0.018,0.515,0.467",1.0,1.0,0.3162426996189021,0.14250631176967538,0.6132950260850698,0.30615860977244497,0.1111390523676174,SN=2=0.2038;SN=3-4=0.2946;SN=5-8=0.3149;SN=9-12=0.2945;SN>=13=0.2778,0.29727136265130416,
350,v11+v11plus+v12_5f+v14_seed2,4,CW,"0.226,0.198,0.330,0.246","0.359,0.083,0.170,0.388","0.004,0.064,0.550,0.382",1.0,1.0,0.31219948312265067,0.14467187954509247,0.6134112425553737,0.305430793578172,0.11032698986591569,SN=2=0.2014;SN=3-4=0.2938;SN=5-8=0.3117;SN=9-12=0.2922;SN>=13=0.2744,0.29694957770788205,
351,v11+v11plus+v14_avg3,3,CW,"0.215,0.247,0.539","0.320,0.081,0.599","0.027,0.031,0.942",1.0,1.0,0.3098539941768198,0.14275217884406907,0.6132136162642488,0.3036851924612053,0.10810122750958917,SN=2=0.1997;SN=3-4=0.2907;SN=5-8=0.3078;SN=9-12=0.2929;SN>=13=0.2736,0.2963168577690786,
352,v11+v11plus+v14_seed1,3,CW,"0.188,0.272,0.540","0.228,0.146,0.627","0.047,0.024,0.929",1.0,1.0,0.31038876485926126,0.14368928037713874,0.613020672278529,0.3042353525502658,0.11100633394939227,SN=2=0.1995;SN=3-4=0.2909;SN=5-8=0.3105;SN=9-12=0.2931;SN>=13=0.2748,0.29541446463823756,
353,v11+v11plus+v14_seed0,3,CW,"0.186,0.217,0.596","0.248,0.134,0.618","0.001,0.038,0.961",1.0,1.0,0.3112064174380362,0.14387206592820906,0.6108287964227932,0.30419715263105673,0.11100269293198345,SN=2=0.1993;SN=3-4=0.2909;SN=5-8=0.3103;SN=9-12=0.2921;SN>=13=0.2794,0.2953780852277329,
354,v11+v11plus+v14_seed2,3,CW,"0.201,0.228,0.570","0.351,0.074,0.575","0.002,0.066,0.932",1.0,1.0,0.3106479115638233,0.1432312550978772,0.6111644735787745,0.3037845613804351,0.11022789584995629,SN=2=0.1999;SN=3-4=0.2905;SN=5-8=0.3101;SN=9-12=0.2923;SN>=13=0.2760,0.29535289251812485,
355,v11+v11plus+v12_5f+v13+v14_avg3+v16_testhist_aug,6,CW,"0.191,0.165,0.145,0.246,0.032,0.220","0.348,0.068,0.132,0.203,0.037,0.212","0.013,0.031,0.489,0.371,0.040,0.057",1.0,1.0,0.32707602952220427,0.11040937674789739,0.6152070073374456,0.29803556397552977,0.10813040036922658,SN=2=0.1977;SN=3-4=0.2834;SN=5-8=0.3059;SN=9-12=0.2822;SN>=13=0.2616,0.2906526428535844,
356,v11+v12_5f+v13+v14_seed1+v16_testhist_aug,5,CW,"0.245,0.051,0.347,0.026,0.331","0.278,0.110,0.023,0.316,0.273","0.048,0.290,0.262,0.330,0.070",1.0,1.0,0.33410484007315694,0.08141756575810816,0.6155403441658003,0.2893170311656661,0.0978668540454149,SN=2=0.1992;SN=3-4=0.2710;SN=5-8=0.2971;SN=9-12=0.2732;SN>=13=0.2600,0.28706588320562654,
357,v11+v11plus+v13+v14_seed1+v16_testhist_aug,5,CW,"0.179,0.131,0.325,0.083,0.282","0.233,0.043,0.282,0.181,0.260","0.024,0.023,0.301,0.525,0.127",1.0,1.0,0.3312631002255352,0.08750993014100919,0.6150460894956202,0.29051843004574185,0.10091208301227161,SN=2=0.1972;SN=3-4=0.2709;SN=5-8=0.2982;SN=9-12=0.2755;SN>=13=0.2639,0.28674466760227396,
358,v11+v13+v14_seed1+v16_testhist_aug,4,CW,"0.245,0.359,0.051,0.346","0.267,0.220,0.224,0.289","0.019,0.321,0.595,0.065",1.0,1.0,0.3346281441377762,0.07512691040025136,0.614737511543141,0.28684952412383924,0.09577317163195453,SN=2=0.1979;SN=3-4=0.2666;SN=5-8=0.2937;SN=9-12=0.2712;SN>=13=0.2644,0.2856452173705299,
359,v11+v11plus+v14_seed1+v16_testhist_aug,4,CW,"0.166,0.217,0.287,0.331","0.307,0.021,0.462,0.211","0.018,0.057,0.748,0.177",1.0,1.0,0.31959085562309114,0.10696861691476338,0.6131044900831956,0.2932446870317809,0.10897487459044858,SN=2=0.1931;SN=3-4=0.2772;SN=5-8=0.3021;SN=9-12=0.2773;SN>=13=0.2574,0.2854395287992245,
360,v11+v11plus+v13+v14_seed0+v16_testhist_aug,5,CW,"0.060,0.189,0.346,0.001,0.404","0.242,0.028,0.252,0.168,0.309","0.012,0.029,0.438,0.432,0.089",1.0,1.0,0.3348448050009201,0.06665764569490648,0.6131764296834988,0.2832362662150304,0.09473253007211202,SN=2=0.1956;SN=3-4=0.2629;SN=5-8=0.2904;SN=9-12=0.2679;SN>=13=0.2589,0.2825522802416423,
361,v11+v11plus+v13+v16_testhist_aug,4,CW,"0.124,0.187,0.352,0.337","0.322,0.049,0.316,0.314","0.001,0.045,0.373,0.581",1.0,1.0,0.33076767277031827,0.06653805021549535,0.6122104127356753,0.2813643717414605,0.09250363081533813,SN=2=0.1944;SN=3-4=0.2620;SN=5-8=0.2870;SN=9-12=0.2672;SN>=13=0.2551,0.2813643717414605,
362,v11+v13+v14_avg3+v16_testhist_aug,4,CW,"0.259,0.410,0.024,0.307","0.248,0.135,0.283,0.333","0.009,0.292,0.638,0.061",1.0,1.0,0.3345247204350299,0.05935750565202306,0.6141678618550303,0.28038646280582724,0.09001380867839037,SN=2=0.1968;SN=3-4=0.2599;SN=5-8=0.2868;SN=9-12=0.2662;SN>=13=0.2594,0.28038646280582724,
363,v11+v11plus+v12_5f+v13+v14_seed2+v16_testhist_aug,6,CW,"0.205,0.129,0.054,0.325,0.005,0.282","0.153,0.117,0.028,0.101,0.270,0.331","0.016,0.023,0.290,0.429,0.105,0.137",1.0,1.0,0.3291065911780423,0.061896664642776454,0.6149917359743575,0.27939964952319907,0.08988431113509351,SN=2=0.1942;SN=3-4=0.2587;SN=5-8=0.2841;SN=9-12=0.2655;SN>=13=0.2556,0.27939964952319907,
364,v11+v11plus+v12_5f+v14_seed0+v16_testhist_aug,5,CW,"0.217,0.178,0.199,0.101,0.305","0.281,0.092,0.144,0.167,0.317","0.014,0.051,0.506,0.236,0.193",1.0,1.0,0.3188140339897749,0.06526272342943759,0.6133474650178404,0.2763001959712531,0.09426240312857642,SN=2=0.1891;SN=3-4=0.2580;SN=5-8=0.2833;SN=9-12=0.2640;SN>=13=0.2469,0.2758512734696328,
365,v11+v14_avg3+v16_testhist_aug,3,CW,"0.354,0.265,0.381","0.280,0.395,0.325","0.034,0.924,0.042",1.0,1.0,0.3193671254595969,0.061669431510290286,0.6128756231203782,0.2749897474120305,0.09163080439701704,SN=2=0.1901;SN=3-4=0.2558;SN=5-8=0.2817;SN=9-12=0.2627;SN>=13=0.2501,0.2749897474120305,
366,v11+v12_5f+v13+v14_seed0+v16_testhist_aug,5,CW,"0.346,0.002,0.355,0.045,0.252","0.258,0.013,0.046,0.324,0.359","0.018,0.440,0.282,0.033,0.227",1.0,1.0,0.3282086283039333,0.051601902474567266,0.6148750294090033,0.2748992181932009,0.08550886646408076,SN=2=0.1938;SN=3-4=0.2555;SN=5-8=0.2793;SN=9-12=0.2630;SN>=13=0.2511,0.2748992181932009,
367,v11+v11plus+v12_5f+v13+v16_testhist_aug,5,CW,"0.153,0.142,0.067,0.367,0.270","0.306,0.001,0.188,0.116,0.389","0.016,0.007,0.608,0.317,0.052",1.0,1.0,0.33242973613705984,0.04578041841062381,0.6148347017645217,0.2742510021719778,0.08126545360518428,SN=2=0.1956;SN=3-4=0.2560;SN=5-8=0.2769;SN=9-12=0.2620;SN>=13=0.2477,0.2742510021719778,
368,v11+v11plus+v12_5f+v13+v14_seed0+v16_testhist_aug,6,CW,"0.214,0.177,0.082,0.317,0.058,0.152","0.238,0.000,0.023,0.051,0.336,0.352","0.029,0.012,0.474,0.160,0.216,0.109",1.0,1.0,0.32538325484594227,0.052864748508346424,0.61472388252784,0.2742439778472835,0.08553616536790337,SN=2=0.1917;SN=3-4=0.2562;SN=5-8=0.2772;SN=9-12=0.2630;SN>=13=0.2495,0.2742439778472835,
369,v11+v13+v14_seed0+v16_testhist_aug,4,CW,"0.201,0.377,0.015,0.407","0.257,0.113,0.185,0.445","0.038,0.402,0.412,0.148",1.0,1.0,0.3371738861028467,0.04048886658309901,0.6129368392099591,0.27365246891637013,0.08155463259564569,SN=2=0.1944;SN=3-4=0.2541;SN=5-8=0.2760;SN=9-12=0.2617;SN>=13=0.2544,0.27365246891637013,
370,v11plus+v12_5f+v13+v14_avg3+v16_testhist_aug,5,CW,"0.255,0.016,0.354,0.018,0.357","0.075,0.027,0.135,0.275,0.489","0.042,0.412,0.274,0.230,0.042",1.0,1.0,0.33479873491660245,0.04058325226743713,0.6155597148838877,0.2732647378503934,0.08074683437698532,SN=2=0.1935;SN=3-4=0.2544;SN=5-8=0.2743;SN=9-12=0.2598;SN>=13=0.2515,0.2732647378503934,
371,v11plus+v13+v14_seed2+v16_testhist_aug,4,CW,"0.223,0.417,0.076,0.284","0.040,0.099,0.317,0.543","0.043,0.403,0.459,0.094",1.0,1.0,0.3373289412566879,0.0389152224782167,0.6136696043294013,0.27323158635984207,0.07815300506412967,SN=2=0.1955;SN=3-4=0.2543;SN=5-8=0.2737;SN=9-12=0.2598;SN>=13=0.2530,0.27323158635984207,
372,v11plus+v12_5f+v13+v14_seed1+v16_testhist_aug,5,CW,"0.175,0.065,0.329,0.058,0.373","0.061,0.046,0.144,0.183,0.566","0.041,0.316,0.375,0.245,0.023",1.0,1.0,0.33810041241490346,0.035865524389986775,0.6158201513111208,0.27275040498418024,0.07733353564810233,SN=2=0.1960;SN=3-4=0.2536;SN=5-8=0.2733;SN=9-12=0.2587;SN>=13=0.2491,0.27275040498418024,
373,v11plus+v13+v14_seed0+v16_testhist_aug,4,CW,"0.256,0.395,0.031,0.318","0.078,0.097,0.259,0.567","0.047,0.339,0.502,0.112",1.0,1.0,0.33549777739590175,0.03662582453499877,0.6131989154754287,0.27148922386744595,0.08007073397908698,SN=2=0.1926;SN=3-4=0.2526;SN=5-8=0.2727;SN=9-12=0.2587;SN>=13=0.2513,0.27148922386744595,
374,v11plus+v12_5f+v13+v14_seed2+v16_testhist_aug,5,CW,"0.217,0.015,0.313,0.107,0.348","0.099,0.192,0.063,0.029,0.617","0.018,0.460,0.364,0.087,0.070",1.0,1.0,0.3362847687970991,0.034700958222995966,0.6151990457681055,0.2714340999616591,0.07756431516014889,SN=2=0.1950;SN=3-4=0.2529;SN=5-8=0.2725;SN=9-12=0.2571;SN>=13=0.2461,0.2714340999616591,
375,v11+v11plus+v14_seed0+v16_testhist_aug,4,CW,"0.282,0.159,0.354,0.204","0.193,0.028,0.449,0.329","0.032,0.053,0.662,0.252",1.0,1.0,0.3140798027938369,0.059059454845513656,0.6108801945223887,0.271431741960218,0.09139482452581377,SN=2=0.1856;SN=3-4=0.2525;SN=5-8=0.2770;SN=9-12=0.2617;SN>=13=0.2461,0.271431741960218,
376,v11+v11plus+v12_5f+v16_testhist_aug,4,CW,"0.208,0.166,0.298,0.328","0.367,0.029,0.235,0.369","0.018,0.048,0.730,0.203",1.0,1.0,0.32021134487305913,0.05144164483648187,0.6127181994747448,0.2712048357787654,0.08572518552008254,SN=2=0.1898;SN=3-4=0.2537;SN=5-8=0.2755;SN=9-12=0.2593;SN>=13=0.2420,0.2712048357787654,
377,v11plus+v12_5f+v13+v16_testhist_aug,4,CW,"0.253,0.127,0.252,0.368","0.108,0.192,0.117,0.583","0.044,0.407,0.376,0.173",1.0,1.0,0.33341388472241895,0.036148627380132275,0.6150175175317395,0.27082850834736844,0.0788524168056905,SN=2=0.1928;SN=3-4=0.2522;SN=5-8=0.2716;SN=9-12=0.2566;SN>=13=0.2458,0.27082850834736844,
378,v11+v13+v14_seed2+v16_testhist_aug,4,CW,"0.223,0.366,0.034,0.377","0.100,0.149,0.201,0.550","0.036,0.405,0.348,0.211",1.0,1.0,0.3358477567981842,0.0342727837532734,0.6133207304978606,0.27071236232015516,0.07838629842752948,SN=2=0.1937;SN=3-4=0.2515;SN=5-8=0.2721;SN=9-12=0.2574;SN>=13=0.2519,0.27071236232015516,
379,v11plus+v13+v14_seed1+v16_testhist_aug,4,CW,"0.271,0.293,0.051,0.385","0.072,0.127,0.239,0.562","0.024,0.361,0.606,0.008",1.0,1.0,0.33239874956288845,0.036605008170597725,0.6150040415680075,0.270602311406996,0.08051792170211675,SN=2=0.1910;SN=3-4=0.2519;SN=5-8=0.2715;SN=9-12=0.2583;SN>=13=0.2495,0.270602311406996,
380,v11+v12_5f+v14_seed0+v16_testhist_aug,4,CW,"0.262,0.299,0.087,0.352","0.299,0.093,0.195,0.413","0.002,0.496,0.382,0.120",1.0,1.0,0.3268396773635484,0.04305581718203509,0.6131890079647145,0.2705959994111763,0.08216541696280996,SN=2=0.1926;SN=3-4=0.2524;SN=5-8=0.2747;SN=9-12=0.2586;SN>=13=0.2466,0.2705959994111763,
381,v11+v12_5f+v16_testhist_aug,3,CW,"0.280,0.395,0.325","0.323,0.270,0.407","0.034,0.590,0.376",1.0,1.0,0.3269603232802188,0.04262512360431946,0.6128330174414961,0.2704007822421145,0.08177821780523664,SN=2=0.1930;SN=3-4=0.2526;SN=5-8=0.2748;SN=9-12=0.2580;SN>=13=0.2439,0.2704007822421145,
382,v11plus+v13+v14_avg3+v16_testhist_aug,4,CW,"0.287,0.316,0.133,0.264","0.041,0.121,0.242,0.596","0.028,0.283,0.647,0.041",1.0,1.0,0.33360368107723803,0.035098450814566085,0.6145839636912768,0.270397645494977,0.07837321361315736,SN=2=0.1928;SN=3-4=0.2522;SN=5-8=0.2712;SN=9-12=0.2572;SN>=13=0.2479,0.270397645494977,
383,v11plus+v13+v16_testhist_aug,3,CW,"0.223,0.401,0.376","0.059,0.334,0.607","0.035,0.487,0.478",1.0,1.0,0.3369451997985805,0.03212799487634536,0.6121880651439489,0.2700668908987601,0.07810802433610867,SN=2=0.1924;SN=3-4=0.2516;SN=5-8=0.2705;SN=9-12=0.2572;SN>=13=0.2484,0.2700668908987601,
384,v11+v12_5f+v13+v14_seed2+v16_testhist_aug,5,CW,"0.212,0.067,0.317,0.005,0.399","0.117,0.098,0.140,0.050,0.596","0.038,0.494,0.306,0.108,0.055",1.0,1.0,0.33566725139194187,0.031137923266608154,0.6150047395821701,0.269723017779854,0.07829242205573933,SN=2=0.1939;SN=3-4=0.2512;SN=5-8=0.2722;SN=9-12=0.2544;SN>=13=0.2462,0.269723017779854,
385,v11plus+v12_5f+v13+v14_seed0+v16_testhist_aug,5,CW,"0.289,0.065,0.274,0.050,0.322","0.046,0.205,0.096,0.048,0.606","0.041,0.516,0.290,0.100,0.052",1.0,1.0,0.3318699506186619,0.033839917287544395,0.6151564277130857,0.2693152327050997,0.07758502409193091,SN=2=0.1921;SN=3-4=0.2524;SN=5-8=0.2696;SN=9-12=0.2557;SN>=13=0.2438,0.2693152327050997,
386,v11+v12_5f+v13+v16_testhist_aug,4,CW,"0.232,0.114,0.334,0.320","0.098,0.141,0.149,0.613","0.032,0.362,0.345,0.261",1.0,1.0,0.335238087185827,0.03063552861520153,0.6147615509528821,0.26930175651098787,0.07654738188293375,SN=2=0.1942;SN=3-4=0.2511;SN=5-8=0.2707;SN=9-12=0.2551;SN>=13=0.2453,0.26930175651098787,
387,v11+v12_5f+v14_avg3+v16_testhist_aug,4,CW,"0.222,0.171,0.222,0.385","0.282,0.174,0.089,0.455","0.038,0.280,0.599,0.083",1.0,1.0,0.3282420019030961,0.03785816095263646,0.6139735519562535,0.26923477553354375,0.0778448391685641,SN=2=0.1929;SN=3-4=0.2512;SN=5-8=0.2708;SN=9-12=0.2550;SN>=13=0.2452,0.26923477553354375,
388,v11+v12_5f+v13+v14_avg3+v16_testhist_aug,5,CW,"0.267,0.041,0.343,0.008,0.342","0.063,0.064,0.162,0.101,0.609","0.030,0.371,0.255,0.327,0.018",1.0,1.0,0.33275368195351174,0.03187137373922042,0.615430381357843,0.26893609854866146,0.07688239528175328,SN=2=0.1932;SN=3-4=0.2498;SN=5-8=0.2701;SN=9-12=0.2561;SN>=13=0.2479,0.26893609854866146,
389,v11+v11plus+v13+v14_avg3+v16_testhist_aug,5,CW,"0.141,0.214,0.334,0.112,0.200","0.050,0.040,0.063,0.313,0.534","0.022,0.003,0.299,0.586,0.090",1.0,1.0,0.32821679585821045,0.0368268274112023,0.6143201514662351,0.2688814796010121,0.07880801546107319,SN=2=0.1904;SN=3-4=0.2506;SN=5-8=0.2692;SN=9-12=0.2564;SN>=13=0.2459,0.2688814796010121,
390,v11+v13+v16_testhist_aug,3,CW,"0.248,0.428,0.324","0.142,0.282,0.576","0.030,0.445,0.525",1.0,1.0,0.3353823244884604,0.030312350877179577,0.6119984127983018,0.26867755270591637,0.07737604279357194,SN=2=0.1937;SN=3-4=0.2490;SN=5-8=0.2710;SN=9-12=0.2570;SN>=13=0.2494,0.26867755270591637,
391,v11+v12_5f+v14_seed2+v16_testhist_aug,4,CW,"0.263,0.369,0.034,0.334","0.074,0.110,0.295,0.521","0.033,0.528,0.300,0.139",1.0,1.0,0.32761864276123975,0.03712661737280611,0.6134821268836745,0.2685945294303533,0.0793019000726217,SN=2=0.1923;SN=3-4=0.2507;SN=5-8=0.2716;SN=9-12=0.2552;SN>=13=0.2426,0.2685945294303533,
392,v11plus+v12_5f+v14_seed1+v16_testhist_aug,4,CW,"0.285,0.219,0.095,0.402","0.088,0.083,0.269,0.560","0.022,0.420,0.492,0.066",1.0,1.0,0.32662919060049656,0.037332792758702216,0.6145368196827241,0.26849215728022435,0.07879814073296659,SN=2=0.1903;SN=3-4=0.2511;SN=5-8=0.2691;SN=9-12=0.2555;SN>=13=0.2436,0.26849215728022435,
393,v11plus+v12_5f+v14_seed0+v16_testhist_aug,4,CW,"0.294,0.197,0.137,0.372","0.138,0.102,0.192,0.568","0.038,0.553,0.333,0.076",1.0,1.0,0.3263663475812077,0.03801870897948193,0.6135855604539537,0.2684711347150666,0.07818666871211255,SN=2=0.1899;SN=3-4=0.2507;SN=5-8=0.2681;SN=9-12=0.2559;SN>=13=0.2444,0.2684711347150666,
394,v11plus+v14_avg3+v16_testhist_aug,3,CW,"0.312,0.396,0.293","0.140,0.309,0.550","0.041,0.811,0.149",1.0,1.0,0.32433062838471005,0.039449964606689834,0.6130512743415195,0.2681224920648638,0.07657616921743429,SN=2=0.1901;SN=3-4=0.2493;SN=5-8=0.2666;SN=9-12=0.2560;SN>=13=0.2456,0.2681224920648638,
395,v11+v11plus+v13+v14_seed2+v16_testhist_aug,5,CW,"0.258,0.086,0.362,0.016,0.278","0.009,0.073,0.131,0.201,0.586","0.043,0.032,0.308,0.331,0.287",1.0,1.0,0.32809078157207044,0.0354679808942714,0.6133318970743101,0.2680898844013988,0.07790133603794208,SN=2=0.1910;SN=3-4=0.2482;SN=5-8=0.2689;SN=9-12=0.2569;SN>=13=0.2486,0.2680898844013988,
396,v11+v12_5f+v14_seed1+v16_testhist_aug,4,CW,"0.270,0.356,0.009,0.365","0.229,0.200,0.091,0.479","0.016,0.408,0.558,0.019",1.0,1.0,0.3268129829810725,0.03608444846546318,0.6143434755352207,0.26802766768565844,0.07980316944047178,SN=2=0.1917;SN=3-4=0.2502;SN=5-8=0.2715;SN=9-12=0.2560;SN>=13=0.2424,0.26802766768565844,
397,v11+v11plus+v12_5f+v14_seed1+v16_testhist_aug,5,CW,"0.164,0.210,0.109,0.257,0.260","0.271,0.016,0.105,0.188,0.420","0.043,0.042,0.400,0.407,0.108",1.0,1.0,0.3209309938228395,0.04202298464007379,0.6139835085589803,0.2679782930969614,0.07947802118017988,SN=2=0.1897;SN=3-4=0.2503;SN=5-8=0.2692;SN=9-12=0.2555;SN>=13=0.2405,0.2679782930969614,
398,v11plus+v14_seed1+v16_testhist_aug,3,CW,"0.312,0.352,0.336","0.072,0.387,0.541","0.041,0.845,0.113",1.0,1.0,0.32481827025073606,0.03780423528582756,0.6132659962040966,0.26770220145544477,0.07787496512618564,SN=2=0.1895;SN=3-4=0.2499;SN=5-8=0.2674;SN=9-12=0.2559;SN>=13=0.2438,0.26770220145544477,
399,v11plus+v12_5f+v14_avg3+v16_testhist_aug,4,CW,"0.353,0.316,0.068,0.263","0.141,0.075,0.207,0.577","0.028,0.392,0.462,0.118",1.0,1.0,0.3239160876000246,0.03782161570271282,0.6142616259489758,0.26754740651089015,0.07721530158593382,SN=2=0.1892;SN=3-4=0.2495;SN=5-8=0.2664;SN=9-12=0.2562;SN>=13=0.2455,0.26754740651089015,
400,v11+v11plus+v12_5f+v14_avg3+v16_testhist_aug,5,CW,"0.190,0.149,0.252,0.134,0.275","0.152,0.033,0.068,0.296,0.451","0.026,0.004,0.249,0.556,0.165",1.0,1.0,0.3229641182891882,0.03887461707908659,0.6139108787827352,0.26751766990385695,0.07996604164078897,SN=2=0.1895;SN=3-4=0.2495;SN=5-8=0.2695;SN=9-12=0.2549;SN>=13=0.2422,0.26751766990385695,
401,v11plus+v14_seed2+v16_testhist_aug,3,CW,"0.300,0.359,0.341","0.077,0.363,0.560","0.038,0.711,0.251",1.0,1.0,0.3240968913796837,0.03885905758162418,0.6115542893237615,0.26749323744927544,0.07625935712578455,SN=2=0.1895;SN=3-4=0.2492;SN=5-8=0.2658;SN=9-12=0.2553;SN>=13=0.2441,0.26749323744927544,
402,v11plus+v12_5f+v14_seed2+v16_testhist_aug,4,CW,"0.329,0.284,0.125,0.263","0.116,0.105,0.170,0.609","0.038,0.472,0.428,0.062",1.0,1.0,0.3247849692843916,0.0365021181841066,0.6137540100006056,0.26726563698752037,0.07523075809754082,SN=2=0.1904;SN=3-4=0.2500;SN=5-8=0.2656;SN=9-12=0.2545;SN>=13=0.2426,0.26726563698752037,
403,v11+v14_seed0+v16_testhist_aug,3,CW,"0.349,0.292,0.359","0.291,0.292,0.417","0.030,0.721,0.249",1.0,1.0,0.3194765025844603,0.04308284853235868,0.6108112194195869,0.267185984330645,0.08299054424555885,SN=2=0.1880;SN=3-4=0.2484;SN=5-8=0.2710;SN=9-12=0.2578;SN>=13=0.2450,0.267185984330645,
404,v11plus+v12_5f+v16_testhist_aug,3,CW,"0.277,0.316,0.407","0.092,0.272,0.636","0.036,0.581,0.383",1.0,1.0,0.32716770712533594,0.0337150534564533,0.6130855244773468,0.26697020912818503,0.07802707967711489,SN=2=0.1901;SN=3-4=0.2509;SN=5-8=0.2681;SN=9-12=0.2532;SN>=13=0.2382,0.26697020912818503,
405,v11+v11plus+v12_5f+v13+v14_seed1+v16_testhist_aug,6,CW,"0.190,0.220,0.038,0.333,0.010,0.208","0.015,0.055,0.207,0.106,0.035,0.582","0.003,0.052,0.448,0.310,0.111,0.076",1.0,1.0,0.3244053991822436,0.03426872854170674,0.6154067491230302,0.2665510009141862,0.076724801218711,SN=2=0.1892;SN=3-4=0.2491;SN=5-8=0.2659;SN=9-12=0.2553;SN>=13=0.2425,0.2665510009141862,
406,v11plus+v14_seed0+v16_testhist_aug,3,CW,"0.303,0.345,0.352","0.031,0.381,0.588","0.049,0.695,0.256",1.0,1.0,0.3245536646953665,0.03486115158610746,0.6110858908803272,0.26598310468865505,0.0784073149571245,SN=2=0.1881;SN=3-4=0.2491;SN=5-8=0.2665;SN=9-12=0.2543;SN>=13=0.2424,0.26598310468865505,
407,v11+v14_seed1+v16_testhist_aug,3,CW,"0.351,0.262,0.386","0.119,0.397,0.484","0.040,0.762,0.198",1.0,1.0,0.31961633147424146,0.03725713663237372,0.6129247852644413,0.2653343442955343,0.08024047621317931,SN=2=0.1877;SN=3-4=0.2470;SN=5-8=0.2680;SN=9-12=0.2553;SN>=13=0.2425,0.2653343442955343,
408,v11+v11plus+v12_5f+v14_seed2+v16_testhist_aug,5,CW,"0.134,0.187,0.190,0.197,0.291","0.046,0.025,0.104,0.200,0.625","0.031,0.024,0.406,0.396,0.144",1.0,1.0,0.3237812452492718,0.03259103322297425,0.6136343925676798,0.2652757899024344,0.07642344517102459,SN=2=0.1891;SN=3-4=0.2481;SN=5-8=0.2655;SN=9-12=0.2519;SN>=13=0.2368,0.2652757899024344,
409,v11+v11plus+v14_avg3+v16_testhist_aug,4,CW,"0.190,0.223,0.293,0.294","0.103,0.047,0.322,0.528","0.008,0.043,0.739,0.210",1.0,1.0,0.3172094788169283,0.03582238975599518,0.6129565902880099,0.2638040654867714,0.07856959010945147,SN=2=0.1856;SN=3-4=0.2453;SN=5-8=0.2642;SN=9-12=0.2534;SN>=13=0.2383,0.2638040654867714,
410,v11+v14_seed2+v16_testhist_aug,3,CW,"0.378,0.289,0.334","0.074,0.367,0.559","0.034,0.623,0.343",1.0,1.0,0.3177105921563179,0.03530188970084533,0.6112395901336084,0.263452910769587,0.08029574419156688,SN=2=0.1862;SN=3-4=0.2448;SN=5-8=0.2665;SN=9-12=0.2525;SN>=13=0.2407,0.263452910769587,
411,v11+v11plus+v14_seed2+v16_testhist_aug,4,CW,"0.187,0.217,0.285,0.311","0.141,0.032,0.260,0.566","0.004,0.042,0.494,0.460",1.0,1.0,0.31738422212436684,0.03347136901203732,0.6114208898239659,0.26262641441935486,0.07684777444351915,SN=2=0.1852;SN=3-4=0.2443;SN=5-8=0.2621;SN=9-12=0.2514;SN>=13=0.2371,0.26262641441935486,
412,v11+v11plus+v16_testhist_aug,3,CW,"0.215,0.179,0.606","0.176,0.135,0.689","0.002,0.048,0.950",1.0,1.0,0.31330690372894293,0.029138114415135075,0.6082067425244035,0.25861935576251194,0.07766428717341528,SN=2=0.1830;SN=3-4=0.2402;SN=5-8=0.2607;SN=9-12=0.2476;SN>=13=0.2341,0.25861935576251194,
